gutenberg_id,short_title,gutenberg_title,genre,year,author,section,class,act,scene,character,line_number,text
1501,"King Henry VI, the second part","King Henry VI, the second part",NA,NA,William Shakespeare,front_matter,unknown,NA,NA,NA,NA,THE SECOND PART OF
1501,"King Henry VI, the second part","King Henry VI, the second part",NA,NA,William Shakespeare,front_matter,unknown,NA,NA,NA,NA,KING HENRY VI
1501,"King Henry VI, the second part","King Henry VI, the second part",NA,NA,William Shakespeare,front_matter,directions,NA,NA,NA,NA,by William Shakespeare
1501,"King Henry VI, the second part","King Henry VI, the second part",NA,NA,William Shakespeare,contents,directions,NA,NA,NA,NA,Contents
1501,"King Henry VI, the second part","King Henry VI, the second part",NA,NA,William Shakespeare,contents,reference,ACT I,NA,NA,NA,ACT I
1501,"King Henry VI, the second part","King Henry VI, the second part",NA,NA,William Shakespeare,contents,directions,ACT I,NA,NA,NA,Scene I. London. The palace
1501,"King Henry VI, the second part","King Henry VI, the second part",NA,NA,William Shakespeare,contents,directions,ACT I,NA,NA,NA,Scene II. The Duke of Gloucester’s House
1501,"King Henry VI, the second part","King Henry VI, the second part",NA,NA,William Shakespeare,contents,directions,ACT I,NA,NA,NA,Scene III. London. The palace
1501,"King Henry VI, the second part","King Henry VI, the second part",NA,NA,William Shakespeare,contents,directions,ACT I,NA,NA,NA,Scene IV. Gloucester’s Garden
1501,"King Henry VI, the second part","King Henry VI, the second part",NA,NA,William Shakespeare,contents,reference,ACT II,NA,NA,NA,ACT II
1501,"King Henry VI, the second part","King Henry VI, the second part",NA,NA,William Shakespeare,contents,reference,ACT II,SCENE I. Saint Albans,NA,NA,SCENE I. Saint Albans
1501,"King Henry VI, the second part","King Henry VI, the second part",NA,NA,William Shakespeare,contents,reference,ACT II,SCENE II. London. The Duke of York’s Garden,NA,NA,SCENE II. London. The Duke of York’s Garden
1501,"King Henry VI, the second part","King Henry VI, the second part",NA,NA,William Shakespeare,contents,reference,ACT II,SCENE III. A Hall of Justice,NA,NA,SCENE III. A Hall of Justice
1501,"King Henry VI, the second part","King Henry VI, the second part",NA,NA,William Shakespeare,contents,reference,ACT II,SCENE IV. A Street,NA,NA,SCENE IV. A Street
1501,"King Henry VI, the second part","King Henry VI, the second part",NA,NA,William Shakespeare,contents,reference,ACT III,SCENE IV. A Street,NA,NA,ACT III
1501,"King Henry VI, the second part","King Henry VI, the second part",NA,NA,William Shakespeare,contents,reference,ACT III,SCENE I. The Abbey at Bury St. Edmund’s,NA,NA,SCENE I. The Abbey at Bury St. Edmund’s
1501,"King Henry VI, the second part","King Henry VI, the second part",NA,NA,William Shakespeare,contents,reference,ACT III,SCENE II. Bury St. Edmund’s. A Room of State,NA,NA,SCENE II. Bury St. Edmund’s. A Room of State
1501,"King Henry VI, the second part","King Henry VI, the second part",NA,NA,William Shakespeare,contents,reference,ACT III,SCENE III. A Bedchamber,NA,NA,SCENE III. A Bedchamber
1501,"King Henry VI, the second part","King Henry VI, the second part",NA,NA,William Shakespeare,contents,reference,ACT IV,SCENE III. A Bedchamber,NA,NA,ACT IV
1501,"King Henry VI, the second part","King Henry VI, the second part",NA,NA,William Shakespeare,contents,reference,ACT IV,SCENE I. The Coast of Kent,NA,NA,SCENE I. The Coast of Kent
1501,"King Henry VI, the second part","King Henry VI, the second part",NA,NA,William Shakespeare,contents,reference,ACT IV,SCENE II. Blackheath,NA,NA,SCENE II. Blackheath
1501,"King Henry VI, the second part","King Henry VI, the second part",NA,NA,William Shakespeare,contents,reference,ACT IV,SCENE III. Another part of Blackheath,NA,NA,SCENE III. Another part of Blackheath
1501,"King Henry VI, the second part","King Henry VI, the second part",NA,NA,William Shakespeare,contents,reference,ACT IV,SCENE IV. London. The Palace,NA,NA,SCENE IV. London. The Palace
1501,"King Henry VI, the second part","King Henry VI, the second part",NA,NA,William Shakespeare,contents,reference,ACT IV,SCENE V. London. The Tower,NA,NA,SCENE V. London. The Tower
1501,"King Henry VI, the second part","King Henry VI, the second part",NA,NA,William Shakespeare,contents,reference,ACT IV,SCENE VI. London. Cannon Street,NA,NA,SCENE VI. London. Cannon Street
1501,"King Henry VI, the second part","King Henry VI, the second part",NA,NA,William Shakespeare,contents,reference,ACT IV,SCENE VII. London. Smithfield,NA,NA,SCENE VII. London. Smithfield
1501,"King Henry VI, the second part","King Henry VI, the second part",NA,NA,William Shakespeare,contents,reference,ACT IV,SCENE VIII. Southwark,NA,NA,SCENE VIII. Southwark
1501,"King Henry VI, the second part","King Henry VI, the second part",NA,NA,William Shakespeare,contents,reference,ACT IV,SCENE IX. Kenilworth Castle,NA,NA,SCENE IX. Kenilworth Castle
1501,"King Henry VI, the second part","King Henry VI, the second part",NA,NA,William Shakespeare,contents,reference,ACT IV,SCENE X. Kent. Iden’s Garden,NA,NA,SCENE X. Kent. Iden’s Garden
1501,"King Henry VI, the second part","King Henry VI, the second part",NA,NA,William Shakespeare,contents,reference,ACT V,SCENE X. Kent. Iden’s Garden,NA,NA,ACT V
1501,"King Henry VI, the second part","King Henry VI, the second part",NA,NA,William Shakespeare,contents,reference,ACT V,SCENE I. Fields between Dartford and Blackheath,NA,NA,SCENE I. Fields between Dartford and Blackheath
1501,"King Henry VI, the second part","King Henry VI, the second part",NA,NA,William Shakespeare,contents,reference,ACT V,SCENE II. Saint Albans,NA,NA,SCENE II. Saint Albans
1501,"King Henry VI, the second part","King Henry VI, the second part",NA,NA,William Shakespeare,contents,reference,ACT V,SCENE III. Fields near Saint Albans,NA,NA,SCENE III. Fields near Saint Albans
1501,"King Henry VI, the second part","King Henry VI, the second part",NA,NA,William Shakespeare,contents,directions,ACT V,SCENE III. Fields near Saint Albans,NA,NA,Dramatis Personæ
1501,"King Henry VI, the second part","King Henry VI, the second part",NA,NA,William Shakespeare,contents,unknown,ACT V,SCENE III. Fields near Saint Albans,NA,NA,KING HENRY THE SIXTH
1501,"King Henry VI, the second part","King Henry VI, the second part",NA,NA,William Shakespeare,contents,directions,ACT V,SCENE III. Fields near Saint Albans,NA,NA,"MARGARET, Queen to King Henry"
1501,"King Henry VI, the second part","King Henry VI, the second part",NA,NA,William Shakespeare,contents,directions,ACT V,SCENE III. Fields near Saint Albans,NA,NA,"Humphrey, Duke of GLOUCESTER, his uncle"
1501,"King Henry VI, the second part","King Henry VI, the second part",NA,NA,William Shakespeare,contents,directions,ACT V,SCENE III. Fields near Saint Albans,NA,NA,"ELEANOR, Duchess of Gloucester"
1501,"King Henry VI, the second part","King Henry VI, the second part",NA,NA,William Shakespeare,contents,directions,ACT V,SCENE III. Fields near Saint Albans,NA,NA,"CARDINAL Beaufort, Bishop of Winchester, great-uncle to the King"
1501,"King Henry VI, the second part","King Henry VI, the second part",NA,NA,William Shakespeare,contents,unknown,ACT V,SCENE III. Fields near Saint Albans,NA,NA,DUKE OF SOMERSET
1501,"King Henry VI, the second part","King Henry VI, the second part",NA,NA,William Shakespeare,contents,unknown,ACT V,SCENE III. Fields near Saint Albans,NA,NA,DUKE OF SUFFOLK
1501,"King Henry VI, the second part","King Henry VI, the second part",NA,NA,William Shakespeare,contents,unknown,ACT V,SCENE III. Fields near Saint Albans,NA,NA,DUKE OF BUCKINGHAM
1501,"King Henry VI, the second part","King Henry VI, the second part",NA,NA,William Shakespeare,contents,unknown,ACT V,SCENE III. Fields near Saint Albans,NA,NA,LORD CLIFFORD
1501,"King Henry VI, the second part","King Henry VI, the second part",NA,NA,William Shakespeare,contents,directions,ACT V,SCENE III. Fields near Saint Albans,NA,NA,"YOUNG CLIFFORD, his son"
1501,"King Henry VI, the second part","King Henry VI, the second part",NA,NA,William Shakespeare,contents,unknown,ACT V,SCENE III. Fields near Saint Albans,NA,NA,VAUX
1501,"King Henry VI, the second part","King Henry VI, the second part",NA,NA,William Shakespeare,contents,directions,ACT V,SCENE III. Fields near Saint Albans,NA,NA,"Richard Plantagenet, Duke of YORK"
1501,"King Henry VI, the second part","King Henry VI, the second part",NA,NA,William Shakespeare,contents,directions,ACT V,SCENE III. Fields near Saint Albans,NA,NA,"EDWARD and RICHARD, his sons"
1501,"King Henry VI, the second part","King Henry VI, the second part",NA,NA,William Shakespeare,contents,unknown,ACT V,SCENE III. Fields near Saint Albans,NA,NA,EARL OF SALISBURY
1501,"King Henry VI, the second part","King Henry VI, the second part",NA,NA,William Shakespeare,contents,unknown,ACT V,SCENE III. Fields near Saint Albans,NA,NA,EARL OF WARWICK
1501,"King Henry VI, the second part","King Henry VI, the second part",NA,NA,William Shakespeare,contents,directions,ACT V,SCENE III. Fields near Saint Albans,NA,NA,"THOMAS HORNER, an armourer"
1501,"King Henry VI, the second part","King Henry VI, the second part",NA,NA,William Shakespeare,contents,directions,ACT V,SCENE III. Fields near Saint Albans,NA,NA,"PETER THUMP, his man"
1501,"King Henry VI, the second part","King Henry VI, the second part",NA,NA,William Shakespeare,contents,directions,ACT V,SCENE III. Fields near Saint Albans,NA,NA,"JOHN HUME, a priest"
1501,"King Henry VI, the second part","King Henry VI, the second part",NA,NA,William Shakespeare,contents,directions,ACT V,SCENE III. Fields near Saint Albans,NA,NA,"JOHN SOUTHWELL, a priest"
1501,"King Henry VI, the second part","King Henry VI, the second part",NA,NA,William Shakespeare,contents,directions,ACT V,SCENE III. Fields near Saint Albans,NA,NA,"Margery JOURDAIN, a witch"
1501,"King Henry VI, the second part","King Henry VI, the second part",NA,NA,William Shakespeare,contents,directions,ACT V,SCENE III. Fields near Saint Albans,NA,NA,"ROGER BOLINGBROKE, a conjurer"
1501,"King Henry VI, the second part","King Henry VI, the second part",NA,NA,William Shakespeare,contents,directions,ACT V,SCENE III. Fields near Saint Albans,NA,NA,"SIMPCOX, an impostor"
1501,"King Henry VI, the second part","King Henry VI, the second part",NA,NA,William Shakespeare,contents,directions,ACT V,SCENE III. Fields near Saint Albans,NA,NA,Wife to Simpcox
1501,"King Henry VI, the second part","King Henry VI, the second part",NA,NA,William Shakespeare,contents,directions,ACT V,SCENE III. Fields near Saint Albans,NA,NA,Mayor of Saint Albans
1501,"King Henry VI, the second part","King Henry VI, the second part",NA,NA,William Shakespeare,contents,unknown,ACT V,SCENE III. Fields near Saint Albans,NA,NA,SIR JOHN STANLEY
1501,"King Henry VI, the second part","King Henry VI, the second part",NA,NA,William Shakespeare,contents,directions,ACT V,SCENE III. Fields near Saint Albans,NA,NA,Two Murderers
1501,"King Henry VI, the second part","King Henry VI, the second part",NA,NA,William Shakespeare,contents,unknown,ACT V,SCENE III. Fields near Saint Albans,NA,NA,A LIEUTENANT
1501,"King Henry VI, the second part","King Henry VI, the second part",NA,NA,William Shakespeare,contents,unknown,ACT V,SCENE III. Fields near Saint Albans,NA,NA,MASTER
1501,"King Henry VI, the second part","King Henry VI, the second part",NA,NA,William Shakespeare,contents,directions,ACT V,SCENE III. Fields near Saint Albans,NA,NA,Master’s-Mate
1501,"King Henry VI, the second part","King Henry VI, the second part",NA,NA,William Shakespeare,contents,directions,ACT V,SCENE III. Fields near Saint Albans,NA,NA,Walter WHITMORE
1501,"King Henry VI, the second part","King Henry VI, the second part",NA,NA,William Shakespeare,contents,directions,ACT V,SCENE III. Fields near Saint Albans,NA,NA,"Two Gentlemen, prisoners with Suffolk"
1501,"King Henry VI, the second part","King Henry VI, the second part",NA,NA,William Shakespeare,contents,directions,ACT V,SCENE III. Fields near Saint Albans,NA,NA,"Jack CADE, a rebel"
1501,"King Henry VI, the second part","King Henry VI, the second part",NA,NA,William Shakespeare,contents,directions,ACT V,SCENE III. Fields near Saint Albans,NA,NA,George BEVIS
1501,"King Henry VI, the second part","King Henry VI, the second part",NA,NA,William Shakespeare,contents,directions,ACT V,SCENE III. Fields near Saint Albans,NA,NA,John HOLLAND
1501,"King Henry VI, the second part","King Henry VI, the second part",NA,NA,William Shakespeare,contents,directions,ACT V,SCENE III. Fields near Saint Albans,NA,NA,DICK the butcher
1501,"King Henry VI, the second part","King Henry VI, the second part",NA,NA,William Shakespeare,contents,directions,ACT V,SCENE III. Fields near Saint Albans,NA,NA,SMITH the weaver
1501,"King Henry VI, the second part","King Henry VI, the second part",NA,NA,William Shakespeare,contents,directions,ACT V,SCENE III. Fields near Saint Albans,NA,NA,"MICHAEL, etc., followers of Cade"
1501,"King Henry VI, the second part","King Henry VI, the second part",NA,NA,William Shakespeare,contents,directions,ACT V,SCENE III. Fields near Saint Albans,NA,NA,CLERK of Chartham
1501,"King Henry VI, the second part","King Henry VI, the second part",NA,NA,William Shakespeare,contents,unknown,ACT V,SCENE III. Fields near Saint Albans,NA,NA,SIR HUMPHREY STAFFORD
1501,"King Henry VI, the second part","King Henry VI, the second part",NA,NA,William Shakespeare,contents,directions,ACT V,SCENE III. Fields near Saint Albans,NA,NA,"WILLIAM STAFFORD, his brother"
1501,"King Henry VI, the second part","King Henry VI, the second part",NA,NA,William Shakespeare,contents,unknown,ACT V,SCENE III. Fields near Saint Albans,NA,NA,LORD SCALES
1501,"King Henry VI, the second part","King Henry VI, the second part",NA,NA,William Shakespeare,contents,unknown,ACT V,SCENE III. Fields near Saint Albans,NA,NA,LORD SAYE
1501,"King Henry VI, the second part","King Henry VI, the second part",NA,NA,William Shakespeare,contents,unknown,ACT V,SCENE III. Fields near Saint Albans,NA,NA,MATTHEW GOUGH
1501,"King Henry VI, the second part","King Henry VI, the second part",NA,NA,William Shakespeare,contents,directions,ACT V,SCENE III. Fields near Saint Albans,NA,NA,"Alexander IDEN, a Kentish gentleman"
1501,"King Henry VI, the second part","King Henry VI, the second part",NA,NA,William Shakespeare,contents,directions,ACT V,SCENE III. Fields near Saint Albans,NA,NA,"Lords, Ladies, and Attendants, Petitioners, Aldermen, a Herald, a"
1501,"King Henry VI, the second part","King Henry VI, the second part",NA,NA,William Shakespeare,contents,directions,ACT V,SCENE III. Fields near Saint Albans,NA,NA,"Beadle, Sheriff, and Officers, Citizens, Prentices, Falconers, Guards,"
1501,"King Henry VI, the second part","King Henry VI, the second part",NA,NA,William Shakespeare,contents,directions,ACT V,SCENE III. Fields near Saint Albans,NA,NA,"Soldiers, Messengers, &c."
1501,"King Henry VI, the second part","King Henry VI, the second part",NA,NA,William Shakespeare,contents,directions,ACT V,SCENE III. Fields near Saint Albans,NA,NA,A Spirit
1501,"King Henry VI, the second part","King Henry VI, the second part",NA,NA,William Shakespeare,contents,directions,ACT V,SCENE III. Fields near Saint Albans,NA,NA,SCENE: England.
1501,"King Henry VI, the second part","King Henry VI, the second part",NA,NA,William Shakespeare,contents,reference,ACT I,SCENE III. Fields near Saint Albans,NA,NA,ACT I
1501,"King Henry VI, the second part","King Henry VI, the second part",NA,NA,William Shakespeare,contents,reference,ACT I,SCENE I. London. The palace,NA,NA,SCENE I. London. The palace
1501,"King Henry VI, the second part","King Henry VI, the second part",NA,NA,William Shakespeare,contents,directions,ACT I,SCENE I. London. The palace,NA,NA,"Flourish of trumpets, then hautboys. Enter the King, Gloucester,"
1501,"King Henry VI, the second part","King Henry VI, the second part",NA,NA,William Shakespeare,contents,directions,ACT I,SCENE I. London. The palace,NA,NA,"Salisbury, Warwick, and Cardinal Beaufort on the one side; the Queen,"
1501,"King Henry VI, the second part","King Henry VI, the second part",NA,NA,William Shakespeare,contents,directions,ACT I,SCENE I. London. The palace,NA,NA,"Suffolk, York, Somerset and Buckingham on the other."
1501,"King Henry VI, the second part","King Henry VI, the second part",NA,NA,William Shakespeare,contents,unknown,ACT I,SCENE I. London. The palace,NA,NA,SUFFOLK.
1501,"King Henry VI, the second part","King Henry VI, the second part",NA,NA,William Shakespeare,contents,directions,ACT I,SCENE I. London. The palace,NA,NA,As by your high imperial Majesty
1501,"King Henry VI, the second part","King Henry VI, the second part",NA,NA,William Shakespeare,contents,directions,ACT I,SCENE I. London. The palace,NA,NA,"I had in charge at my depart for France,"
1501,"King Henry VI, the second part","King Henry VI, the second part",NA,NA,William Shakespeare,contents,directions,ACT I,SCENE I. London. The palace,NA,NA,"As procurator to your excellence,"
1501,"King Henry VI, the second part","King Henry VI, the second part",NA,NA,William Shakespeare,contents,directions,ACT I,SCENE I. London. The palace,NA,NA,"To marry Princess Margaret for your grace,"
1501,"King Henry VI, the second part","King Henry VI, the second part",NA,NA,William Shakespeare,contents,directions,ACT I,SCENE I. London. The palace,NA,NA,"So, in the famous ancient city Tours,"
1501,"King Henry VI, the second part","King Henry VI, the second part",NA,NA,William Shakespeare,contents,directions,ACT I,SCENE I. London. The palace,NA,NA,"In presence of the Kings of France and Sicil,"
1501,"King Henry VI, the second part","King Henry VI, the second part",NA,NA,William Shakespeare,contents,directions,ACT I,SCENE I. London. The palace,NA,NA,"The Dukes of Orleans, Calaber, Bretagne, and Alençon,"
1501,"King Henry VI, the second part","King Henry VI, the second part",NA,NA,William Shakespeare,contents,directions,ACT I,SCENE I. London. The palace,NA,NA,"Seven earls, twelve barons, and twenty reverend bishops,"
1501,"King Henry VI, the second part","King Henry VI, the second part",NA,NA,William Shakespeare,contents,directions,ACT I,SCENE I. London. The palace,NA,NA,"I have performed my task and was espoused,"
1501,"King Henry VI, the second part","King Henry VI, the second part",NA,NA,William Shakespeare,contents,directions,ACT I,SCENE I. London. The palace,NA,NA,"And humbly now upon my bended knee,"
1501,"King Henry VI, the second part","King Henry VI, the second part",NA,NA,William Shakespeare,contents,directions,ACT I,SCENE I. London. The palace,NA,NA,"In sight of England and her lordly peers,"
1501,"King Henry VI, the second part","King Henry VI, the second part",NA,NA,William Shakespeare,contents,directions,ACT I,SCENE I. London. The palace,NA,NA,Deliver up my title in the Queen
1501,"King Henry VI, the second part","King Henry VI, the second part",NA,NA,William Shakespeare,contents,directions,ACT I,SCENE I. London. The palace,NA,NA,"To your most gracious hands, that are the substance"
1501,"King Henry VI, the second part","King Henry VI, the second part",NA,NA,William Shakespeare,contents,directions,ACT I,SCENE I. London. The palace,NA,NA,Of that great shadow I did represent:
1501,"King Henry VI, the second part","King Henry VI, the second part",NA,NA,William Shakespeare,contents,directions,ACT I,SCENE I. London. The palace,NA,NA,"The happiest gift that ever marquess gave,"
1501,"King Henry VI, the second part","King Henry VI, the second part",NA,NA,William Shakespeare,contents,directions,ACT I,SCENE I. London. The palace,NA,NA,The fairest queen that ever king received.
1501,"King Henry VI, the second part","King Henry VI, the second part",NA,NA,William Shakespeare,contents,unknown,ACT I,SCENE I. London. The palace,NA,NA,KING HENRY.
1501,"King Henry VI, the second part","King Henry VI, the second part",NA,NA,William Shakespeare,contents,directions,ACT I,SCENE I. London. The palace,NA,NA,"Suffolk, arise.—Welcome, Queen Margaret."
1501,"King Henry VI, the second part","King Henry VI, the second part",NA,NA,William Shakespeare,contents,directions,ACT I,SCENE I. London. The palace,NA,NA,I can express no kinder sign of love
1501,"King Henry VI, the second part","King Henry VI, the second part",NA,NA,William Shakespeare,contents,directions,ACT I,SCENE I. London. The palace,NA,NA,"Than this kind kiss.—O Lord, that lends me life,"
1501,"King Henry VI, the second part","King Henry VI, the second part",NA,NA,William Shakespeare,contents,directions,ACT I,SCENE I. London. The palace,NA,NA,Lend me a heart replete with thankfulness!
1501,"King Henry VI, the second part","King Henry VI, the second part",NA,NA,William Shakespeare,contents,directions,ACT I,SCENE I. London. The palace,NA,NA,For Thou hast given me in this beauteous face
1501,"King Henry VI, the second part","King Henry VI, the second part",NA,NA,William Shakespeare,contents,directions,ACT I,SCENE I. London. The palace,NA,NA,"A world of earthly blessings to my soul,"
1501,"King Henry VI, the second part","King Henry VI, the second part",NA,NA,William Shakespeare,contents,directions,ACT I,SCENE I. London. The palace,NA,NA,If sympathy of love unite our thoughts.
1501,"King Henry VI, the second part","King Henry VI, the second part",NA,NA,William Shakespeare,contents,unknown,ACT I,SCENE I. London. The palace,NA,NA,QUEEN MARGARET.
1501,"King Henry VI, the second part","King Henry VI, the second part",NA,NA,William Shakespeare,contents,directions,ACT I,SCENE I. London. The palace,NA,NA,"Great King of England and my gracious lord,"
1501,"King Henry VI, the second part","King Henry VI, the second part",NA,NA,William Shakespeare,contents,directions,ACT I,SCENE I. London. The palace,NA,NA,The mutual conference that my mind hath had
1501,"King Henry VI, the second part","King Henry VI, the second part",NA,NA,William Shakespeare,contents,directions,ACT I,SCENE I. London. The palace,NA,NA,"By day, by night, waking and in my dreams,"
1501,"King Henry VI, the second part","King Henry VI, the second part",NA,NA,William Shakespeare,contents,directions,ACT I,SCENE I. London. The palace,NA,NA,"In courtly company or at my beads,"
1501,"King Henry VI, the second part","King Henry VI, the second part",NA,NA,William Shakespeare,contents,directions,ACT I,SCENE I. London. The palace,NA,NA,"With you, mine alderliefest sovereign,"
1501,"King Henry VI, the second part","King Henry VI, the second part",NA,NA,William Shakespeare,contents,directions,ACT I,SCENE I. London. The palace,NA,NA,Makes me the bolder to salute my King
1501,"King Henry VI, the second part","King Henry VI, the second part",NA,NA,William Shakespeare,contents,directions,ACT I,SCENE I. London. The palace,NA,NA,"With ruder terms, such as my wit affords"
1501,"King Henry VI, the second part","King Henry VI, the second part",NA,NA,William Shakespeare,contents,directions,ACT I,SCENE I. London. The palace,NA,NA,And overjoy of heart doth minister.
1501,"King Henry VI, the second part","King Henry VI, the second part",NA,NA,William Shakespeare,contents,unknown,ACT I,SCENE I. London. The palace,NA,NA,KING HENRY.
1501,"King Henry VI, the second part","King Henry VI, the second part",NA,NA,William Shakespeare,contents,directions,ACT I,SCENE I. London. The palace,NA,NA,"Her sight did ravish, but her grace in speech,"
1501,"King Henry VI, the second part","King Henry VI, the second part",NA,NA,William Shakespeare,contents,directions,ACT I,SCENE I. London. The palace,NA,NA,"Her words yclad with wisdom’s majesty,"
1501,"King Henry VI, the second part","King Henry VI, the second part",NA,NA,William Shakespeare,contents,directions,ACT I,SCENE I. London. The palace,NA,NA,"Makes me from wondering fall to weeping joys,"
1501,"King Henry VI, the second part","King Henry VI, the second part",NA,NA,William Shakespeare,contents,directions,ACT I,SCENE I. London. The palace,NA,NA,Such is the fulness of my heart’s content.
1501,"King Henry VI, the second part","King Henry VI, the second part",NA,NA,William Shakespeare,contents,directions,ACT I,SCENE I. London. The palace,NA,NA,"Lords, with one cheerful voice welcome my love."
1501,"King Henry VI, the second part","King Henry VI, the second part",NA,NA,William Shakespeare,contents,unknown,ACT I,SCENE I. London. The palace,NA,NA,ALL.
1501,"King Henry VI, the second part","King Henry VI, the second part",NA,NA,William Shakespeare,contents,directions,ACT I,SCENE I. London. The palace,NA,NA,"[Kneeling.] Long live Queen Margaret, England’s happiness!"
1501,"King Henry VI, the second part","King Henry VI, the second part",NA,NA,William Shakespeare,contents,unknown,ACT I,SCENE I. London. The palace,NA,NA,QUEEN MARGARET.
1501,"King Henry VI, the second part","King Henry VI, the second part",NA,NA,William Shakespeare,contents,directions,ACT I,SCENE I. London. The palace,NA,NA,We thank you all.
1501,"King Henry VI, the second part","King Henry VI, the second part",NA,NA,William Shakespeare,contents,directions,ACT I,SCENE I. London. The palace,NA,NA,[Flourish.]
1501,"King Henry VI, the second part","King Henry VI, the second part",NA,NA,William Shakespeare,contents,unknown,ACT I,SCENE I. London. The palace,NA,NA,SUFFOLK.
1501,"King Henry VI, the second part","King Henry VI, the second part",NA,NA,William Shakespeare,contents,directions,ACT I,SCENE I. London. The palace,NA,NA,"My Lord Protector, so it please your grace,"
1501,"King Henry VI, the second part","King Henry VI, the second part",NA,NA,William Shakespeare,contents,directions,ACT I,SCENE I. London. The palace,NA,NA,Here are the articles of contracted peace
1501,"King Henry VI, the second part","King Henry VI, the second part",NA,NA,William Shakespeare,contents,directions,ACT I,SCENE I. London. The palace,NA,NA,"Between our sovereign and the French king Charles,"
1501,"King Henry VI, the second part","King Henry VI, the second part",NA,NA,William Shakespeare,contents,directions,ACT I,SCENE I. London. The palace,NA,NA,For eighteen months concluded by consent.
1501,"King Henry VI, the second part","King Henry VI, the second part",NA,NA,William Shakespeare,contents,unknown,ACT I,SCENE I. London. The palace,NA,NA,GLOUCESTER.
1501,"King Henry VI, the second part","King Henry VI, the second part",NA,NA,William Shakespeare,contents,directions,ACT I,SCENE I. London. The palace,NA,NA,"[Reads.] Imprimis, it is agreed between the French king Charles and"
1501,"King Henry VI, the second part","King Henry VI, the second part",NA,NA,William Shakespeare,contents,directions,ACT I,SCENE I. London. The palace,NA,NA,"William de la Pole, Marquess of Suffolk, ambassador for Henry, King of"
1501,"King Henry VI, the second part","King Henry VI, the second part",NA,NA,William Shakespeare,contents,directions,ACT I,SCENE I. London. The palace,NA,NA,"England, that the said Henry shall espouse the Lady Margaret, daughter"
1501,"King Henry VI, the second part","King Henry VI, the second part",NA,NA,William Shakespeare,contents,directions,ACT I,SCENE I. London. The palace,NA,NA,"unto Reignier King of Naples, Sicilia, and Jerusalem, and crown her"
1501,"King Henry VI, the second part","King Henry VI, the second part",NA,NA,William Shakespeare,contents,directions,ACT I,SCENE I. London. The palace,NA,NA,"Queen of England ere the thirtieth of May next ensuing. Item, that"
1501,"King Henry VI, the second part","King Henry VI, the second part",NA,NA,William Shakespeare,contents,directions,ACT I,SCENE I. London. The palace,NA,NA,the duchy of Anjou and the county of Maine shall be released and
1501,"King Henry VI, the second part","King Henry VI, the second part",NA,NA,William Shakespeare,contents,directions,ACT I,SCENE I. London. The palace,NA,NA,delivered to the King her father—
1501,"King Henry VI, the second part","King Henry VI, the second part",NA,NA,William Shakespeare,contents,directions,ACT I,SCENE I. London. The palace,NA,NA,[Lets the paper fall.]
1501,"King Henry VI, the second part","King Henry VI, the second part",NA,NA,William Shakespeare,contents,unknown,ACT I,SCENE I. London. The palace,NA,NA,KING HENRY.
1501,"King Henry VI, the second part","King Henry VI, the second part",NA,NA,William Shakespeare,contents,directions,ACT I,SCENE I. London. The palace,NA,NA,"Uncle, how now?"
1501,"King Henry VI, the second part","King Henry VI, the second part",NA,NA,William Shakespeare,contents,unknown,ACT I,SCENE I. London. The palace,NA,NA,GLOUCESTER.
1501,"King Henry VI, the second part","King Henry VI, the second part",NA,NA,William Shakespeare,contents,directions,ACT I,SCENE I. London. The palace,NA,NA,"Pardon me, gracious lord."
1501,"King Henry VI, the second part","King Henry VI, the second part",NA,NA,William Shakespeare,contents,directions,ACT I,SCENE I. London. The palace,NA,NA,Some sudden qualm hath struck me at the heart
1501,"King Henry VI, the second part","King Henry VI, the second part",NA,NA,William Shakespeare,contents,directions,ACT I,SCENE I. London. The palace,NA,NA,"And dimmed mine eyes, that I can read no further."
1501,"King Henry VI, the second part","King Henry VI, the second part",NA,NA,William Shakespeare,contents,unknown,ACT I,SCENE I. London. The palace,NA,NA,KING HENRY.
1501,"King Henry VI, the second part","King Henry VI, the second part",NA,NA,William Shakespeare,contents,directions,ACT I,SCENE I. London. The palace,NA,NA,"Uncle of Winchester, I pray read on."
1501,"King Henry VI, the second part","King Henry VI, the second part",NA,NA,William Shakespeare,contents,unknown,ACT I,SCENE I. London. The palace,NA,NA,CARDINAL.
1501,"King Henry VI, the second part","King Henry VI, the second part",NA,NA,William Shakespeare,contents,directions,ACT I,SCENE I. London. The palace,NA,NA,"[Reads.] Item, it is further agreed between them, that the duchies"
1501,"King Henry VI, the second part","King Henry VI, the second part",NA,NA,William Shakespeare,contents,directions,ACT I,SCENE I. London. The palace,NA,NA,of Anjou and Maine shall be released and delivered to the King her
1501,"King Henry VI, the second part","King Henry VI, the second part",NA,NA,William Shakespeare,contents,directions,ACT I,SCENE I. London. The palace,NA,NA,"father, and she sent over of the King of England’s own proper cost and"
1501,"King Henry VI, the second part","King Henry VI, the second part",NA,NA,William Shakespeare,contents,directions,ACT I,SCENE I. London. The palace,NA,NA,"charges, without having any dowry."
1501,"King Henry VI, the second part","King Henry VI, the second part",NA,NA,William Shakespeare,contents,unknown,ACT I,SCENE I. London. The palace,NA,NA,KING HENRY.
1501,"King Henry VI, the second part","King Henry VI, the second part",NA,NA,William Shakespeare,contents,directions,ACT I,SCENE I. London. The palace,NA,NA,"They please us well.—Lord Marquess, kneel down."
1501,"King Henry VI, the second part","King Henry VI, the second part",NA,NA,William Shakespeare,contents,directions,ACT I,SCENE I. London. The palace,NA,NA,"We here create thee the first Duke of Suffolk,"
1501,"King Henry VI, the second part","King Henry VI, the second part",NA,NA,William Shakespeare,contents,directions,ACT I,SCENE I. London. The palace,NA,NA,"And girt thee with the sword.—Cousin of York,"
1501,"King Henry VI, the second part","King Henry VI, the second part",NA,NA,William Shakespeare,contents,directions,ACT I,SCENE I. London. The palace,NA,NA,We here discharge your grace from being regent
1501,"King Henry VI, the second part","King Henry VI, the second part",NA,NA,William Shakespeare,contents,directions,ACT I,SCENE I. London. The palace,NA,NA,"I’ th’ parts of France, till term of eighteen months"
1501,"King Henry VI, the second part","King Henry VI, the second part",NA,NA,William Shakespeare,contents,directions,ACT I,SCENE I. London. The palace,NA,NA,"Be full expired.—Thanks, uncle Winchester,"
1501,"King Henry VI, the second part","King Henry VI, the second part",NA,NA,William Shakespeare,contents,directions,ACT I,SCENE I. London. The palace,NA,NA,"Gloucester, York, Buckingham, Somerset,"
1501,"King Henry VI, the second part","King Henry VI, the second part",NA,NA,William Shakespeare,contents,directions,ACT I,SCENE I. London. The palace,NA,NA,"Salisbury, and Warwick;"
1501,"King Henry VI, the second part","King Henry VI, the second part",NA,NA,William Shakespeare,contents,directions,ACT I,SCENE I. London. The palace,NA,NA,We thank you all for this great favour done
1501,"King Henry VI, the second part","King Henry VI, the second part",NA,NA,William Shakespeare,contents,directions,ACT I,SCENE I. London. The palace,NA,NA,In entertainment to my princely Queen.
1501,"King Henry VI, the second part","King Henry VI, the second part",NA,NA,William Shakespeare,contents,directions,ACT I,SCENE I. London. The palace,NA,NA,"Come, let us in, and with all speed provide"
1501,"King Henry VI, the second part","King Henry VI, the second part",NA,NA,William Shakespeare,contents,directions,ACT I,SCENE I. London. The palace,NA,NA,To see her coronation be performed.
1501,"King Henry VI, the second part","King Henry VI, the second part",NA,NA,William Shakespeare,contents,directions,ACT I,SCENE I. London. The palace,NA,NA,"[Exeunt King, Queen and Suffolk.]"
1501,"King Henry VI, the second part","King Henry VI, the second part",NA,NA,William Shakespeare,contents,unknown,ACT I,SCENE I. London. The palace,NA,NA,GLOUCESTER.
1501,"King Henry VI, the second part","King Henry VI, the second part",NA,NA,William Shakespeare,contents,directions,ACT I,SCENE I. London. The palace,NA,NA,"Brave peers of England, pillars of the state,"
1501,"King Henry VI, the second part","King Henry VI, the second part",NA,NA,William Shakespeare,contents,directions,ACT I,SCENE I. London. The palace,NA,NA,"To you Duke Humphrey must unload his grief,"
1501,"King Henry VI, the second part","King Henry VI, the second part",NA,NA,William Shakespeare,contents,directions,ACT I,SCENE I. London. The palace,NA,NA,"Your grief, the common grief of all the land."
1501,"King Henry VI, the second part","King Henry VI, the second part",NA,NA,William Shakespeare,contents,directions,ACT I,SCENE I. London. The palace,NA,NA,"What! Did my brother Henry spend his youth,"
1501,"King Henry VI, the second part","King Henry VI, the second part",NA,NA,William Shakespeare,contents,directions,ACT I,SCENE I. London. The palace,NA,NA,"His valour, coin, and people, in the wars?"
1501,"King Henry VI, the second part","King Henry VI, the second part",NA,NA,William Shakespeare,contents,directions,ACT I,SCENE I. London. The palace,NA,NA,"Did he so often lodge in open field,"
1501,"King Henry VI, the second part","King Henry VI, the second part",NA,NA,William Shakespeare,contents,directions,ACT I,SCENE I. London. The palace,NA,NA,"In winter’s cold and summer’s parching heat,"
1501,"King Henry VI, the second part","King Henry VI, the second part",NA,NA,William Shakespeare,contents,directions,ACT I,SCENE I. London. The palace,NA,NA,"To conquer France, his true inheritance?"
1501,"King Henry VI, the second part","King Henry VI, the second part",NA,NA,William Shakespeare,contents,directions,ACT I,SCENE I. London. The palace,NA,NA,And did my brother Bedford toil his wits
1501,"King Henry VI, the second part","King Henry VI, the second part",NA,NA,William Shakespeare,contents,directions,ACT I,SCENE I. London. The palace,NA,NA,To keep by policy what Henry got?
1501,"King Henry VI, the second part","King Henry VI, the second part",NA,NA,William Shakespeare,contents,directions,ACT I,SCENE I. London. The palace,NA,NA,"Have you yourselves, Somerset, Buckingham,"
1501,"King Henry VI, the second part","King Henry VI, the second part",NA,NA,William Shakespeare,contents,directions,ACT I,SCENE I. London. The palace,NA,NA,"Brave York, Salisbury, and victorious Warwick,"
1501,"King Henry VI, the second part","King Henry VI, the second part",NA,NA,William Shakespeare,contents,directions,ACT I,SCENE I. London. The palace,NA,NA,Received deep scars in France and Normandy?
1501,"King Henry VI, the second part","King Henry VI, the second part",NA,NA,William Shakespeare,contents,directions,ACT I,SCENE I. London. The palace,NA,NA,"Or hath mine uncle Beaufort and myself,"
1501,"King Henry VI, the second part","King Henry VI, the second part",NA,NA,William Shakespeare,contents,directions,ACT I,SCENE I. London. The palace,NA,NA,"With all the learned council of the realm,"
1501,"King Henry VI, the second part","King Henry VI, the second part",NA,NA,William Shakespeare,contents,directions,ACT I,SCENE I. London. The palace,NA,NA,"Studied so long, sat in the council house"
1501,"King Henry VI, the second part","King Henry VI, the second part",NA,NA,William Shakespeare,contents,directions,ACT I,SCENE I. London. The palace,NA,NA,"Early and late, debating to and fro"
1501,"King Henry VI, the second part","King Henry VI, the second part",NA,NA,William Shakespeare,contents,directions,ACT I,SCENE I. London. The palace,NA,NA,"How France and Frenchmen might be kept in awe,"
1501,"King Henry VI, the second part","King Henry VI, the second part",NA,NA,William Shakespeare,contents,directions,ACT I,SCENE I. London. The palace,NA,NA,And had his highness in his infancy
1501,"King Henry VI, the second part","King Henry VI, the second part",NA,NA,William Shakespeare,contents,directions,ACT I,SCENE I. London. The palace,NA,NA,Crowned in Paris in despite of foes?
1501,"King Henry VI, the second part","King Henry VI, the second part",NA,NA,William Shakespeare,contents,directions,ACT I,SCENE I. London. The palace,NA,NA,And shall these labours and these honours die?
1501,"King Henry VI, the second part","King Henry VI, the second part",NA,NA,William Shakespeare,contents,directions,ACT I,SCENE I. London. The palace,NA,NA,"Shall Henry’s conquest, Bedford’s vigilance,"
1501,"King Henry VI, the second part","King Henry VI, the second part",NA,NA,William Shakespeare,contents,directions,ACT I,SCENE I. London. The palace,NA,NA,"Your deeds of war, and all our counsel die?"
1501,"King Henry VI, the second part","King Henry VI, the second part",NA,NA,William Shakespeare,contents,directions,ACT I,SCENE I. London. The palace,NA,NA,"O peers of England, shameful is this league!"
1501,"King Henry VI, the second part","King Henry VI, the second part",NA,NA,William Shakespeare,contents,directions,ACT I,SCENE I. London. The palace,NA,NA,"Fatal this marriage, cancelling your fame,"
1501,"King Henry VI, the second part","King Henry VI, the second part",NA,NA,William Shakespeare,contents,directions,ACT I,SCENE I. London. The palace,NA,NA,"Blotting your names from books of memory,"
1501,"King Henry VI, the second part","King Henry VI, the second part",NA,NA,William Shakespeare,contents,directions,ACT I,SCENE I. London. The palace,NA,NA,"Razing the characters of your renown,"
1501,"King Henry VI, the second part","King Henry VI, the second part",NA,NA,William Shakespeare,contents,directions,ACT I,SCENE I. London. The palace,NA,NA,"Defacing monuments of conquered France,"
1501,"King Henry VI, the second part","King Henry VI, the second part",NA,NA,William Shakespeare,contents,directions,ACT I,SCENE I. London. The palace,NA,NA,"Undoing all, as all had never been!"
1501,"King Henry VI, the second part","King Henry VI, the second part",NA,NA,William Shakespeare,contents,unknown,ACT I,SCENE I. London. The palace,NA,NA,CARDINAL.
1501,"King Henry VI, the second part","King Henry VI, the second part",NA,NA,William Shakespeare,contents,directions,ACT I,SCENE I. London. The palace,NA,NA,"Nephew, what means this passionate discourse,"
1501,"King Henry VI, the second part","King Henry VI, the second part",NA,NA,William Shakespeare,contents,directions,ACT I,SCENE I. London. The palace,NA,NA,This peroration with such circumstance?
1501,"King Henry VI, the second part","King Henry VI, the second part",NA,NA,William Shakespeare,contents,directions,ACT I,SCENE I. London. The palace,NA,NA,"For France, ’tis ours; and we will keep it still."
1501,"King Henry VI, the second part","King Henry VI, the second part",NA,NA,William Shakespeare,contents,unknown,ACT I,SCENE I. London. The palace,NA,NA,GLOUCESTER.
1501,"King Henry VI, the second part","King Henry VI, the second part",NA,NA,William Shakespeare,contents,directions,ACT I,SCENE I. London. The palace,NA,NA,"Ay, uncle, we will keep it if we can,"
1501,"King Henry VI, the second part","King Henry VI, the second part",NA,NA,William Shakespeare,contents,directions,ACT I,SCENE I. London. The palace,NA,NA,But now it is impossible we should.
1501,"King Henry VI, the second part","King Henry VI, the second part",NA,NA,William Shakespeare,contents,directions,ACT I,SCENE I. London. The palace,NA,NA,"Suffolk, the new-made duke that rules the roast,"
1501,"King Henry VI, the second part","King Henry VI, the second part",NA,NA,William Shakespeare,contents,directions,ACT I,SCENE I. London. The palace,NA,NA,Hath given the duchy of Anjou and Maine
1501,"King Henry VI, the second part","King Henry VI, the second part",NA,NA,William Shakespeare,contents,directions,ACT I,SCENE I. London. The palace,NA,NA,"Unto the poor King Reignier, whose large style"
1501,"King Henry VI, the second part","King Henry VI, the second part",NA,NA,William Shakespeare,contents,directions,ACT I,SCENE I. London. The palace,NA,NA,Agrees not with the leanness of his purse.
1501,"King Henry VI, the second part","King Henry VI, the second part",NA,NA,William Shakespeare,contents,unknown,ACT I,SCENE I. London. The palace,NA,NA,SALISBURY.
1501,"King Henry VI, the second part","King Henry VI, the second part",NA,NA,William Shakespeare,contents,directions,ACT I,SCENE I. London. The palace,NA,NA,"Now, by the death of Him that died for all,"
1501,"King Henry VI, the second part","King Henry VI, the second part",NA,NA,William Shakespeare,contents,directions,ACT I,SCENE I. London. The palace,NA,NA,These counties were the keys of Normandy!
1501,"King Henry VI, the second part","King Henry VI, the second part",NA,NA,William Shakespeare,contents,directions,ACT I,SCENE I. London. The palace,NA,NA,"But wherefore weeps Warwick, my valiant son?"
1501,"King Henry VI, the second part","King Henry VI, the second part",NA,NA,William Shakespeare,contents,unknown,ACT I,SCENE I. London. The palace,NA,NA,WARWICK.
1501,"King Henry VI, the second part","King Henry VI, the second part",NA,NA,William Shakespeare,contents,directions,ACT I,SCENE I. London. The palace,NA,NA,For grief that they are past recovery;
1501,"King Henry VI, the second part","King Henry VI, the second part",NA,NA,William Shakespeare,contents,directions,ACT I,SCENE I. London. The palace,NA,NA,"For, were there hope to conquer them again,"
1501,"King Henry VI, the second part","King Henry VI, the second part",NA,NA,William Shakespeare,contents,directions,ACT I,SCENE I. London. The palace,NA,NA,"My sword should shed hot blood, mine eyes no tears."
1501,"King Henry VI, the second part","King Henry VI, the second part",NA,NA,William Shakespeare,contents,directions,ACT I,SCENE I. London. The palace,NA,NA,"Anjou and Maine! Myself did win them both,"
1501,"King Henry VI, the second part","King Henry VI, the second part",NA,NA,William Shakespeare,contents,directions,ACT I,SCENE I. London. The palace,NA,NA,Those provinces these arms of mine did conquer;
1501,"King Henry VI, the second part","King Henry VI, the second part",NA,NA,William Shakespeare,contents,directions,ACT I,SCENE I. London. The palace,NA,NA,And are the cities that I got with wounds
1501,"King Henry VI, the second part","King Henry VI, the second part",NA,NA,William Shakespeare,contents,directions,ACT I,SCENE I. London. The palace,NA,NA,Delivered up again with peaceful words?
1501,"King Henry VI, the second part","King Henry VI, the second part",NA,NA,William Shakespeare,contents,directions,ACT I,SCENE I. London. The palace,NA,NA,Mort Dieu!
1501,"King Henry VI, the second part","King Henry VI, the second part",NA,NA,William Shakespeare,contents,unknown,ACT I,SCENE I. London. The palace,NA,NA,YORK.
1501,"King Henry VI, the second part","King Henry VI, the second part",NA,NA,William Shakespeare,contents,directions,ACT I,SCENE I. London. The palace,NA,NA,"For Suffolk’s duke, may he be suffocate,"
1501,"King Henry VI, the second part","King Henry VI, the second part",NA,NA,William Shakespeare,contents,directions,ACT I,SCENE I. London. The palace,NA,NA,That dims the honour of this warlike isle!
1501,"King Henry VI, the second part","King Henry VI, the second part",NA,NA,William Shakespeare,contents,directions,ACT I,SCENE I. London. The palace,NA,NA,France should have torn and rent my very heart
1501,"King Henry VI, the second part","King Henry VI, the second part",NA,NA,William Shakespeare,contents,directions,ACT I,SCENE I. London. The palace,NA,NA,Before I would have yielded to this league.
1501,"King Henry VI, the second part","King Henry VI, the second part",NA,NA,William Shakespeare,contents,directions,ACT I,SCENE I. London. The palace,NA,NA,I never read but England’s kings have had
1501,"King Henry VI, the second part","King Henry VI, the second part",NA,NA,William Shakespeare,contents,directions,ACT I,SCENE I. London. The palace,NA,NA,Large sums of gold and dowries with their wives;
1501,"King Henry VI, the second part","King Henry VI, the second part",NA,NA,William Shakespeare,contents,directions,ACT I,SCENE I. London. The palace,NA,NA,"And our King Henry gives away his own,"
1501,"King Henry VI, the second part","King Henry VI, the second part",NA,NA,William Shakespeare,contents,directions,ACT I,SCENE I. London. The palace,NA,NA,To match with her that brings no vantages.
1501,"King Henry VI, the second part","King Henry VI, the second part",NA,NA,William Shakespeare,contents,unknown,ACT I,SCENE I. London. The palace,NA,NA,GLOUCESTER.
1501,"King Henry VI, the second part","King Henry VI, the second part",NA,NA,William Shakespeare,contents,directions,ACT I,SCENE I. London. The palace,NA,NA,"A proper jest, and never heard before,"
1501,"King Henry VI, the second part","King Henry VI, the second part",NA,NA,William Shakespeare,contents,directions,ACT I,SCENE I. London. The palace,NA,NA,That Suffolk should demand a whole fifteenth
1501,"King Henry VI, the second part","King Henry VI, the second part",NA,NA,William Shakespeare,contents,directions,ACT I,SCENE I. London. The palace,NA,NA,For costs and charges in transporting her!
1501,"King Henry VI, the second part","King Henry VI, the second part",NA,NA,William Shakespeare,contents,directions,ACT I,SCENE I. London. The palace,NA,NA,"She should have staid in France, and starved in France,"
1501,"King Henry VI, the second part","King Henry VI, the second part",NA,NA,William Shakespeare,contents,directions,ACT I,SCENE I. London. The palace,NA,NA,Before—
1501,"King Henry VI, the second part","King Henry VI, the second part",NA,NA,William Shakespeare,contents,unknown,ACT I,SCENE I. London. The palace,NA,NA,CARDINAL.
1501,"King Henry VI, the second part","King Henry VI, the second part",NA,NA,William Shakespeare,contents,directions,ACT I,SCENE I. London. The palace,NA,NA,"My Lord of Gloucester, now ye grow too hot."
1501,"King Henry VI, the second part","King Henry VI, the second part",NA,NA,William Shakespeare,contents,directions,ACT I,SCENE I. London. The palace,NA,NA,It was the pleasure of my lord the King.
1501,"King Henry VI, the second part","King Henry VI, the second part",NA,NA,William Shakespeare,contents,unknown,ACT I,SCENE I. London. The palace,NA,NA,GLOUCESTER.
1501,"King Henry VI, the second part","King Henry VI, the second part",NA,NA,William Shakespeare,contents,directions,ACT I,SCENE I. London. The palace,NA,NA,"My Lord of Winchester, I know your mind."
1501,"King Henry VI, the second part","King Henry VI, the second part",NA,NA,William Shakespeare,contents,directions,ACT I,SCENE I. London. The palace,NA,NA,"’Tis not my speeches that you do mislike,"
1501,"King Henry VI, the second part","King Henry VI, the second part",NA,NA,William Shakespeare,contents,directions,ACT I,SCENE I. London. The palace,NA,NA,But ’tis my presence that doth trouble ye.
1501,"King Henry VI, the second part","King Henry VI, the second part",NA,NA,William Shakespeare,contents,directions,ACT I,SCENE I. London. The palace,NA,NA,"Rancour will out. Proud prelate, in thy face"
1501,"King Henry VI, the second part","King Henry VI, the second part",NA,NA,William Shakespeare,contents,directions,ACT I,SCENE I. London. The palace,NA,NA,"I see thy fury. If I longer stay,"
1501,"King Henry VI, the second part","King Henry VI, the second part",NA,NA,William Shakespeare,contents,directions,ACT I,SCENE I. London. The palace,NA,NA,We shall begin our ancient bickerings.—
1501,"King Henry VI, the second part","King Henry VI, the second part",NA,NA,William Shakespeare,contents,directions,ACT I,SCENE I. London. The palace,NA,NA,"Lordings, farewell; and say, when I am gone,"
1501,"King Henry VI, the second part","King Henry VI, the second part",NA,NA,William Shakespeare,contents,directions,ACT I,SCENE I. London. The palace,NA,NA,I prophesied France will be lost ere long.
1501,"King Henry VI, the second part","King Henry VI, the second part",NA,NA,William Shakespeare,contents,directions,ACT I,SCENE I. London. The palace,NA,NA,[Exit.]
1501,"King Henry VI, the second part","King Henry VI, the second part",NA,NA,William Shakespeare,contents,unknown,ACT I,SCENE I. London. The palace,NA,NA,CARDINAL.
1501,"King Henry VI, the second part","King Henry VI, the second part",NA,NA,William Shakespeare,contents,directions,ACT I,SCENE I. London. The palace,NA,NA,"So, there goes our Protector in a rage."
1501,"King Henry VI, the second part","King Henry VI, the second part",NA,NA,William Shakespeare,contents,directions,ACT I,SCENE I. London. The palace,NA,NA,"’Tis known to you he is mine enemy,"
1501,"King Henry VI, the second part","King Henry VI, the second part",NA,NA,William Shakespeare,contents,directions,ACT I,SCENE I. London. The palace,NA,NA,"Nay, more, an enemy unto you all,"
1501,"King Henry VI, the second part","King Henry VI, the second part",NA,NA,William Shakespeare,contents,directions,ACT I,SCENE I. London. The palace,NA,NA,"And no great friend, I fear me, to the King."
1501,"King Henry VI, the second part","King Henry VI, the second part",NA,NA,William Shakespeare,contents,directions,ACT I,SCENE I. London. The palace,NA,NA,"Consider, lords, he is the next of blood"
1501,"King Henry VI, the second part","King Henry VI, the second part",NA,NA,William Shakespeare,contents,directions,ACT I,SCENE I. London. The palace,NA,NA,And heir apparent to the English crown.
1501,"King Henry VI, the second part","King Henry VI, the second part",NA,NA,William Shakespeare,contents,directions,ACT I,SCENE I. London. The palace,NA,NA,"Had Henry got an empire by his marriage,"
1501,"King Henry VI, the second part","King Henry VI, the second part",NA,NA,William Shakespeare,contents,directions,ACT I,SCENE I. London. The palace,NA,NA,"And all the wealthy kingdoms of the west,"
1501,"King Henry VI, the second part","King Henry VI, the second part",NA,NA,William Shakespeare,contents,directions,ACT I,SCENE I. London. The palace,NA,NA,There’s reason he should be displeased at it.
1501,"King Henry VI, the second part","King Henry VI, the second part",NA,NA,William Shakespeare,contents,directions,ACT I,SCENE I. London. The palace,NA,NA,"Look to it, lords. Let not his smoothing words"
1501,"King Henry VI, the second part","King Henry VI, the second part",NA,NA,William Shakespeare,contents,directions,ACT I,SCENE I. London. The palace,NA,NA,Bewitch your hearts; be wise and circumspect.
1501,"King Henry VI, the second part","King Henry VI, the second part",NA,NA,William Shakespeare,contents,directions,ACT I,SCENE I. London. The palace,NA,NA,"What though the common people favour him,"
1501,"King Henry VI, the second part","King Henry VI, the second part",NA,NA,William Shakespeare,contents,directions,ACT I,SCENE I. London. The palace,NA,NA,"Calling him “Humphrey, the good Duke of Gloucester,”"
1501,"King Henry VI, the second part","King Henry VI, the second part",NA,NA,William Shakespeare,contents,directions,ACT I,SCENE I. London. The palace,NA,NA,"Clapping their hands, and crying with loud voice,"
1501,"King Henry VI, the second part","King Henry VI, the second part",NA,NA,William Shakespeare,contents,directions,ACT I,SCENE I. London. The palace,NA,NA,“Jesu maintain your royal excellence!”
1501,"King Henry VI, the second part","King Henry VI, the second part",NA,NA,William Shakespeare,contents,directions,ACT I,SCENE I. London. The palace,NA,NA,With “God preserve the good Duke Humphrey!”
1501,"King Henry VI, the second part","King Henry VI, the second part",NA,NA,William Shakespeare,contents,directions,ACT I,SCENE I. London. The palace,NA,NA,"I fear me, lords, for all this flattering gloss,"
1501,"King Henry VI, the second part","King Henry VI, the second part",NA,NA,William Shakespeare,contents,directions,ACT I,SCENE I. London. The palace,NA,NA,He will be found a dangerous Protector.
1501,"King Henry VI, the second part","King Henry VI, the second part",NA,NA,William Shakespeare,contents,unknown,ACT I,SCENE I. London. The palace,NA,NA,BUCKINGHAM.
1501,"King Henry VI, the second part","King Henry VI, the second part",NA,NA,William Shakespeare,contents,directions,ACT I,SCENE I. London. The palace,NA,NA,"Why should he, then, protect our sovereign,"
1501,"King Henry VI, the second part","King Henry VI, the second part",NA,NA,William Shakespeare,contents,directions,ACT I,SCENE I. London. The palace,NA,NA,He being of age to govern of himself?
1501,"King Henry VI, the second part","King Henry VI, the second part",NA,NA,William Shakespeare,contents,directions,ACT I,SCENE I. London. The palace,NA,NA,"Cousin of Somerset, join you with me,"
1501,"King Henry VI, the second part","King Henry VI, the second part",NA,NA,William Shakespeare,contents,directions,ACT I,SCENE I. London. The palace,NA,NA,"And all together, with the Duke of Suffolk,"
1501,"King Henry VI, the second part","King Henry VI, the second part",NA,NA,William Shakespeare,contents,directions,ACT I,SCENE I. London. The palace,NA,NA,We’ll quickly hoist Duke Humphrey from his seat.
1501,"King Henry VI, the second part","King Henry VI, the second part",NA,NA,William Shakespeare,contents,unknown,ACT I,SCENE I. London. The palace,NA,NA,CARDINAL.
1501,"King Henry VI, the second part","King Henry VI, the second part",NA,NA,William Shakespeare,contents,directions,ACT I,SCENE I. London. The palace,NA,NA,This weighty business will not brook delay;
1501,"King Henry VI, the second part","King Henry VI, the second part",NA,NA,William Shakespeare,contents,directions,ACT I,SCENE I. London. The palace,NA,NA,I’ll to the Duke of Suffolk presently.
1501,"King Henry VI, the second part","King Henry VI, the second part",NA,NA,William Shakespeare,contents,directions,ACT I,SCENE I. London. The palace,NA,NA,[Exit.]
1501,"King Henry VI, the second part","King Henry VI, the second part",NA,NA,William Shakespeare,contents,unknown,ACT I,SCENE I. London. The palace,NA,NA,SOMERSET.
1501,"King Henry VI, the second part","King Henry VI, the second part",NA,NA,William Shakespeare,contents,directions,ACT I,SCENE I. London. The palace,NA,NA,"Cousin of Buckingham, though Humphrey’s pride"
1501,"King Henry VI, the second part","King Henry VI, the second part",NA,NA,William Shakespeare,contents,directions,ACT I,SCENE I. London. The palace,NA,NA,"And greatness of his place be grief to us,"
1501,"King Henry VI, the second part","King Henry VI, the second part",NA,NA,William Shakespeare,contents,directions,ACT I,SCENE I. London. The palace,NA,NA,Yet let us watch the haughty cardinal;
1501,"King Henry VI, the second part","King Henry VI, the second part",NA,NA,William Shakespeare,contents,directions,ACT I,SCENE I. London. The palace,NA,NA,His insolence is more intolerable
1501,"King Henry VI, the second part","King Henry VI, the second part",NA,NA,William Shakespeare,contents,directions,ACT I,SCENE I. London. The palace,NA,NA,Than all the princes’ in the land beside.
1501,"King Henry VI, the second part","King Henry VI, the second part",NA,NA,William Shakespeare,contents,directions,ACT I,SCENE I. London. The palace,NA,NA,"If Gloucester be displaced, he’ll be Protector."
1501,"King Henry VI, the second part","King Henry VI, the second part",NA,NA,William Shakespeare,contents,unknown,ACT I,SCENE I. London. The palace,NA,NA,BUCKINGHAM.
1501,"King Henry VI, the second part","King Henry VI, the second part",NA,NA,William Shakespeare,contents,directions,ACT I,SCENE I. London. The palace,NA,NA,"Or thou or I, Somerset, will be Protector,"
1501,"King Henry VI, the second part","King Henry VI, the second part",NA,NA,William Shakespeare,contents,directions,ACT I,SCENE I. London. The palace,NA,NA,Despite Duke Humphrey or the Cardinal.
1501,"King Henry VI, the second part","King Henry VI, the second part",NA,NA,William Shakespeare,contents,directions,ACT I,SCENE I. London. The palace,NA,NA,[Exeunt Buckingham and Somerset.]
1501,"King Henry VI, the second part","King Henry VI, the second part",NA,NA,William Shakespeare,contents,unknown,ACT I,SCENE I. London. The palace,NA,NA,SALISBURY.
1501,"King Henry VI, the second part","King Henry VI, the second part",NA,NA,William Shakespeare,contents,directions,ACT I,SCENE I. London. The palace,NA,NA,Pride went before; 	Ambition follows him.
1501,"King Henry VI, the second part","King Henry VI, the second part",NA,NA,William Shakespeare,contents,directions,ACT I,SCENE I. London. The palace,NA,NA,"While these do labour for their own preferment,"
1501,"King Henry VI, the second part","King Henry VI, the second part",NA,NA,William Shakespeare,contents,directions,ACT I,SCENE I. London. The palace,NA,NA,Behoves it us to labour for the realm.
1501,"King Henry VI, the second part","King Henry VI, the second part",NA,NA,William Shakespeare,contents,directions,ACT I,SCENE I. London. The palace,NA,NA,"I never saw but Humphrey Duke of Gloucester,"
1501,"King Henry VI, the second part","King Henry VI, the second part",NA,NA,William Shakespeare,contents,directions,ACT I,SCENE I. London. The palace,NA,NA,Did bear him like a noble gentleman.
1501,"King Henry VI, the second part","King Henry VI, the second part",NA,NA,William Shakespeare,contents,directions,ACT I,SCENE I. London. The palace,NA,NA,"Oft have I seen the haughty Cardinal,"
1501,"King Henry VI, the second part","King Henry VI, the second part",NA,NA,William Shakespeare,contents,directions,ACT I,SCENE I. London. The palace,NA,NA,"More like a soldier than a man o’ th’ church,"
1501,"King Henry VI, the second part","King Henry VI, the second part",NA,NA,William Shakespeare,contents,directions,ACT I,SCENE I. London. The palace,NA,NA,"As stout and proud as he were lord of all,"
1501,"King Henry VI, the second part","King Henry VI, the second part",NA,NA,William Shakespeare,contents,directions,ACT I,SCENE I. London. The palace,NA,NA,Swear like a ruffian and demean himself
1501,"King Henry VI, the second part","King Henry VI, the second part",NA,NA,William Shakespeare,contents,directions,ACT I,SCENE I. London. The palace,NA,NA,Unlike the ruler of a commonweal.—
1501,"King Henry VI, the second part","King Henry VI, the second part",NA,NA,William Shakespeare,contents,directions,ACT I,SCENE I. London. The palace,NA,NA,"Warwick my son, the comfort of my age,"
1501,"King Henry VI, the second part","King Henry VI, the second part",NA,NA,William Shakespeare,contents,directions,ACT I,SCENE I. London. The palace,NA,NA,"Thy deeds, thy plainness, and thy housekeeping,"
1501,"King Henry VI, the second part","King Henry VI, the second part",NA,NA,William Shakespeare,contents,directions,ACT I,SCENE I. London. The palace,NA,NA,"Hath won the greatest favour of the commons,"
1501,"King Henry VI, the second part","King Henry VI, the second part",NA,NA,William Shakespeare,contents,directions,ACT I,SCENE I. London. The palace,NA,NA,Excepting none but good Duke Humphrey.—
1501,"King Henry VI, the second part","King Henry VI, the second part",NA,NA,William Shakespeare,contents,directions,ACT I,SCENE I. London. The palace,NA,NA,"And, brother York, thy acts in Ireland,"
1501,"King Henry VI, the second part","King Henry VI, the second part",NA,NA,William Shakespeare,contents,directions,ACT I,SCENE I. London. The palace,NA,NA,"In bringing them to civil discipline,"
1501,"King Henry VI, the second part","King Henry VI, the second part",NA,NA,William Shakespeare,contents,directions,ACT I,SCENE I. London. The palace,NA,NA,"Thy late exploits done in the heart of France,"
1501,"King Henry VI, the second part","King Henry VI, the second part",NA,NA,William Shakespeare,contents,directions,ACT I,SCENE I. London. The palace,NA,NA,"When thou wert regent for our sovereign,"
1501,"King Henry VI, the second part","King Henry VI, the second part",NA,NA,William Shakespeare,contents,directions,ACT I,SCENE I. London. The palace,NA,NA,Have made thee feared and honoured of the people.
1501,"King Henry VI, the second part","King Henry VI, the second part",NA,NA,William Shakespeare,contents,directions,ACT I,SCENE I. London. The palace,NA,NA,"Join we together for the public good,"
1501,"King Henry VI, the second part","King Henry VI, the second part",NA,NA,William Shakespeare,contents,directions,ACT I,SCENE I. London. The palace,NA,NA,In what we can to bridle and suppress
1501,"King Henry VI, the second part","King Henry VI, the second part",NA,NA,William Shakespeare,contents,directions,ACT I,SCENE I. London. The palace,NA,NA,"The pride of Suffolk and the Cardinal,"
1501,"King Henry VI, the second part","King Henry VI, the second part",NA,NA,William Shakespeare,contents,directions,ACT I,SCENE I. London. The palace,NA,NA,With Somerset’s and Buckingham’s ambition;
1501,"King Henry VI, the second part","King Henry VI, the second part",NA,NA,William Shakespeare,contents,directions,ACT I,SCENE I. London. The palace,NA,NA,"And, as we may, cherish Duke Humphrey’s deeds"
1501,"King Henry VI, the second part","King Henry VI, the second part",NA,NA,William Shakespeare,contents,directions,ACT I,SCENE I. London. The palace,NA,NA,While they do tend the profit of the land.
1501,"King Henry VI, the second part","King Henry VI, the second part",NA,NA,William Shakespeare,contents,unknown,ACT I,SCENE I. London. The palace,NA,NA,WARWICK.
1501,"King Henry VI, the second part","King Henry VI, the second part",NA,NA,William Shakespeare,contents,directions,ACT I,SCENE I. London. The palace,NA,NA,"So God help Warwick, as he loves the land"
1501,"King Henry VI, the second part","King Henry VI, the second part",NA,NA,William Shakespeare,contents,directions,ACT I,SCENE I. London. The palace,NA,NA,And common profit of his country!
1501,"King Henry VI, the second part","King Henry VI, the second part",NA,NA,William Shakespeare,contents,unknown,ACT I,SCENE I. London. The palace,NA,NA,YORK.
1501,"King Henry VI, the second part","King Henry VI, the second part",NA,NA,William Shakespeare,contents,directions,ACT I,SCENE I. London. The palace,NA,NA,"And so says York, [Aside.] for he hath greatest cause."
1501,"King Henry VI, the second part","King Henry VI, the second part",NA,NA,William Shakespeare,contents,unknown,ACT I,SCENE I. London. The palace,NA,NA,SALISBURY.
1501,"King Henry VI, the second part","King Henry VI, the second part",NA,NA,William Shakespeare,contents,directions,ACT I,SCENE I. London. The palace,NA,NA,Then let’s make haste away and look unto the main.
1501,"King Henry VI, the second part","King Henry VI, the second part",NA,NA,William Shakespeare,contents,unknown,ACT I,SCENE I. London. The palace,NA,NA,WARWICK.
1501,"King Henry VI, the second part","King Henry VI, the second part",NA,NA,William Shakespeare,contents,directions,ACT I,SCENE I. London. The palace,NA,NA,"Unto the main! O father, Maine is lost,"
1501,"King Henry VI, the second part","King Henry VI, the second part",NA,NA,William Shakespeare,contents,directions,ACT I,SCENE I. London. The palace,NA,NA,"That Maine which by main force Warwick did win,"
1501,"King Henry VI, the second part","King Henry VI, the second part",NA,NA,William Shakespeare,contents,directions,ACT I,SCENE I. London. The palace,NA,NA,And would have kept so long as breath did last!
1501,"King Henry VI, the second part","King Henry VI, the second part",NA,NA,William Shakespeare,contents,directions,ACT I,SCENE I. London. The palace,NA,NA,"Main chance, father, you meant; but I meant Maine,"
1501,"King Henry VI, the second part","King Henry VI, the second part",NA,NA,William Shakespeare,contents,directions,ACT I,SCENE I. London. The palace,NA,NA,"Which I will win from France, or else be slain."
1501,"King Henry VI, the second part","King Henry VI, the second part",NA,NA,William Shakespeare,contents,directions,ACT I,SCENE I. London. The palace,NA,NA,[Exeunt Warwick and Salisbury.]
1501,"King Henry VI, the second part","King Henry VI, the second part",NA,NA,William Shakespeare,contents,unknown,ACT I,SCENE I. London. The palace,NA,NA,YORK.
1501,"King Henry VI, the second part","King Henry VI, the second part",NA,NA,William Shakespeare,contents,directions,ACT I,SCENE I. London. The palace,NA,NA,Anjou and Maine are given to the French;
1501,"King Henry VI, the second part","King Henry VI, the second part",NA,NA,William Shakespeare,contents,directions,ACT I,SCENE I. London. The palace,NA,NA,Paris is lost; the state of Normandy
1501,"King Henry VI, the second part","King Henry VI, the second part",NA,NA,William Shakespeare,contents,directions,ACT I,SCENE I. London. The palace,NA,NA,Stands on a tickle point now they are gone.
1501,"King Henry VI, the second part","King Henry VI, the second part",NA,NA,William Shakespeare,contents,directions,ACT I,SCENE I. London. The palace,NA,NA,"Suffolk concluded on the articles,"
1501,"King Henry VI, the second part","King Henry VI, the second part",NA,NA,William Shakespeare,contents,directions,ACT I,SCENE I. London. The palace,NA,NA,"The peers agreed, and Henry was well pleased"
1501,"King Henry VI, the second part","King Henry VI, the second part",NA,NA,William Shakespeare,contents,directions,ACT I,SCENE I. London. The palace,NA,NA,To change two dukedoms for a duke’s fair daughter.
1501,"King Henry VI, the second part","King Henry VI, the second part",NA,NA,William Shakespeare,contents,directions,ACT I,SCENE I. London. The palace,NA,NA,I cannot blame them all. What is’t to them?
1501,"King Henry VI, the second part","King Henry VI, the second part",NA,NA,William Shakespeare,contents,directions,ACT I,SCENE I. London. The palace,NA,NA,"’Tis thine they give away, and not their own."
1501,"King Henry VI, the second part","King Henry VI, the second part",NA,NA,William Shakespeare,contents,directions,ACT I,SCENE I. London. The palace,NA,NA,"Pirates may make cheap pennyworths of their pillage,"
1501,"King Henry VI, the second part","King Henry VI, the second part",NA,NA,William Shakespeare,contents,directions,ACT I,SCENE I. London. The palace,NA,NA,"And purchase friends, and give to courtesans,"
1501,"King Henry VI, the second part","King Henry VI, the second part",NA,NA,William Shakespeare,contents,directions,ACT I,SCENE I. London. The palace,NA,NA,Still revelling like lords till all be gone;
1501,"King Henry VI, the second part","King Henry VI, the second part",NA,NA,William Shakespeare,contents,directions,ACT I,SCENE I. London. The palace,NA,NA,Whileas the silly owner of the goods
1501,"King Henry VI, the second part","King Henry VI, the second part",NA,NA,William Shakespeare,contents,directions,ACT I,SCENE I. London. The palace,NA,NA,"Weeps over them, and wrings his hapless hands,"
1501,"King Henry VI, the second part","King Henry VI, the second part",NA,NA,William Shakespeare,contents,directions,ACT I,SCENE I. London. The palace,NA,NA,"And shakes his head, and trembling stands aloof,"
1501,"King Henry VI, the second part","King Henry VI, the second part",NA,NA,William Shakespeare,contents,directions,ACT I,SCENE I. London. The palace,NA,NA,"While all is shared and all is borne away,"
1501,"King Henry VI, the second part","King Henry VI, the second part",NA,NA,William Shakespeare,contents,directions,ACT I,SCENE I. London. The palace,NA,NA,Ready to starve and dare not touch his own.
1501,"King Henry VI, the second part","King Henry VI, the second part",NA,NA,William Shakespeare,contents,directions,ACT I,SCENE I. London. The palace,NA,NA,"So York must sit and fret and bite his tongue,"
1501,"King Henry VI, the second part","King Henry VI, the second part",NA,NA,William Shakespeare,contents,directions,ACT I,SCENE I. London. The palace,NA,NA,While his own lands are bargained for and sold.
1501,"King Henry VI, the second part","King Henry VI, the second part",NA,NA,William Shakespeare,contents,directions,ACT I,SCENE I. London. The palace,NA,NA,"Methinks the realms of England, France, and Ireland"
1501,"King Henry VI, the second part","King Henry VI, the second part",NA,NA,William Shakespeare,contents,directions,ACT I,SCENE I. London. The palace,NA,NA,Bear that proportion to my flesh and blood
1501,"King Henry VI, the second part","King Henry VI, the second part",NA,NA,William Shakespeare,contents,directions,ACT I,SCENE I. London. The palace,NA,NA,As did the fatal brand Althaea burnt
1501,"King Henry VI, the second part","King Henry VI, the second part",NA,NA,William Shakespeare,contents,directions,ACT I,SCENE I. London. The palace,NA,NA,Unto the prince’s heart of Calydon.
1501,"King Henry VI, the second part","King Henry VI, the second part",NA,NA,William Shakespeare,contents,directions,ACT I,SCENE I. London. The palace,NA,NA,Anjou and Maine both given unto the French!
1501,"King Henry VI, the second part","King Henry VI, the second part",NA,NA,William Shakespeare,contents,directions,ACT I,SCENE I. London. The palace,NA,NA,"Cold news for me, for I had hope of France,"
1501,"King Henry VI, the second part","King Henry VI, the second part",NA,NA,William Shakespeare,contents,directions,ACT I,SCENE I. London. The palace,NA,NA,Even as I have of fertile England’s soil.
1501,"King Henry VI, the second part","King Henry VI, the second part",NA,NA,William Shakespeare,contents,directions,ACT I,SCENE I. London. The palace,NA,NA,A day will come when York shall claim his own;
1501,"King Henry VI, the second part","King Henry VI, the second part",NA,NA,William Shakespeare,contents,directions,ACT I,SCENE I. London. The palace,NA,NA,"And therefore I will take the Nevilles’ parts,"
1501,"King Henry VI, the second part","King Henry VI, the second part",NA,NA,William Shakespeare,contents,directions,ACT I,SCENE I. London. The palace,NA,NA,"And make a show of love to proud Duke Humphrey,"
1501,"King Henry VI, the second part","King Henry VI, the second part",NA,NA,William Shakespeare,contents,directions,ACT I,SCENE I. London. The palace,NA,NA,"And when I spy advantage, claim the crown,"
1501,"King Henry VI, the second part","King Henry VI, the second part",NA,NA,William Shakespeare,contents,directions,ACT I,SCENE I. London. The palace,NA,NA,For that’s the golden mark I seek to hit.
1501,"King Henry VI, the second part","King Henry VI, the second part",NA,NA,William Shakespeare,contents,directions,ACT I,SCENE I. London. The palace,NA,NA,"Nor shall proud Lancaster usurp my right,"
1501,"King Henry VI, the second part","King Henry VI, the second part",NA,NA,William Shakespeare,contents,directions,ACT I,SCENE I. London. The palace,NA,NA,"Nor hold the sceptre in his childish fist,"
1501,"King Henry VI, the second part","King Henry VI, the second part",NA,NA,William Shakespeare,contents,directions,ACT I,SCENE I. London. The palace,NA,NA,"Nor wear the diadem upon his head,"
1501,"King Henry VI, the second part","King Henry VI, the second part",NA,NA,William Shakespeare,contents,directions,ACT I,SCENE I. London. The palace,NA,NA,Whose church-like humours fits not for a crown.
1501,"King Henry VI, the second part","King Henry VI, the second part",NA,NA,William Shakespeare,contents,directions,ACT I,SCENE I. London. The palace,NA,NA,"Then, York, be still awhile till time do serve."
1501,"King Henry VI, the second part","King Henry VI, the second part",NA,NA,William Shakespeare,contents,directions,ACT I,SCENE I. London. The palace,NA,NA,"Watch thou and wake when others be asleep,"
1501,"King Henry VI, the second part","King Henry VI, the second part",NA,NA,William Shakespeare,contents,directions,ACT I,SCENE I. London. The palace,NA,NA,To pry into the secrets of the state;
1501,"King Henry VI, the second part","King Henry VI, the second part",NA,NA,William Shakespeare,contents,directions,ACT I,SCENE I. London. The palace,NA,NA,"Till Henry, surfeiting in joys of love"
1501,"King Henry VI, the second part","King Henry VI, the second part",NA,NA,William Shakespeare,contents,directions,ACT I,SCENE I. London. The palace,NA,NA,"With his new bride and England’s dear-bought Queen,"
1501,"King Henry VI, the second part","King Henry VI, the second part",NA,NA,William Shakespeare,contents,directions,ACT I,SCENE I. London. The palace,NA,NA,And Humphrey with the peers be fallen at jars.
1501,"King Henry VI, the second part","King Henry VI, the second part",NA,NA,William Shakespeare,contents,directions,ACT I,SCENE I. London. The palace,NA,NA,"Then will I raise aloft the milk-white rose,"
1501,"King Henry VI, the second part","King Henry VI, the second part",NA,NA,William Shakespeare,contents,directions,ACT I,SCENE I. London. The palace,NA,NA,"With whose sweet smell the air shall be perfumed,"
1501,"King Henry VI, the second part","King Henry VI, the second part",NA,NA,William Shakespeare,contents,directions,ACT I,SCENE I. London. The palace,NA,NA,"And in my standard bear the arms of York,"
1501,"King Henry VI, the second part","King Henry VI, the second part",NA,NA,William Shakespeare,contents,directions,ACT I,SCENE I. London. The palace,NA,NA,To grapple with the house of Lancaster;
1501,"King Henry VI, the second part","King Henry VI, the second part",NA,NA,William Shakespeare,contents,directions,ACT I,SCENE I. London. The palace,NA,NA,"And force perforce I’ll make him yield the crown,"
1501,"King Henry VI, the second part","King Henry VI, the second part",NA,NA,William Shakespeare,contents,directions,ACT I,SCENE I. London. The palace,NA,NA,Whose bookish rule hath pulled fair England down.
1501,"King Henry VI, the second part","King Henry VI, the second part",NA,NA,William Shakespeare,contents,directions,ACT I,SCENE I. London. The palace,NA,NA,[Exit.]
1501,"King Henry VI, the second part","King Henry VI, the second part",NA,NA,William Shakespeare,contents,reference,ACT I,SCENE II. The Duke of Gloucester’s House,NA,NA,SCENE II. The Duke of Gloucester’s House
1501,"King Henry VI, the second part","King Henry VI, the second part",NA,NA,William Shakespeare,contents,directions,ACT I,SCENE II. The Duke of Gloucester’s House,NA,NA,Enter Duke Humphrey of Gloucester and his wife Eleanor.
1501,"King Henry VI, the second part","King Henry VI, the second part",NA,NA,William Shakespeare,contents,unknown,ACT I,SCENE II. The Duke of Gloucester’s House,NA,NA,ELEANOR.
1501,"King Henry VI, the second part","King Henry VI, the second part",NA,NA,William Shakespeare,contents,directions,ACT I,SCENE II. The Duke of Gloucester’s House,NA,NA,"Why droops my lord, like over-ripened corn"
1501,"King Henry VI, the second part","King Henry VI, the second part",NA,NA,William Shakespeare,contents,directions,ACT I,SCENE II. The Duke of Gloucester’s House,NA,NA,Hanging the head at Ceres’ plenteous load?
1501,"King Henry VI, the second part","King Henry VI, the second part",NA,NA,William Shakespeare,contents,directions,ACT I,SCENE II. The Duke of Gloucester’s House,NA,NA,"Why doth the great Duke Humphrey knit his brows,"
1501,"King Henry VI, the second part","King Henry VI, the second part",NA,NA,William Shakespeare,contents,directions,ACT I,SCENE II. The Duke of Gloucester’s House,NA,NA,As frowning at the favours of the world?
1501,"King Henry VI, the second part","King Henry VI, the second part",NA,NA,William Shakespeare,contents,directions,ACT I,SCENE II. The Duke of Gloucester’s House,NA,NA,"Why are thine eyes fixed to the sullen earth,"
1501,"King Henry VI, the second part","King Henry VI, the second part",NA,NA,William Shakespeare,contents,directions,ACT I,SCENE II. The Duke of Gloucester’s House,NA,NA,Gazing on that which seems to dim thy sight?
1501,"King Henry VI, the second part","King Henry VI, the second part",NA,NA,William Shakespeare,contents,directions,ACT I,SCENE II. The Duke of Gloucester’s House,NA,NA,"What seest thou there? King Henry’s diadem,"
1501,"King Henry VI, the second part","King Henry VI, the second part",NA,NA,William Shakespeare,contents,directions,ACT I,SCENE II. The Duke of Gloucester’s House,NA,NA,Enchased with all the honours of the world?
1501,"King Henry VI, the second part","King Henry VI, the second part",NA,NA,William Shakespeare,contents,directions,ACT I,SCENE II. The Duke of Gloucester’s House,NA,NA,"If so, gaze on, and grovel on thy face,"
1501,"King Henry VI, the second part","King Henry VI, the second part",NA,NA,William Shakespeare,contents,directions,ACT I,SCENE II. The Duke of Gloucester’s House,NA,NA,Until thy head be circled with the same.
1501,"King Henry VI, the second part","King Henry VI, the second part",NA,NA,William Shakespeare,contents,directions,ACT I,SCENE II. The Duke of Gloucester’s House,NA,NA,"Put forth thy hand, reach at the glorious gold."
1501,"King Henry VI, the second part","King Henry VI, the second part",NA,NA,William Shakespeare,contents,directions,ACT I,SCENE II. The Duke of Gloucester’s House,NA,NA,"What, is’t too short? I’ll lengthen it with mine;"
1501,"King Henry VI, the second part","King Henry VI, the second part",NA,NA,William Shakespeare,contents,directions,ACT I,SCENE II. The Duke of Gloucester’s House,NA,NA,"And, having both together heaved it up,"
1501,"King Henry VI, the second part","King Henry VI, the second part",NA,NA,William Shakespeare,contents,directions,ACT I,SCENE II. The Duke of Gloucester’s House,NA,NA,"We’ll both together lift our heads to heaven,"
1501,"King Henry VI, the second part","King Henry VI, the second part",NA,NA,William Shakespeare,contents,directions,ACT I,SCENE II. The Duke of Gloucester’s House,NA,NA,And never more abase our sight so low
1501,"King Henry VI, the second part","King Henry VI, the second part",NA,NA,William Shakespeare,contents,directions,ACT I,SCENE II. The Duke of Gloucester’s House,NA,NA,As to vouchsafe one glance unto the ground.
1501,"King Henry VI, the second part","King Henry VI, the second part",NA,NA,William Shakespeare,contents,unknown,ACT I,SCENE II. The Duke of Gloucester’s House,NA,NA,GLOUCESTER.
1501,"King Henry VI, the second part","King Henry VI, the second part",NA,NA,William Shakespeare,contents,directions,ACT I,SCENE II. The Duke of Gloucester’s House,NA,NA,"O Nell, sweet Nell, if thou dost love thy lord,"
1501,"King Henry VI, the second part","King Henry VI, the second part",NA,NA,William Shakespeare,contents,directions,ACT I,SCENE II. The Duke of Gloucester’s House,NA,NA,Banish the canker of ambitious thoughts.
1501,"King Henry VI, the second part","King Henry VI, the second part",NA,NA,William Shakespeare,contents,directions,ACT I,SCENE II. The Duke of Gloucester’s House,NA,NA,And may that hour when I imagine ill
1501,"King Henry VI, the second part","King Henry VI, the second part",NA,NA,William Shakespeare,contents,directions,ACT I,SCENE II. The Duke of Gloucester’s House,NA,NA,"Against my King and nephew, virtuous Henry,"
1501,"King Henry VI, the second part","King Henry VI, the second part",NA,NA,William Shakespeare,contents,directions,ACT I,SCENE II. The Duke of Gloucester’s House,NA,NA,Be my last breathing in this mortal world!
1501,"King Henry VI, the second part","King Henry VI, the second part",NA,NA,William Shakespeare,contents,directions,ACT I,SCENE II. The Duke of Gloucester’s House,NA,NA,My troublous dreams this night doth make me sad.
1501,"King Henry VI, the second part","King Henry VI, the second part",NA,NA,William Shakespeare,contents,unknown,ACT I,SCENE II. The Duke of Gloucester’s House,NA,NA,ELEANOR.
1501,"King Henry VI, the second part","King Henry VI, the second part",NA,NA,William Shakespeare,contents,directions,ACT I,SCENE II. The Duke of Gloucester’s House,NA,NA,"What dreamed my lord? Tell me, and I’ll requite it"
1501,"King Henry VI, the second part","King Henry VI, the second part",NA,NA,William Shakespeare,contents,directions,ACT I,SCENE II. The Duke of Gloucester’s House,NA,NA,With sweet rehearsal of my morning’s dream.
1501,"King Henry VI, the second part","King Henry VI, the second part",NA,NA,William Shakespeare,contents,unknown,ACT I,SCENE II. The Duke of Gloucester’s House,NA,NA,GLOUCESTER.
1501,"King Henry VI, the second part","King Henry VI, the second part",NA,NA,William Shakespeare,contents,directions,ACT I,SCENE II. The Duke of Gloucester’s House,NA,NA,"Methought this staff, mine office-badge in court,"
1501,"King Henry VI, the second part","King Henry VI, the second part",NA,NA,William Shakespeare,contents,directions,ACT I,SCENE II. The Duke of Gloucester’s House,NA,NA,"Was broke in twain; by whom I have forgot,"
1501,"King Henry VI, the second part","King Henry VI, the second part",NA,NA,William Shakespeare,contents,directions,ACT I,SCENE II. The Duke of Gloucester’s House,NA,NA,"But, as I think, it was by th’ Cardinal,"
1501,"King Henry VI, the second part","King Henry VI, the second part",NA,NA,William Shakespeare,contents,directions,ACT I,SCENE II. The Duke of Gloucester’s House,NA,NA,And on the pieces of the broken wand
1501,"King Henry VI, the second part","King Henry VI, the second part",NA,NA,William Shakespeare,contents,directions,ACT I,SCENE II. The Duke of Gloucester’s House,NA,NA,"Were placed the heads of Edmund, Duke of Somerset"
1501,"King Henry VI, the second part","King Henry VI, the second part",NA,NA,William Shakespeare,contents,directions,ACT I,SCENE II. The Duke of Gloucester’s House,NA,NA,"And William de la Pole, first Duke of Suffolk."
1501,"King Henry VI, the second part","King Henry VI, the second part",NA,NA,William Shakespeare,contents,directions,ACT I,SCENE II. The Duke of Gloucester’s House,NA,NA,"This was my dream; what it doth bode, God knows."
1501,"King Henry VI, the second part","King Henry VI, the second part",NA,NA,William Shakespeare,contents,unknown,ACT I,SCENE II. The Duke of Gloucester’s House,NA,NA,ELEANOR.
1501,"King Henry VI, the second part","King Henry VI, the second part",NA,NA,William Shakespeare,contents,directions,ACT I,SCENE II. The Duke of Gloucester’s House,NA,NA,"Tut, this was nothing but an argument"
1501,"King Henry VI, the second part","King Henry VI, the second part",NA,NA,William Shakespeare,contents,directions,ACT I,SCENE II. The Duke of Gloucester’s House,NA,NA,That he that breaks a stick of Gloucester’s grove
1501,"King Henry VI, the second part","King Henry VI, the second part",NA,NA,William Shakespeare,contents,directions,ACT I,SCENE II. The Duke of Gloucester’s House,NA,NA,Shall lose his head for his presumption.
1501,"King Henry VI, the second part","King Henry VI, the second part",NA,NA,William Shakespeare,contents,directions,ACT I,SCENE II. The Duke of Gloucester’s House,NA,NA,"But list to me, my Humphrey, my sweet Duke:"
1501,"King Henry VI, the second part","King Henry VI, the second part",NA,NA,William Shakespeare,contents,directions,ACT I,SCENE II. The Duke of Gloucester’s House,NA,NA,Methought I sat in seat of majesty
1501,"King Henry VI, the second part","King Henry VI, the second part",NA,NA,William Shakespeare,contents,directions,ACT I,SCENE II. The Duke of Gloucester’s House,NA,NA,In the cathedral church of Westminster
1501,"King Henry VI, the second part","King Henry VI, the second part",NA,NA,William Shakespeare,contents,directions,ACT I,SCENE II. The Duke of Gloucester’s House,NA,NA,"And in that chair where kings and queens are crowned,"
1501,"King Henry VI, the second part","King Henry VI, the second part",NA,NA,William Shakespeare,contents,directions,ACT I,SCENE II. The Duke of Gloucester’s House,NA,NA,Where Henry and Dame Margaret kneeled to me
1501,"King Henry VI, the second part","King Henry VI, the second part",NA,NA,William Shakespeare,contents,directions,ACT I,SCENE II. The Duke of Gloucester’s House,NA,NA,And on my head did set the diadem.
1501,"King Henry VI, the second part","King Henry VI, the second part",NA,NA,William Shakespeare,contents,unknown,ACT I,SCENE II. The Duke of Gloucester’s House,NA,NA,GLOUCESTER.
1501,"King Henry VI, the second part","King Henry VI, the second part",NA,NA,William Shakespeare,contents,directions,ACT I,SCENE II. The Duke of Gloucester’s House,NA,NA,"Nay, Eleanor, then must I chide outright."
1501,"King Henry VI, the second part","King Henry VI, the second part",NA,NA,William Shakespeare,contents,directions,ACT I,SCENE II. The Duke of Gloucester’s House,NA,NA,"Presumptuous dame, ill-nurtured Eleanor,"
1501,"King Henry VI, the second part","King Henry VI, the second part",NA,NA,William Shakespeare,contents,directions,ACT I,SCENE II. The Duke of Gloucester’s House,NA,NA,"Art thou not second woman in the realm,"
1501,"King Henry VI, the second part","King Henry VI, the second part",NA,NA,William Shakespeare,contents,directions,ACT I,SCENE II. The Duke of Gloucester’s House,NA,NA,"And the Protector’s wife, beloved of him?"
1501,"King Henry VI, the second part","King Henry VI, the second part",NA,NA,William Shakespeare,contents,directions,ACT I,SCENE II. The Duke of Gloucester’s House,NA,NA,"Hast thou not worldly pleasure at command,"
1501,"King Henry VI, the second part","King Henry VI, the second part",NA,NA,William Shakespeare,contents,directions,ACT I,SCENE II. The Duke of Gloucester’s House,NA,NA,Above the reach or compass of thy thought?
1501,"King Henry VI, the second part","King Henry VI, the second part",NA,NA,William Shakespeare,contents,directions,ACT I,SCENE II. The Duke of Gloucester’s House,NA,NA,And wilt thou still be hammering treachery
1501,"King Henry VI, the second part","King Henry VI, the second part",NA,NA,William Shakespeare,contents,directions,ACT I,SCENE II. The Duke of Gloucester’s House,NA,NA,To tumble down thy husband and thyself
1501,"King Henry VI, the second part","King Henry VI, the second part",NA,NA,William Shakespeare,contents,directions,ACT I,SCENE II. The Duke of Gloucester’s House,NA,NA,From top of honour to disgrace’s feet?
1501,"King Henry VI, the second part","King Henry VI, the second part",NA,NA,William Shakespeare,contents,directions,ACT I,SCENE II. The Duke of Gloucester’s House,NA,NA,"Away from me, and let me hear no more!"
1501,"King Henry VI, the second part","King Henry VI, the second part",NA,NA,William Shakespeare,contents,unknown,ACT I,SCENE II. The Duke of Gloucester’s House,NA,NA,ELEANOR.
1501,"King Henry VI, the second part","King Henry VI, the second part",NA,NA,William Shakespeare,contents,directions,ACT I,SCENE II. The Duke of Gloucester’s House,NA,NA,"What, what, my lord! Are you so choleric"
1501,"King Henry VI, the second part","King Henry VI, the second part",NA,NA,William Shakespeare,contents,directions,ACT I,SCENE II. The Duke of Gloucester’s House,NA,NA,With Eleanor for telling but her dream?
1501,"King Henry VI, the second part","King Henry VI, the second part",NA,NA,William Shakespeare,contents,directions,ACT I,SCENE II. The Duke of Gloucester’s House,NA,NA,"Next time I’ll keep my dreams unto myself,"
1501,"King Henry VI, the second part","King Henry VI, the second part",NA,NA,William Shakespeare,contents,directions,ACT I,SCENE II. The Duke of Gloucester’s House,NA,NA,And not be checked.
1501,"King Henry VI, the second part","King Henry VI, the second part",NA,NA,William Shakespeare,contents,unknown,ACT I,SCENE II. The Duke of Gloucester’s House,NA,NA,GLOUCESTER.
1501,"King Henry VI, the second part","King Henry VI, the second part",NA,NA,William Shakespeare,contents,directions,ACT I,SCENE II. The Duke of Gloucester’s House,NA,NA,"Nay, be not angry, I am pleased again."
1501,"King Henry VI, the second part","King Henry VI, the second part",NA,NA,William Shakespeare,contents,directions,ACT I,SCENE II. The Duke of Gloucester’s House,NA,NA,Enter Messenger.
1501,"King Henry VI, the second part","King Henry VI, the second part",NA,NA,William Shakespeare,contents,unknown,ACT I,SCENE II. The Duke of Gloucester’s House,NA,NA,MESSENGER.
1501,"King Henry VI, the second part","King Henry VI, the second part",NA,NA,William Shakespeare,contents,directions,ACT I,SCENE II. The Duke of Gloucester’s House,NA,NA,"My Lord Protector, ’tis his highness’ pleasure"
1501,"King Henry VI, the second part","King Henry VI, the second part",NA,NA,William Shakespeare,contents,directions,ACT I,SCENE II. The Duke of Gloucester’s House,NA,NA,"You do prepare to ride unto Saint Albans,"
1501,"King Henry VI, the second part","King Henry VI, the second part",NA,NA,William Shakespeare,contents,directions,ACT I,SCENE II. The Duke of Gloucester’s House,NA,NA,Whereas the King and Queen do mean to hawk.
1501,"King Henry VI, the second part","King Henry VI, the second part",NA,NA,William Shakespeare,contents,unknown,ACT I,SCENE II. The Duke of Gloucester’s House,NA,NA,GLOUCESTER.
1501,"King Henry VI, the second part","King Henry VI, the second part",NA,NA,William Shakespeare,contents,directions,ACT I,SCENE II. The Duke of Gloucester’s House,NA,NA,"I go. Come, Nell, thou wilt ride with us?"
1501,"King Henry VI, the second part","King Henry VI, the second part",NA,NA,William Shakespeare,contents,unknown,ACT I,SCENE II. The Duke of Gloucester’s House,NA,NA,ELEANOR.
1501,"King Henry VI, the second part","King Henry VI, the second part",NA,NA,William Shakespeare,contents,directions,ACT I,SCENE II. The Duke of Gloucester’s House,NA,NA,"Yes, my good lord, I’ll follow presently."
1501,"King Henry VI, the second part","King Henry VI, the second part",NA,NA,William Shakespeare,contents,directions,ACT I,SCENE II. The Duke of Gloucester’s House,NA,NA,[Exeunt Gloucester and Messenger.]
1501,"King Henry VI, the second part","King Henry VI, the second part",NA,NA,William Shakespeare,contents,directions,ACT I,SCENE II. The Duke of Gloucester’s House,NA,NA,Follow I must; I cannot go before
1501,"King Henry VI, the second part","King Henry VI, the second part",NA,NA,William Shakespeare,contents,directions,ACT I,SCENE II. The Duke of Gloucester’s House,NA,NA,While Gloucester bears this base and humble mind.
1501,"King Henry VI, the second part","King Henry VI, the second part",NA,NA,William Shakespeare,contents,directions,ACT I,SCENE II. The Duke of Gloucester’s House,NA,NA,"Were I a man, a duke, and next of blood,"
1501,"King Henry VI, the second part","King Henry VI, the second part",NA,NA,William Shakespeare,contents,directions,ACT I,SCENE II. The Duke of Gloucester’s House,NA,NA,I would remove these tedious stumbling-blocks
1501,"King Henry VI, the second part","King Henry VI, the second part",NA,NA,William Shakespeare,contents,directions,ACT I,SCENE II. The Duke of Gloucester’s House,NA,NA,And smooth my way upon their headless necks;
1501,"King Henry VI, the second part","King Henry VI, the second part",NA,NA,William Shakespeare,contents,directions,ACT I,SCENE II. The Duke of Gloucester’s House,NA,NA,"And, being a woman, I will not be slack"
1501,"King Henry VI, the second part","King Henry VI, the second part",NA,NA,William Shakespeare,contents,directions,ACT I,SCENE II. The Duke of Gloucester’s House,NA,NA,To play my part in Fortune’s pageant.—
1501,"King Henry VI, the second part","King Henry VI, the second part",NA,NA,William Shakespeare,contents,directions,ACT I,SCENE II. The Duke of Gloucester’s House,NA,NA,"Where are you there? Sir John! Nay, fear not, man,"
1501,"King Henry VI, the second part","King Henry VI, the second part",NA,NA,William Shakespeare,contents,directions,ACT I,SCENE II. The Duke of Gloucester’s House,NA,NA,We are alone; here’s none but thee and I.
1501,"King Henry VI, the second part","King Henry VI, the second part",NA,NA,William Shakespeare,contents,directions,ACT I,SCENE II. The Duke of Gloucester’s House,NA,NA,Enter Hume.
1501,"King Henry VI, the second part","King Henry VI, the second part",NA,NA,William Shakespeare,contents,unknown,ACT I,SCENE II. The Duke of Gloucester’s House,NA,NA,HUME.
1501,"King Henry VI, the second part","King Henry VI, the second part",NA,NA,William Shakespeare,contents,directions,ACT I,SCENE II. The Duke of Gloucester’s House,NA,NA,Jesus preserve your royal majesty!
1501,"King Henry VI, the second part","King Henry VI, the second part",NA,NA,William Shakespeare,contents,unknown,ACT I,SCENE II. The Duke of Gloucester’s House,NA,NA,ELEANOR.
1501,"King Henry VI, the second part","King Henry VI, the second part",NA,NA,William Shakespeare,contents,directions,ACT I,SCENE II. The Duke of Gloucester’s House,NA,NA,What sayst thou? Majesty! I am but grace.
1501,"King Henry VI, the second part","King Henry VI, the second part",NA,NA,William Shakespeare,contents,unknown,ACT I,SCENE II. The Duke of Gloucester’s House,NA,NA,HUME.
1501,"King Henry VI, the second part","King Henry VI, the second part",NA,NA,William Shakespeare,contents,directions,ACT I,SCENE II. The Duke of Gloucester’s House,NA,NA,"But, by the grace of God, and Hume’s advice,"
1501,"King Henry VI, the second part","King Henry VI, the second part",NA,NA,William Shakespeare,contents,directions,ACT I,SCENE II. The Duke of Gloucester’s House,NA,NA,Your grace’s title shall be multiplied.
1501,"King Henry VI, the second part","King Henry VI, the second part",NA,NA,William Shakespeare,contents,unknown,ACT I,SCENE II. The Duke of Gloucester’s House,NA,NA,ELEANOR.
1501,"King Henry VI, the second part","King Henry VI, the second part",NA,NA,William Shakespeare,contents,directions,ACT I,SCENE II. The Duke of Gloucester’s House,NA,NA,"What sayst thou, man? Hast thou as yet conferred"
1501,"King Henry VI, the second part","King Henry VI, the second part",NA,NA,William Shakespeare,contents,directions,ACT I,SCENE II. The Duke of Gloucester’s House,NA,NA,"With Margery Jourdain, the cunning witch,"
1501,"King Henry VI, the second part","King Henry VI, the second part",NA,NA,William Shakespeare,contents,directions,ACT I,SCENE II. The Duke of Gloucester’s House,NA,NA,"With Roger Bolingbroke, the conjurer?"
1501,"King Henry VI, the second part","King Henry VI, the second part",NA,NA,William Shakespeare,contents,directions,ACT I,SCENE II. The Duke of Gloucester’s House,NA,NA,And will they undertake to do me good?
1501,"King Henry VI, the second part","King Henry VI, the second part",NA,NA,William Shakespeare,contents,unknown,ACT I,SCENE II. The Duke of Gloucester’s House,NA,NA,HUME.
1501,"King Henry VI, the second part","King Henry VI, the second part",NA,NA,William Shakespeare,contents,directions,ACT I,SCENE II. The Duke of Gloucester’s House,NA,NA,"This they have promised, to show your highness"
1501,"King Henry VI, the second part","King Henry VI, the second part",NA,NA,William Shakespeare,contents,directions,ACT I,SCENE II. The Duke of Gloucester’s House,NA,NA,"A spirit raised from depth of underground,"
1501,"King Henry VI, the second part","King Henry VI, the second part",NA,NA,William Shakespeare,contents,directions,ACT I,SCENE II. The Duke of Gloucester’s House,NA,NA,That shall make answer to such questions
1501,"King Henry VI, the second part","King Henry VI, the second part",NA,NA,William Shakespeare,contents,directions,ACT I,SCENE II. The Duke of Gloucester’s House,NA,NA,As by your Grace shall be propounded him.
1501,"King Henry VI, the second part","King Henry VI, the second part",NA,NA,William Shakespeare,contents,unknown,ACT I,SCENE II. The Duke of Gloucester’s House,NA,NA,ELEANOR.
1501,"King Henry VI, the second part","King Henry VI, the second part",NA,NA,William Shakespeare,contents,directions,ACT I,SCENE II. The Duke of Gloucester’s House,NA,NA,"It is enough, I’ll think upon the questions."
1501,"King Henry VI, the second part","King Henry VI, the second part",NA,NA,William Shakespeare,contents,directions,ACT I,SCENE II. The Duke of Gloucester’s House,NA,NA,"When from Saint Albans we do make return,"
1501,"King Henry VI, the second part","King Henry VI, the second part",NA,NA,William Shakespeare,contents,directions,ACT I,SCENE II. The Duke of Gloucester’s House,NA,NA,We’ll see these things effected to the full.
1501,"King Henry VI, the second part","King Henry VI, the second part",NA,NA,William Shakespeare,contents,directions,ACT I,SCENE II. The Duke of Gloucester’s House,NA,NA,"Here, Hume, take this reward; make merry, man,"
1501,"King Henry VI, the second part","King Henry VI, the second part",NA,NA,William Shakespeare,contents,directions,ACT I,SCENE II. The Duke of Gloucester’s House,NA,NA,With thy confederates in this weighty cause.
1501,"King Henry VI, the second part","King Henry VI, the second part",NA,NA,William Shakespeare,contents,directions,ACT I,SCENE II. The Duke of Gloucester’s House,NA,NA,[Exit.]
1501,"King Henry VI, the second part","King Henry VI, the second part",NA,NA,William Shakespeare,contents,unknown,ACT I,SCENE II. The Duke of Gloucester’s House,NA,NA,HUME.
1501,"King Henry VI, the second part","King Henry VI, the second part",NA,NA,William Shakespeare,contents,directions,ACT I,SCENE II. The Duke of Gloucester’s House,NA,NA,Hume must make merry with the Duchess’ gold.
1501,"King Henry VI, the second part","King Henry VI, the second part",NA,NA,William Shakespeare,contents,directions,ACT I,SCENE II. The Duke of Gloucester’s House,NA,NA,"Marry, and shall. But, how now, Sir John Hume!"
1501,"King Henry VI, the second part","King Henry VI, the second part",NA,NA,William Shakespeare,contents,directions,ACT I,SCENE II. The Duke of Gloucester’s House,NA,NA,"Seal up your lips, and give no words but mum;"
1501,"King Henry VI, the second part","King Henry VI, the second part",NA,NA,William Shakespeare,contents,directions,ACT I,SCENE II. The Duke of Gloucester’s House,NA,NA,The business asketh silent secrecy.
1501,"King Henry VI, the second part","King Henry VI, the second part",NA,NA,William Shakespeare,contents,directions,ACT I,SCENE II. The Duke of Gloucester’s House,NA,NA,Dame Eleanor gives gold to bring the witch;
1501,"King Henry VI, the second part","King Henry VI, the second part",NA,NA,William Shakespeare,contents,directions,ACT I,SCENE II. The Duke of Gloucester’s House,NA,NA,"Gold cannot come amiss, were she a devil."
1501,"King Henry VI, the second part","King Henry VI, the second part",NA,NA,William Shakespeare,contents,directions,ACT I,SCENE II. The Duke of Gloucester’s House,NA,NA,Yet have I gold flies from another coast.
1501,"King Henry VI, the second part","King Henry VI, the second part",NA,NA,William Shakespeare,contents,directions,ACT I,SCENE II. The Duke of Gloucester’s House,NA,NA,"I dare not say, from the rich cardinal"
1501,"King Henry VI, the second part","King Henry VI, the second part",NA,NA,William Shakespeare,contents,directions,ACT I,SCENE II. The Duke of Gloucester’s House,NA,NA,"And from the great and new-made Duke of Suffolk,"
1501,"King Henry VI, the second part","King Henry VI, the second part",NA,NA,William Shakespeare,contents,directions,ACT I,SCENE II. The Duke of Gloucester’s House,NA,NA,"Yet I do find it so. For, to be plain,"
1501,"King Henry VI, the second part","King Henry VI, the second part",NA,NA,William Shakespeare,contents,directions,ACT I,SCENE II. The Duke of Gloucester’s House,NA,NA,"They, knowing Dame Eleanor’s aspiring humour,"
1501,"King Henry VI, the second part","King Henry VI, the second part",NA,NA,William Shakespeare,contents,directions,ACT I,SCENE II. The Duke of Gloucester’s House,NA,NA,Have hired me to undermine the Duchess
1501,"King Henry VI, the second part","King Henry VI, the second part",NA,NA,William Shakespeare,contents,directions,ACT I,SCENE II. The Duke of Gloucester’s House,NA,NA,And buzz these conjurations in her brain.
1501,"King Henry VI, the second part","King Henry VI, the second part",NA,NA,William Shakespeare,contents,directions,ACT I,SCENE II. The Duke of Gloucester’s House,NA,NA,"They say “A crafty knave does need no broker”,"
1501,"King Henry VI, the second part","King Henry VI, the second part",NA,NA,William Shakespeare,contents,directions,ACT I,SCENE II. The Duke of Gloucester’s House,NA,NA,Yet am I Suffolk and the cardinal’s broker.
1501,"King Henry VI, the second part","King Henry VI, the second part",NA,NA,William Shakespeare,contents,directions,ACT I,SCENE II. The Duke of Gloucester’s House,NA,NA,"Hume, if you take not heed, you shall go near"
1501,"King Henry VI, the second part","King Henry VI, the second part",NA,NA,William Shakespeare,contents,directions,ACT I,SCENE II. The Duke of Gloucester’s House,NA,NA,To call them both a pair of crafty knaves.
1501,"King Henry VI, the second part","King Henry VI, the second part",NA,NA,William Shakespeare,contents,directions,ACT I,SCENE II. The Duke of Gloucester’s House,NA,NA,"Well, so its stands; and thus, I fear, at last"
1501,"King Henry VI, the second part","King Henry VI, the second part",NA,NA,William Shakespeare,contents,directions,ACT I,SCENE II. The Duke of Gloucester’s House,NA,NA,"Hume’s knavery will be the Duchess’ wrack,"
1501,"King Henry VI, the second part","King Henry VI, the second part",NA,NA,William Shakespeare,contents,directions,ACT I,SCENE II. The Duke of Gloucester’s House,NA,NA,And her attainture will be Humphrey’s fall.
1501,"King Henry VI, the second part","King Henry VI, the second part",NA,NA,William Shakespeare,contents,directions,ACT I,SCENE II. The Duke of Gloucester’s House,NA,NA,"Sort how it will, I shall have gold for all."
1501,"King Henry VI, the second part","King Henry VI, the second part",NA,NA,William Shakespeare,contents,directions,ACT I,SCENE II. The Duke of Gloucester’s House,NA,NA,[Exit.]
1501,"King Henry VI, the second part","King Henry VI, the second part",NA,NA,William Shakespeare,contents,reference,ACT I,SCENE III. London. The palace,NA,NA,SCENE III. London. The palace
1501,"King Henry VI, the second part","King Henry VI, the second part",NA,NA,William Shakespeare,contents,directions,ACT I,SCENE III. London. The palace,NA,NA,Enter Peter and Petitioners.
1501,"King Henry VI, the second part","King Henry VI, the second part",NA,NA,William Shakespeare,contents,unknown,ACT I,SCENE III. London. The palace,NA,NA,1 PETITIONER.
1501,"King Henry VI, the second part","King Henry VI, the second part",NA,NA,William Shakespeare,contents,directions,ACT I,SCENE III. London. The palace,NA,NA,"My masters, let’s stand close. My Lord Protector will come this way by"
1501,"King Henry VI, the second part","King Henry VI, the second part",NA,NA,William Shakespeare,contents,directions,ACT I,SCENE III. London. The palace,NA,NA,"and by, and then we may deliver our supplications in the quill."
1501,"King Henry VI, the second part","King Henry VI, the second part",NA,NA,William Shakespeare,contents,unknown,ACT I,SCENE III. London. The palace,NA,NA,2 PETITIONER.
1501,"King Henry VI, the second part","King Henry VI, the second part",NA,NA,William Shakespeare,contents,directions,ACT I,SCENE III. London. The palace,NA,NA,"Marry, the Lord protect him, for he’s a good man! Jesu bless him!"
1501,"King Henry VI, the second part","King Henry VI, the second part",NA,NA,William Shakespeare,contents,directions,ACT I,SCENE III. London. The palace,NA,NA,Enter Suffolk and Queen.
1501,"King Henry VI, the second part","King Henry VI, the second part",NA,NA,William Shakespeare,contents,unknown,ACT I,SCENE III. London. The palace,NA,NA,1 PETITIONER.
1501,"King Henry VI, the second part","King Henry VI, the second part",NA,NA,William Shakespeare,contents,directions,ACT I,SCENE III. London. The palace,NA,NA,"Here he comes, methinks, and the Queen with him. I’ll be the first,"
1501,"King Henry VI, the second part","King Henry VI, the second part",NA,NA,William Shakespeare,contents,directions,ACT I,SCENE III. London. The palace,NA,NA,sure.
1501,"King Henry VI, the second part","King Henry VI, the second part",NA,NA,William Shakespeare,contents,unknown,ACT I,SCENE III. London. The palace,NA,NA,2 PETITIONER.
1501,"King Henry VI, the second part","King Henry VI, the second part",NA,NA,William Shakespeare,contents,directions,ACT I,SCENE III. London. The palace,NA,NA,"Come back, fool! This is the Duke of Suffolk and not my Lord Protector."
1501,"King Henry VI, the second part","King Henry VI, the second part",NA,NA,William Shakespeare,contents,unknown,ACT I,SCENE III. London. The palace,NA,NA,SUFFOLK.
1501,"King Henry VI, the second part","King Henry VI, the second part",NA,NA,William Shakespeare,contents,directions,ACT I,SCENE III. London. The palace,NA,NA,"How now, fellow; wouldst anything with me?"
1501,"King Henry VI, the second part","King Henry VI, the second part",NA,NA,William Shakespeare,contents,unknown,ACT I,SCENE III. London. The palace,NA,NA,1 PETITIONER.
1501,"King Henry VI, the second part","King Henry VI, the second part",NA,NA,William Shakespeare,contents,directions,ACT I,SCENE III. London. The palace,NA,NA,"I pray, my lord, pardon me, I took ye for my Lord Protector."
1501,"King Henry VI, the second part","King Henry VI, the second part",NA,NA,William Shakespeare,contents,unknown,ACT I,SCENE III. London. The palace,NA,NA,QUEEN MARGARET.
1501,"King Henry VI, the second part","King Henry VI, the second part",NA,NA,William Shakespeare,contents,directions,ACT I,SCENE III. London. The palace,NA,NA,[Reading.] “To my Lord Protector.” Are your supplications to his
1501,"King Henry VI, the second part","King Henry VI, the second part",NA,NA,William Shakespeare,contents,directions,ACT I,SCENE III. London. The palace,NA,NA,lordship? Let me see them. What is thine?
1501,"King Henry VI, the second part","King Henry VI, the second part",NA,NA,William Shakespeare,contents,unknown,ACT I,SCENE III. London. The palace,NA,NA,1 PETITIONER.
1501,"King Henry VI, the second part","King Henry VI, the second part",NA,NA,William Shakespeare,contents,directions,ACT I,SCENE III. London. The palace,NA,NA,"Mine is, an ’t please your grace, against John Goodman, my Lord"
1501,"King Henry VI, the second part","King Henry VI, the second part",NA,NA,William Shakespeare,contents,directions,ACT I,SCENE III. London. The palace,NA,NA,"Cardinal’s man, for keeping my house and lands, and wife and all, from"
1501,"King Henry VI, the second part","King Henry VI, the second part",NA,NA,William Shakespeare,contents,directions,ACT I,SCENE III. London. The palace,NA,NA,me.
1501,"King Henry VI, the second part","King Henry VI, the second part",NA,NA,William Shakespeare,contents,unknown,ACT I,SCENE III. London. The palace,NA,NA,SUFFOLK.
1501,"King Henry VI, the second part","King Henry VI, the second part",NA,NA,William Shakespeare,contents,directions,ACT I,SCENE III. London. The palace,NA,NA,"Thy wife too! That’s some wrong, indeed.—What’s yours?—What’s here!"
1501,"King Henry VI, the second part","King Henry VI, the second part",NA,NA,William Shakespeare,contents,directions,ACT I,SCENE III. London. The palace,NA,NA,[Reads.] Against the Duke of Suffolk for enclosing the commons of
1501,"King Henry VI, the second part","King Henry VI, the second part",NA,NA,William Shakespeare,contents,directions,ACT I,SCENE III. London. The palace,NA,NA,"Melford. How now, sir knave!"
1501,"King Henry VI, the second part","King Henry VI, the second part",NA,NA,William Shakespeare,contents,unknown,ACT I,SCENE III. London. The palace,NA,NA,2 PETITIONER.
1501,"King Henry VI, the second part","King Henry VI, the second part",NA,NA,William Shakespeare,contents,directions,ACT I,SCENE III. London. The palace,NA,NA,"Alas, sir, I am but a poor petitioner of our whole township."
1501,"King Henry VI, the second part","King Henry VI, the second part",NA,NA,William Shakespeare,contents,unknown,ACT I,SCENE III. London. The palace,NA,NA,PETER.
1501,"King Henry VI, the second part","King Henry VI, the second part",NA,NA,William Shakespeare,contents,directions,ACT I,SCENE III. London. The palace,NA,NA,"[Giving his petition.] Against my master, Thomas Horner, for saying"
1501,"King Henry VI, the second part","King Henry VI, the second part",NA,NA,William Shakespeare,contents,directions,ACT I,SCENE III. London. The palace,NA,NA,that the Duke of York was rightful heir to the crown.
1501,"King Henry VI, the second part","King Henry VI, the second part",NA,NA,William Shakespeare,contents,unknown,ACT I,SCENE III. London. The palace,NA,NA,QUEEN MARGARET.
1501,"King Henry VI, the second part","King Henry VI, the second part",NA,NA,William Shakespeare,contents,directions,ACT I,SCENE III. London. The palace,NA,NA,What sayst thou? Did the Duke of York say he was rightful heir to the
1501,"King Henry VI, the second part","King Henry VI, the second part",NA,NA,William Shakespeare,contents,directions,ACT I,SCENE III. London. The palace,NA,NA,crown?
1501,"King Henry VI, the second part","King Henry VI, the second part",NA,NA,William Shakespeare,contents,unknown,ACT I,SCENE III. London. The palace,NA,NA,PETER.
1501,"King Henry VI, the second part","King Henry VI, the second part",NA,NA,William Shakespeare,contents,directions,ACT I,SCENE III. London. The palace,NA,NA,"That my master was? No, forsooth, my master said that he was, and that"
1501,"King Henry VI, the second part","King Henry VI, the second part",NA,NA,William Shakespeare,contents,directions,ACT I,SCENE III. London. The palace,NA,NA,the King was an usurper.
1501,"King Henry VI, the second part","King Henry VI, the second part",NA,NA,William Shakespeare,contents,unknown,ACT I,SCENE III. London. The palace,NA,NA,SUFFOLK.
1501,"King Henry VI, the second part","King Henry VI, the second part",NA,NA,William Shakespeare,contents,directions,ACT I,SCENE III. London. The palace,NA,NA,Who is there?
1501,"King Henry VI, the second part","King Henry VI, the second part",NA,NA,William Shakespeare,contents,directions,ACT I,SCENE III. London. The palace,NA,NA,Enter Servant.
1501,"King Henry VI, the second part","King Henry VI, the second part",NA,NA,William Shakespeare,contents,directions,ACT I,SCENE III. London. The palace,NA,NA,"Take this fellow in, and send for his master with a pursuivant"
1501,"King Henry VI, the second part","King Henry VI, the second part",NA,NA,William Shakespeare,contents,directions,ACT I,SCENE III. London. The palace,NA,NA,presently.—We’ll hear more of your matter before the King.
1501,"King Henry VI, the second part","King Henry VI, the second part",NA,NA,William Shakespeare,contents,directions,ACT I,SCENE III. London. The palace,NA,NA,[Exit Servant with Peter.]
1501,"King Henry VI, the second part","King Henry VI, the second part",NA,NA,William Shakespeare,contents,unknown,ACT I,SCENE III. London. The palace,NA,NA,QUEEN MARGARET.
1501,"King Henry VI, the second part","King Henry VI, the second part",NA,NA,William Shakespeare,contents,directions,ACT I,SCENE III. London. The palace,NA,NA,"And as for you, that love to be protected"
1501,"King Henry VI, the second part","King Henry VI, the second part",NA,NA,William Shakespeare,contents,directions,ACT I,SCENE III. London. The palace,NA,NA,"Under the wings of our Protector’s grace,"
1501,"King Henry VI, the second part","King Henry VI, the second part",NA,NA,William Shakespeare,contents,directions,ACT I,SCENE III. London. The palace,NA,NA,"Begin your suits anew, and sue to him."
1501,"King Henry VI, the second part","King Henry VI, the second part",NA,NA,William Shakespeare,contents,directions,ACT I,SCENE III. London. The palace,NA,NA,[Tears the supplications.]
1501,"King Henry VI, the second part","King Henry VI, the second part",NA,NA,William Shakespeare,contents,directions,ACT I,SCENE III. London. The palace,NA,NA,"Away, base cullions!—Suffolk, let them go."
1501,"King Henry VI, the second part","King Henry VI, the second part",NA,NA,William Shakespeare,contents,unknown,ACT I,SCENE III. London. The palace,NA,NA,ALL.
1501,"King Henry VI, the second part","King Henry VI, the second part",NA,NA,William Shakespeare,contents,directions,ACT I,SCENE III. London. The palace,NA,NA,"Come, let’s be gone."
1501,"King Henry VI, the second part","King Henry VI, the second part",NA,NA,William Shakespeare,contents,directions,ACT I,SCENE III. London. The palace,NA,NA,[Exeunt.]
1501,"King Henry VI, the second part","King Henry VI, the second part",NA,NA,William Shakespeare,contents,unknown,ACT I,SCENE III. London. The palace,NA,NA,QUEEN MARGARET.
1501,"King Henry VI, the second part","King Henry VI, the second part",NA,NA,William Shakespeare,contents,directions,ACT I,SCENE III. London. The palace,NA,NA,"My Lord of Suffolk, say, is this the guise,"
1501,"King Henry VI, the second part","King Henry VI, the second part",NA,NA,William Shakespeare,contents,directions,ACT I,SCENE III. London. The palace,NA,NA,Is this the fashion in the court of England?
1501,"King Henry VI, the second part","King Henry VI, the second part",NA,NA,William Shakespeare,contents,directions,ACT I,SCENE III. London. The palace,NA,NA,"Is this the government of Britain’s isle,"
1501,"King Henry VI, the second part","King Henry VI, the second part",NA,NA,William Shakespeare,contents,directions,ACT I,SCENE III. London. The palace,NA,NA,And this the royalty of Albion’s king?
1501,"King Henry VI, the second part","King Henry VI, the second part",NA,NA,William Shakespeare,contents,directions,ACT I,SCENE III. London. The palace,NA,NA,"What, shall King Henry be a pupil still"
1501,"King Henry VI, the second part","King Henry VI, the second part",NA,NA,William Shakespeare,contents,directions,ACT I,SCENE III. London. The palace,NA,NA,Under the surly Gloucester’s governance?
1501,"King Henry VI, the second part","King Henry VI, the second part",NA,NA,William Shakespeare,contents,directions,ACT I,SCENE III. London. The palace,NA,NA,"Am I a queen in title and in style,"
1501,"King Henry VI, the second part","King Henry VI, the second part",NA,NA,William Shakespeare,contents,directions,ACT I,SCENE III. London. The palace,NA,NA,And must be made a subject to a duke?
1501,"King Henry VI, the second part","King Henry VI, the second part",NA,NA,William Shakespeare,contents,directions,ACT I,SCENE III. London. The palace,NA,NA,"I tell thee, Pole, when in the city Tours"
1501,"King Henry VI, the second part","King Henry VI, the second part",NA,NA,William Shakespeare,contents,directions,ACT I,SCENE III. London. The palace,NA,NA,Thou ran’st atilt in honour of my love
1501,"King Henry VI, the second part","King Henry VI, the second part",NA,NA,William Shakespeare,contents,directions,ACT I,SCENE III. London. The palace,NA,NA,"And stol’st away the ladies’ hearts of France,"
1501,"King Henry VI, the second part","King Henry VI, the second part",NA,NA,William Shakespeare,contents,directions,ACT I,SCENE III. London. The palace,NA,NA,I thought King Henry had resembled thee
1501,"King Henry VI, the second part","King Henry VI, the second part",NA,NA,William Shakespeare,contents,directions,ACT I,SCENE III. London. The palace,NA,NA,"In courage, courtship, and proportion."
1501,"King Henry VI, the second part","King Henry VI, the second part",NA,NA,William Shakespeare,contents,directions,ACT I,SCENE III. London. The palace,NA,NA,"But all his mind is bent to holiness,"
1501,"King Henry VI, the second part","King Henry VI, the second part",NA,NA,William Shakespeare,contents,directions,ACT I,SCENE III. London. The palace,NA,NA,To number Ave-Maries on his beads.
1501,"King Henry VI, the second part","King Henry VI, the second part",NA,NA,William Shakespeare,contents,directions,ACT I,SCENE III. London. The palace,NA,NA,"His champions are the prophets and apostles,"
1501,"King Henry VI, the second part","King Henry VI, the second part",NA,NA,William Shakespeare,contents,directions,ACT I,SCENE III. London. The palace,NA,NA,"His weapons holy saws of sacred writ,"
1501,"King Henry VI, the second part","King Henry VI, the second part",NA,NA,William Shakespeare,contents,directions,ACT I,SCENE III. London. The palace,NA,NA,"His study is his tilt-yard, and his loves"
1501,"King Henry VI, the second part","King Henry VI, the second part",NA,NA,William Shakespeare,contents,directions,ACT I,SCENE III. London. The palace,NA,NA,Are brazen images of canonized saints.
1501,"King Henry VI, the second part","King Henry VI, the second part",NA,NA,William Shakespeare,contents,directions,ACT I,SCENE III. London. The palace,NA,NA,I would the college of the cardinals
1501,"King Henry VI, the second part","King Henry VI, the second part",NA,NA,William Shakespeare,contents,directions,ACT I,SCENE III. London. The palace,NA,NA,Would choose him pope and carry him to Rome
1501,"King Henry VI, the second part","King Henry VI, the second part",NA,NA,William Shakespeare,contents,directions,ACT I,SCENE III. London. The palace,NA,NA,And set the triple crown upon his head!
1501,"King Henry VI, the second part","King Henry VI, the second part",NA,NA,William Shakespeare,contents,directions,ACT I,SCENE III. London. The palace,NA,NA,That were a state fit for his holiness.
1501,"King Henry VI, the second part","King Henry VI, the second part",NA,NA,William Shakespeare,contents,unknown,ACT I,SCENE III. London. The palace,NA,NA,SUFFOLK.
1501,"King Henry VI, the second part","King Henry VI, the second part",NA,NA,William Shakespeare,contents,directions,ACT I,SCENE III. London. The palace,NA,NA,"Madam, be patient. As I was cause"
1501,"King Henry VI, the second part","King Henry VI, the second part",NA,NA,William Shakespeare,contents,directions,ACT I,SCENE III. London. The palace,NA,NA,"Your highness came to England, so will I"
1501,"King Henry VI, the second part","King Henry VI, the second part",NA,NA,William Shakespeare,contents,directions,ACT I,SCENE III. London. The palace,NA,NA,In England work your grace’s full content.
1501,"King Henry VI, the second part","King Henry VI, the second part",NA,NA,William Shakespeare,contents,unknown,ACT I,SCENE III. London. The palace,NA,NA,QUEEN MARGARET.
1501,"King Henry VI, the second part","King Henry VI, the second part",NA,NA,William Shakespeare,contents,directions,ACT I,SCENE III. London. The palace,NA,NA,"Beside the haughty Protector, have we Beaufort"
1501,"King Henry VI, the second part","King Henry VI, the second part",NA,NA,William Shakespeare,contents,directions,ACT I,SCENE III. London. The palace,NA,NA,"The imperious churchman, Somerset, Buckingham,"
1501,"King Henry VI, the second part","King Henry VI, the second part",NA,NA,William Shakespeare,contents,directions,ACT I,SCENE III. London. The palace,NA,NA,And grumbling York; and not the least of these
1501,"King Henry VI, the second part","King Henry VI, the second part",NA,NA,William Shakespeare,contents,directions,ACT I,SCENE III. London. The palace,NA,NA,But can do more in England than the King.
1501,"King Henry VI, the second part","King Henry VI, the second part",NA,NA,William Shakespeare,contents,unknown,ACT I,SCENE III. London. The palace,NA,NA,SUFFOLK.
1501,"King Henry VI, the second part","King Henry VI, the second part",NA,NA,William Shakespeare,contents,directions,ACT I,SCENE III. London. The palace,NA,NA,And he of these that can do most of all
1501,"King Henry VI, the second part","King Henry VI, the second part",NA,NA,William Shakespeare,contents,directions,ACT I,SCENE III. London. The palace,NA,NA,Cannot do more in England than the Nevilles;
1501,"King Henry VI, the second part","King Henry VI, the second part",NA,NA,William Shakespeare,contents,directions,ACT I,SCENE III. London. The palace,NA,NA,Salisbury and Warwick are no simple peers.
1501,"King Henry VI, the second part","King Henry VI, the second part",NA,NA,William Shakespeare,contents,unknown,ACT I,SCENE III. London. The palace,NA,NA,QUEEN MARGARET.
1501,"King Henry VI, the second part","King Henry VI, the second part",NA,NA,William Shakespeare,contents,directions,ACT I,SCENE III. London. The palace,NA,NA,Not all these lords do vex me half so much
1501,"King Henry VI, the second part","King Henry VI, the second part",NA,NA,William Shakespeare,contents,directions,ACT I,SCENE III. London. The palace,NA,NA,"As that proud dame, the Lord Protector’s wife."
1501,"King Henry VI, the second part","King Henry VI, the second part",NA,NA,William Shakespeare,contents,directions,ACT I,SCENE III. London. The palace,NA,NA,"She sweeps it through the court with troops of ladies,"
1501,"King Henry VI, the second part","King Henry VI, the second part",NA,NA,William Shakespeare,contents,directions,ACT I,SCENE III. London. The palace,NA,NA,More like an empress than Duke Humphrey’s wife.
1501,"King Henry VI, the second part","King Henry VI, the second part",NA,NA,William Shakespeare,contents,directions,ACT I,SCENE III. London. The palace,NA,NA,Strangers in court do take her for the Queen.
1501,"King Henry VI, the second part","King Henry VI, the second part",NA,NA,William Shakespeare,contents,directions,ACT I,SCENE III. London. The palace,NA,NA,"She bears a duke’s revenues on her back,"
1501,"King Henry VI, the second part","King Henry VI, the second part",NA,NA,William Shakespeare,contents,directions,ACT I,SCENE III. London. The palace,NA,NA,And in her heart she scorns our poverty.
1501,"King Henry VI, the second part","King Henry VI, the second part",NA,NA,William Shakespeare,contents,directions,ACT I,SCENE III. London. The palace,NA,NA,Shall I not live to be avenged on her?
1501,"King Henry VI, the second part","King Henry VI, the second part",NA,NA,William Shakespeare,contents,directions,ACT I,SCENE III. London. The palace,NA,NA,"Contemptuous base-born callet as she is,"
1501,"King Henry VI, the second part","King Henry VI, the second part",NA,NA,William Shakespeare,contents,directions,ACT I,SCENE III. London. The palace,NA,NA,She vaunted ’mongst her minions t’ other day
1501,"King Henry VI, the second part","King Henry VI, the second part",NA,NA,William Shakespeare,contents,directions,ACT I,SCENE III. London. The palace,NA,NA,The very train of her worst wearing gown
1501,"King Henry VI, the second part","King Henry VI, the second part",NA,NA,William Shakespeare,contents,directions,ACT I,SCENE III. London. The palace,NA,NA,Was better worth than all my father’s lands
1501,"King Henry VI, the second part","King Henry VI, the second part",NA,NA,William Shakespeare,contents,directions,ACT I,SCENE III. London. The palace,NA,NA,Till Suffolk gave two dukedoms for his daughter.
1501,"King Henry VI, the second part","King Henry VI, the second part",NA,NA,William Shakespeare,contents,unknown,ACT I,SCENE III. London. The palace,NA,NA,SUFFOLK.
1501,"King Henry VI, the second part","King Henry VI, the second part",NA,NA,William Shakespeare,contents,directions,ACT I,SCENE III. London. The palace,NA,NA,"Madam, myself have limed a bush for her"
1501,"King Henry VI, the second part","King Henry VI, the second part",NA,NA,William Shakespeare,contents,directions,ACT I,SCENE III. London. The palace,NA,NA,And placed a quire of such enticing birds
1501,"King Henry VI, the second part","King Henry VI, the second part",NA,NA,William Shakespeare,contents,directions,ACT I,SCENE III. London. The palace,NA,NA,That she will light to listen to the lays
1501,"King Henry VI, the second part","King Henry VI, the second part",NA,NA,William Shakespeare,contents,directions,ACT I,SCENE III. London. The palace,NA,NA,And never mount to trouble you again.
1501,"King Henry VI, the second part","King Henry VI, the second part",NA,NA,William Shakespeare,contents,directions,ACT I,SCENE III. London. The palace,NA,NA,"So let her rest; and, madam, list to me,"
1501,"King Henry VI, the second part","King Henry VI, the second part",NA,NA,William Shakespeare,contents,directions,ACT I,SCENE III. London. The palace,NA,NA,For I am bold to counsel you in this:
1501,"King Henry VI, the second part","King Henry VI, the second part",NA,NA,William Shakespeare,contents,directions,ACT I,SCENE III. London. The palace,NA,NA,"Although we fancy not the Cardinal,"
1501,"King Henry VI, the second part","King Henry VI, the second part",NA,NA,William Shakespeare,contents,directions,ACT I,SCENE III. London. The palace,NA,NA,Yet must we join with him and with the lords
1501,"King Henry VI, the second part","King Henry VI, the second part",NA,NA,William Shakespeare,contents,directions,ACT I,SCENE III. London. The palace,NA,NA,Till we have brought Duke Humphrey in disgrace.
1501,"King Henry VI, the second part","King Henry VI, the second part",NA,NA,William Shakespeare,contents,directions,ACT I,SCENE III. London. The palace,NA,NA,"As for the Duke of York, this late complaint"
1501,"King Henry VI, the second part","King Henry VI, the second part",NA,NA,William Shakespeare,contents,directions,ACT I,SCENE III. London. The palace,NA,NA,Will make but little for his benefit.
1501,"King Henry VI, the second part","King Henry VI, the second part",NA,NA,William Shakespeare,contents,directions,ACT I,SCENE III. London. The palace,NA,NA,"So, one by one, we’ll weed them all at last,"
1501,"King Henry VI, the second part","King Henry VI, the second part",NA,NA,William Shakespeare,contents,directions,ACT I,SCENE III. London. The palace,NA,NA,And you yourself shall steer the happy helm.
1501,"King Henry VI, the second part","King Henry VI, the second part",NA,NA,William Shakespeare,contents,directions,ACT I,SCENE III. London. The palace,NA,NA,"Sound a sennet. Enter the King, Gloucester, Cardinal Beaufort,"
1501,"King Henry VI, the second part","King Henry VI, the second part",NA,NA,William Shakespeare,contents,directions,ACT I,SCENE III. London. The palace,NA,NA,"Somerset, Buckingham, Salisbury, York, Warwick and the Duchess of"
1501,"King Henry VI, the second part","King Henry VI, the second part",NA,NA,William Shakespeare,contents,directions,ACT I,SCENE III. London. The palace,NA,NA,Gloucester.
1501,"King Henry VI, the second part","King Henry VI, the second part",NA,NA,William Shakespeare,contents,unknown,ACT I,SCENE III. London. The palace,NA,NA,KING HENRY.
1501,"King Henry VI, the second part","King Henry VI, the second part",NA,NA,William Shakespeare,contents,directions,ACT I,SCENE III. London. The palace,NA,NA,"For my part, noble lords, I care not which;"
1501,"King Henry VI, the second part","King Henry VI, the second part",NA,NA,William Shakespeare,contents,directions,ACT I,SCENE III. London. The palace,NA,NA,"Or Somerset or York, all’s one to me."
1501,"King Henry VI, the second part","King Henry VI, the second part",NA,NA,William Shakespeare,contents,unknown,ACT I,SCENE III. London. The palace,NA,NA,YORK.
1501,"King Henry VI, the second part","King Henry VI, the second part",NA,NA,William Shakespeare,contents,directions,ACT I,SCENE III. London. The palace,NA,NA,"If York have ill demeaned himself in France,"
1501,"King Henry VI, the second part","King Henry VI, the second part",NA,NA,William Shakespeare,contents,directions,ACT I,SCENE III. London. The palace,NA,NA,Then let him be denied the regentship.
1501,"King Henry VI, the second part","King Henry VI, the second part",NA,NA,William Shakespeare,contents,unknown,ACT I,SCENE III. London. The palace,NA,NA,SOMERSET.
1501,"King Henry VI, the second part","King Henry VI, the second part",NA,NA,William Shakespeare,contents,directions,ACT I,SCENE III. London. The palace,NA,NA,"If Somerset be unworthy of the place,"
1501,"King Henry VI, the second part","King Henry VI, the second part",NA,NA,William Shakespeare,contents,directions,ACT I,SCENE III. London. The palace,NA,NA,Let York be regent; I will yield to him.
1501,"King Henry VI, the second part","King Henry VI, the second part",NA,NA,William Shakespeare,contents,unknown,ACT I,SCENE III. London. The palace,NA,NA,WARWICK.
1501,"King Henry VI, the second part","King Henry VI, the second part",NA,NA,William Shakespeare,contents,directions,ACT I,SCENE III. London. The palace,NA,NA,"Whether your Grace be worthy, yea or no,"
1501,"King Henry VI, the second part","King Henry VI, the second part",NA,NA,William Shakespeare,contents,directions,ACT I,SCENE III. London. The palace,NA,NA,Dispute not that; York is the worthier.
1501,"King Henry VI, the second part","King Henry VI, the second part",NA,NA,William Shakespeare,contents,unknown,ACT I,SCENE III. London. The palace,NA,NA,CARDINAL.
1501,"King Henry VI, the second part","King Henry VI, the second part",NA,NA,William Shakespeare,contents,directions,ACT I,SCENE III. London. The palace,NA,NA,"Ambitious Warwick, let thy betters speak."
1501,"King Henry VI, the second part","King Henry VI, the second part",NA,NA,William Shakespeare,contents,unknown,ACT I,SCENE III. London. The palace,NA,NA,WARWICK.
1501,"King Henry VI, the second part","King Henry VI, the second part",NA,NA,William Shakespeare,contents,directions,ACT I,SCENE III. London. The palace,NA,NA,The Cardinal’s not my better in the field.
1501,"King Henry VI, the second part","King Henry VI, the second part",NA,NA,William Shakespeare,contents,unknown,ACT I,SCENE III. London. The palace,NA,NA,BUCKINGHAM.
1501,"King Henry VI, the second part","King Henry VI, the second part",NA,NA,William Shakespeare,contents,directions,ACT I,SCENE III. London. The palace,NA,NA,"All in this presence are thy betters, Warwick."
1501,"King Henry VI, the second part","King Henry VI, the second part",NA,NA,William Shakespeare,contents,unknown,ACT I,SCENE III. London. The palace,NA,NA,WARWICK.
1501,"King Henry VI, the second part","King Henry VI, the second part",NA,NA,William Shakespeare,contents,directions,ACT I,SCENE III. London. The palace,NA,NA,Warwick may live to be the best of all.
1501,"King Henry VI, the second part","King Henry VI, the second part",NA,NA,William Shakespeare,contents,unknown,ACT I,SCENE III. London. The palace,NA,NA,SALISBURY.
1501,"King Henry VI, the second part","King Henry VI, the second part",NA,NA,William Shakespeare,contents,directions,ACT I,SCENE III. London. The palace,NA,NA,"Peace, son!—And show some reason, Buckingham,"
1501,"King Henry VI, the second part","King Henry VI, the second part",NA,NA,William Shakespeare,contents,directions,ACT I,SCENE III. London. The palace,NA,NA,Why Somerset should be preferred in this.
1501,"King Henry VI, the second part","King Henry VI, the second part",NA,NA,William Shakespeare,contents,unknown,ACT I,SCENE III. London. The palace,NA,NA,QUEEN MARGARET.
1501,"King Henry VI, the second part","King Henry VI, the second part",NA,NA,William Shakespeare,contents,directions,ACT I,SCENE III. London. The palace,NA,NA,"Because the King, forsooth, will have it so."
1501,"King Henry VI, the second part","King Henry VI, the second part",NA,NA,William Shakespeare,contents,unknown,ACT I,SCENE III. London. The palace,NA,NA,GLOUCESTER.
1501,"King Henry VI, the second part","King Henry VI, the second part",NA,NA,William Shakespeare,contents,directions,ACT I,SCENE III. London. The palace,NA,NA,"Madam, the King is old enough himself"
1501,"King Henry VI, the second part","King Henry VI, the second part",NA,NA,William Shakespeare,contents,directions,ACT I,SCENE III. London. The palace,NA,NA,To give his censure. These are no women’s matters.
1501,"King Henry VI, the second part","King Henry VI, the second part",NA,NA,William Shakespeare,contents,unknown,ACT I,SCENE III. London. The palace,NA,NA,QUEEN MARGARET.
1501,"King Henry VI, the second part","King Henry VI, the second part",NA,NA,William Shakespeare,contents,directions,ACT I,SCENE III. London. The palace,NA,NA,"If he be old enough, what needs your grace"
1501,"King Henry VI, the second part","King Henry VI, the second part",NA,NA,William Shakespeare,contents,directions,ACT I,SCENE III. London. The palace,NA,NA,To be Protector of his excellence?
1501,"King Henry VI, the second part","King Henry VI, the second part",NA,NA,William Shakespeare,contents,unknown,ACT I,SCENE III. London. The palace,NA,NA,GLOUCESTER.
1501,"King Henry VI, the second part","King Henry VI, the second part",NA,NA,William Shakespeare,contents,directions,ACT I,SCENE III. London. The palace,NA,NA,"Madam, I am Protector of the realm,"
1501,"King Henry VI, the second part","King Henry VI, the second part",NA,NA,William Shakespeare,contents,directions,ACT I,SCENE III. London. The palace,NA,NA,And at his pleasure will resign my place.
1501,"King Henry VI, the second part","King Henry VI, the second part",NA,NA,William Shakespeare,contents,unknown,ACT I,SCENE III. London. The palace,NA,NA,SUFFOLK.
1501,"King Henry VI, the second part","King Henry VI, the second part",NA,NA,William Shakespeare,contents,directions,ACT I,SCENE III. London. The palace,NA,NA,"Resign it then, and leave thine insolence."
1501,"King Henry VI, the second part","King Henry VI, the second part",NA,NA,William Shakespeare,contents,directions,ACT I,SCENE III. London. The palace,NA,NA,Since thou wert king—as who is king but thou?—
1501,"King Henry VI, the second part","King Henry VI, the second part",NA,NA,William Shakespeare,contents,directions,ACT I,SCENE III. London. The palace,NA,NA,"The commonwealth hath daily run to wrack,"
1501,"King Henry VI, the second part","King Henry VI, the second part",NA,NA,William Shakespeare,contents,directions,ACT I,SCENE III. London. The palace,NA,NA,"The Dauphin hath prevailed beyond the seas,"
1501,"King Henry VI, the second part","King Henry VI, the second part",NA,NA,William Shakespeare,contents,directions,ACT I,SCENE III. London. The palace,NA,NA,And all the peers and nobles of the realm
1501,"King Henry VI, the second part","King Henry VI, the second part",NA,NA,William Shakespeare,contents,directions,ACT I,SCENE III. London. The palace,NA,NA,Have been as bondmen to thy sovereignty.
1501,"King Henry VI, the second part","King Henry VI, the second part",NA,NA,William Shakespeare,contents,unknown,ACT I,SCENE III. London. The palace,NA,NA,CARDINAL.
1501,"King Henry VI, the second part","King Henry VI, the second part",NA,NA,William Shakespeare,contents,directions,ACT I,SCENE III. London. The palace,NA,NA,The commons hast thou racked; the clergy’s bags
1501,"King Henry VI, the second part","King Henry VI, the second part",NA,NA,William Shakespeare,contents,directions,ACT I,SCENE III. London. The palace,NA,NA,Are lank and lean with thy extortions.
1501,"King Henry VI, the second part","King Henry VI, the second part",NA,NA,William Shakespeare,contents,unknown,ACT I,SCENE III. London. The palace,NA,NA,SOMERSET.
1501,"King Henry VI, the second part","King Henry VI, the second part",NA,NA,William Shakespeare,contents,directions,ACT I,SCENE III. London. The palace,NA,NA,Thy sumptuous buildings and thy wife’s attire
1501,"King Henry VI, the second part","King Henry VI, the second part",NA,NA,William Shakespeare,contents,directions,ACT I,SCENE III. London. The palace,NA,NA,Have cost a mass of public treasury.
1501,"King Henry VI, the second part","King Henry VI, the second part",NA,NA,William Shakespeare,contents,unknown,ACT I,SCENE III. London. The palace,NA,NA,BUCKINGHAM.
1501,"King Henry VI, the second part","King Henry VI, the second part",NA,NA,William Shakespeare,contents,directions,ACT I,SCENE III. London. The palace,NA,NA,Thy cruelty in execution
1501,"King Henry VI, the second part","King Henry VI, the second part",NA,NA,William Shakespeare,contents,directions,ACT I,SCENE III. London. The palace,NA,NA,"Upon offenders hath exceeded law,"
1501,"King Henry VI, the second part","King Henry VI, the second part",NA,NA,William Shakespeare,contents,directions,ACT I,SCENE III. London. The palace,NA,NA,And left thee to the mercy of the law.
1501,"King Henry VI, the second part","King Henry VI, the second part",NA,NA,William Shakespeare,contents,unknown,ACT I,SCENE III. London. The palace,NA,NA,QUEEN MARGARET.
1501,"King Henry VI, the second part","King Henry VI, the second part",NA,NA,William Shakespeare,contents,directions,ACT I,SCENE III. London. The palace,NA,NA,"Thy sale of offices and towns in France,"
1501,"King Henry VI, the second part","King Henry VI, the second part",NA,NA,William Shakespeare,contents,directions,ACT I,SCENE III. London. The palace,NA,NA,"If they were known, as the suspect is great,"
1501,"King Henry VI, the second part","King Henry VI, the second part",NA,NA,William Shakespeare,contents,directions,ACT I,SCENE III. London. The palace,NA,NA,Would make thee quickly hop without thy head.
1501,"King Henry VI, the second part","King Henry VI, the second part",NA,NA,William Shakespeare,contents,directions,ACT I,SCENE III. London. The palace,NA,NA,[Exit Gloucester. The Queen drops her fan.]
1501,"King Henry VI, the second part","King Henry VI, the second part",NA,NA,William Shakespeare,contents,directions,ACT I,SCENE III. London. The palace,NA,NA,Give me my fan. What minion! Can ye not?
1501,"King Henry VI, the second part","King Henry VI, the second part",NA,NA,William Shakespeare,contents,directions,ACT I,SCENE III. London. The palace,NA,NA,[She gives the Duchess a box on the ear.]
1501,"King Henry VI, the second part","King Henry VI, the second part",NA,NA,William Shakespeare,contents,directions,ACT I,SCENE III. London. The palace,NA,NA,"I cry your mercy, madam; was it you?"
1501,"King Henry VI, the second part","King Henry VI, the second part",NA,NA,William Shakespeare,contents,unknown,ACT I,SCENE III. London. The palace,NA,NA,ELEANOR.
1501,"King Henry VI, the second part","King Henry VI, the second part",NA,NA,William Shakespeare,contents,directions,ACT I,SCENE III. London. The palace,NA,NA,"Was’t I! Yea, I it was, proud Frenchwoman."
1501,"King Henry VI, the second part","King Henry VI, the second part",NA,NA,William Shakespeare,contents,directions,ACT I,SCENE III. London. The palace,NA,NA,"Could I come near your beauty with my nails,"
1501,"King Henry VI, the second part","King Henry VI, the second part",NA,NA,William Shakespeare,contents,directions,ACT I,SCENE III. London. The palace,NA,NA,I’d set my ten commandments in your face.
1501,"King Henry VI, the second part","King Henry VI, the second part",NA,NA,William Shakespeare,contents,unknown,ACT I,SCENE III. London. The palace,NA,NA,KING HENRY.
1501,"King Henry VI, the second part","King Henry VI, the second part",NA,NA,William Shakespeare,contents,directions,ACT I,SCENE III. London. The palace,NA,NA,"Sweet aunt, be quiet; ’twas against her will."
1501,"King Henry VI, the second part","King Henry VI, the second part",NA,NA,William Shakespeare,contents,unknown,ACT I,SCENE III. London. The palace,NA,NA,ELEANOR.
1501,"King Henry VI, the second part","King Henry VI, the second part",NA,NA,William Shakespeare,contents,directions,ACT I,SCENE III. London. The palace,NA,NA,"Against her will! Good King, look to ’t in time;"
1501,"King Henry VI, the second part","King Henry VI, the second part",NA,NA,William Shakespeare,contents,directions,ACT I,SCENE III. London. The palace,NA,NA,She’ll hamper thee and dandle thee like a baby.
1501,"King Henry VI, the second part","King Henry VI, the second part",NA,NA,William Shakespeare,contents,directions,ACT I,SCENE III. London. The palace,NA,NA,"Though in this place most master wear no breeches,"
1501,"King Henry VI, the second part","King Henry VI, the second part",NA,NA,William Shakespeare,contents,directions,ACT I,SCENE III. London. The palace,NA,NA,She shall not strike Dame Eleanor unrevenged.
1501,"King Henry VI, the second part","King Henry VI, the second part",NA,NA,William Shakespeare,contents,directions,ACT I,SCENE III. London. The palace,NA,NA,[Exit.]
1501,"King Henry VI, the second part","King Henry VI, the second part",NA,NA,William Shakespeare,contents,unknown,ACT I,SCENE III. London. The palace,NA,NA,BUCKINGHAM.
1501,"King Henry VI, the second part","King Henry VI, the second part",NA,NA,William Shakespeare,contents,directions,ACT I,SCENE III. London. The palace,NA,NA,"Lord Cardinal, I will follow Eleanor,"
1501,"King Henry VI, the second part","King Henry VI, the second part",NA,NA,William Shakespeare,contents,directions,ACT I,SCENE III. London. The palace,NA,NA,"And listen after Humphrey, how he proceeds."
1501,"King Henry VI, the second part","King Henry VI, the second part",NA,NA,William Shakespeare,contents,directions,ACT I,SCENE III. London. The palace,NA,NA,"She’s tickled now; her fume needs no spurs,"
1501,"King Henry VI, the second part","King Henry VI, the second part",NA,NA,William Shakespeare,contents,directions,ACT I,SCENE III. London. The palace,NA,NA,She’ll gallop far enough to her destruction.
1501,"King Henry VI, the second part","King Henry VI, the second part",NA,NA,William Shakespeare,contents,directions,ACT I,SCENE III. London. The palace,NA,NA,[Exit.]
1501,"King Henry VI, the second part","King Henry VI, the second part",NA,NA,William Shakespeare,contents,directions,ACT I,SCENE III. London. The palace,NA,NA,Enter Gloucester.
1501,"King Henry VI, the second part","King Henry VI, the second part",NA,NA,William Shakespeare,contents,unknown,ACT I,SCENE III. London. The palace,NA,NA,GLOUCESTER.
1501,"King Henry VI, the second part","King Henry VI, the second part",NA,NA,William Shakespeare,contents,directions,ACT I,SCENE III. London. The palace,NA,NA,"Now, lords, my choler being overblown"
1501,"King Henry VI, the second part","King Henry VI, the second part",NA,NA,William Shakespeare,contents,directions,ACT I,SCENE III. London. The palace,NA,NA,"With walking once about the quadrangle,"
1501,"King Henry VI, the second part","King Henry VI, the second part",NA,NA,William Shakespeare,contents,directions,ACT I,SCENE III. London. The palace,NA,NA,I come to talk of commonwealth affairs.
1501,"King Henry VI, the second part","King Henry VI, the second part",NA,NA,William Shakespeare,contents,directions,ACT I,SCENE III. London. The palace,NA,NA,"As for your spiteful false objections,"
1501,"King Henry VI, the second part","King Henry VI, the second part",NA,NA,William Shakespeare,contents,directions,ACT I,SCENE III. London. The palace,NA,NA,"Prove them, and I lie open to the law;"
1501,"King Henry VI, the second part","King Henry VI, the second part",NA,NA,William Shakespeare,contents,directions,ACT I,SCENE III. London. The palace,NA,NA,But God in mercy so deal with my soul
1501,"King Henry VI, the second part","King Henry VI, the second part",NA,NA,William Shakespeare,contents,directions,ACT I,SCENE III. London. The palace,NA,NA,As I in duty love my king and country!
1501,"King Henry VI, the second part","King Henry VI, the second part",NA,NA,William Shakespeare,contents,directions,ACT I,SCENE III. London. The palace,NA,NA,"But, to the matter that we have in hand:"
1501,"King Henry VI, the second part","King Henry VI, the second part",NA,NA,William Shakespeare,contents,directions,ACT I,SCENE III. London. The palace,NA,NA,"I say, my sovereign, York is meetest man"
1501,"King Henry VI, the second part","King Henry VI, the second part",NA,NA,William Shakespeare,contents,directions,ACT I,SCENE III. London. The palace,NA,NA,To be your regent in the realm of France.
1501,"King Henry VI, the second part","King Henry VI, the second part",NA,NA,William Shakespeare,contents,unknown,ACT I,SCENE III. London. The palace,NA,NA,SUFFOLK.
1501,"King Henry VI, the second part","King Henry VI, the second part",NA,NA,William Shakespeare,contents,directions,ACT I,SCENE III. London. The palace,NA,NA,"Before we make election, give me leave"
1501,"King Henry VI, the second part","King Henry VI, the second part",NA,NA,William Shakespeare,contents,directions,ACT I,SCENE III. London. The palace,NA,NA,"To show some reason, of no little force,"
1501,"King Henry VI, the second part","King Henry VI, the second part",NA,NA,William Shakespeare,contents,directions,ACT I,SCENE III. London. The palace,NA,NA,That York is most unmeet of any man.
1501,"King Henry VI, the second part","King Henry VI, the second part",NA,NA,William Shakespeare,contents,unknown,ACT I,SCENE III. London. The palace,NA,NA,YORK.
1501,"King Henry VI, the second part","King Henry VI, the second part",NA,NA,William Shakespeare,contents,directions,ACT I,SCENE III. London. The palace,NA,NA,"I’ll tell thee, Suffolk, why I am unmeet:"
1501,"King Henry VI, the second part","King Henry VI, the second part",NA,NA,William Shakespeare,contents,directions,ACT I,SCENE III. London. The palace,NA,NA,"First, for I cannot flatter thee in pride;"
1501,"King Henry VI, the second part","King Henry VI, the second part",NA,NA,William Shakespeare,contents,directions,ACT I,SCENE III. London. The palace,NA,NA,"Next, if I be appointed for the place,"
1501,"King Henry VI, the second part","King Henry VI, the second part",NA,NA,William Shakespeare,contents,directions,ACT I,SCENE III. London. The palace,NA,NA,My Lord of Somerset will keep me here
1501,"King Henry VI, the second part","King Henry VI, the second part",NA,NA,William Shakespeare,contents,directions,ACT I,SCENE III. London. The palace,NA,NA,"Without discharge, money, or furniture,"
1501,"King Henry VI, the second part","King Henry VI, the second part",NA,NA,William Shakespeare,contents,directions,ACT I,SCENE III. London. The palace,NA,NA,Till France be won into the Dauphin’s hands.
1501,"King Henry VI, the second part","King Henry VI, the second part",NA,NA,William Shakespeare,contents,directions,ACT I,SCENE III. London. The palace,NA,NA,"Last time, I danced attendance on his will"
1501,"King Henry VI, the second part","King Henry VI, the second part",NA,NA,William Shakespeare,contents,directions,ACT I,SCENE III. London. The palace,NA,NA,"Till Paris was besieged, famished, and lost."
1501,"King Henry VI, the second part","King Henry VI, the second part",NA,NA,William Shakespeare,contents,unknown,ACT I,SCENE III. London. The palace,NA,NA,WARWICK.
1501,"King Henry VI, the second part","King Henry VI, the second part",NA,NA,William Shakespeare,contents,directions,ACT I,SCENE III. London. The palace,NA,NA,"That can I witness, and a fouler fact"
1501,"King Henry VI, the second part","King Henry VI, the second part",NA,NA,William Shakespeare,contents,directions,ACT I,SCENE III. London. The palace,NA,NA,Did never traitor in the land commit.
1501,"King Henry VI, the second part","King Henry VI, the second part",NA,NA,William Shakespeare,contents,unknown,ACT I,SCENE III. London. The palace,NA,NA,SUFFOLK.
1501,"King Henry VI, the second part","King Henry VI, the second part",NA,NA,William Shakespeare,contents,directions,ACT I,SCENE III. London. The palace,NA,NA,"Peace, headstrong Warwick!"
1501,"King Henry VI, the second part","King Henry VI, the second part",NA,NA,William Shakespeare,contents,unknown,ACT I,SCENE III. London. The palace,NA,NA,WARWICK.
1501,"King Henry VI, the second part","King Henry VI, the second part",NA,NA,William Shakespeare,contents,directions,ACT I,SCENE III. London. The palace,NA,NA,"Image of pride, why should I hold my peace?"
1501,"King Henry VI, the second part","King Henry VI, the second part",NA,NA,William Shakespeare,contents,directions,ACT I,SCENE III. London. The palace,NA,NA,"Enter Horner the armourer and his man Peter, guarded."
1501,"King Henry VI, the second part","King Henry VI, the second part",NA,NA,William Shakespeare,contents,unknown,ACT I,SCENE III. London. The palace,NA,NA,SUFFOLK.
1501,"King Henry VI, the second part","King Henry VI, the second part",NA,NA,William Shakespeare,contents,directions,ACT I,SCENE III. London. The palace,NA,NA,Because here is a man accused of treason.
1501,"King Henry VI, the second part","King Henry VI, the second part",NA,NA,William Shakespeare,contents,directions,ACT I,SCENE III. London. The palace,NA,NA,Pray God the Duke of York excuse himself!
1501,"King Henry VI, the second part","King Henry VI, the second part",NA,NA,William Shakespeare,contents,unknown,ACT I,SCENE III. London. The palace,NA,NA,YORK.
1501,"King Henry VI, the second part","King Henry VI, the second part",NA,NA,William Shakespeare,contents,directions,ACT I,SCENE III. London. The palace,NA,NA,Doth anyone accuse York for a traitor?
1501,"King Henry VI, the second part","King Henry VI, the second part",NA,NA,William Shakespeare,contents,unknown,ACT I,SCENE III. London. The palace,NA,NA,KING HENRY.
1501,"King Henry VI, the second part","King Henry VI, the second part",NA,NA,William Shakespeare,contents,directions,ACT I,SCENE III. London. The palace,NA,NA,"What mean’st thou, Suffolk? Tell me, what are these?"
1501,"King Henry VI, the second part","King Henry VI, the second part",NA,NA,William Shakespeare,contents,unknown,ACT I,SCENE III. London. The palace,NA,NA,SUFFOLK.
1501,"King Henry VI, the second part","King Henry VI, the second part",NA,NA,William Shakespeare,contents,directions,ACT I,SCENE III. London. The palace,NA,NA,"Please it your majesty, this is the man"
1501,"King Henry VI, the second part","King Henry VI, the second part",NA,NA,William Shakespeare,contents,directions,ACT I,SCENE III. London. The palace,NA,NA,That doth accuse his master of high treason.
1501,"King Henry VI, the second part","King Henry VI, the second part",NA,NA,William Shakespeare,contents,directions,ACT I,SCENE III. London. The palace,NA,NA,"His words were these: that Richard, Duke of York"
1501,"King Henry VI, the second part","King Henry VI, the second part",NA,NA,William Shakespeare,contents,directions,ACT I,SCENE III. London. The palace,NA,NA,"Was rightful heir unto the English crown,"
1501,"King Henry VI, the second part","King Henry VI, the second part",NA,NA,William Shakespeare,contents,directions,ACT I,SCENE III. London. The palace,NA,NA,And that your majesty was an usurper.
1501,"King Henry VI, the second part","King Henry VI, the second part",NA,NA,William Shakespeare,contents,unknown,ACT I,SCENE III. London. The palace,NA,NA,KING HENRY.
1501,"King Henry VI, the second part","King Henry VI, the second part",NA,NA,William Shakespeare,contents,directions,ACT I,SCENE III. London. The palace,NA,NA,"Say, man, were these thy words?"
1501,"King Henry VI, the second part","King Henry VI, the second part",NA,NA,William Shakespeare,contents,unknown,ACT I,SCENE III. London. The palace,NA,NA,HORNER.
1501,"King Henry VI, the second part","King Henry VI, the second part",NA,NA,William Shakespeare,contents,directions,ACT I,SCENE III. London. The palace,NA,NA,"An ’t shall please your majesty, I never said nor thought any such"
1501,"King Henry VI, the second part","King Henry VI, the second part",NA,NA,William Shakespeare,contents,directions,ACT I,SCENE III. London. The palace,NA,NA,"matter. God is my witness, I am falsely accused by the villain."
1501,"King Henry VI, the second part","King Henry VI, the second part",NA,NA,William Shakespeare,contents,unknown,ACT I,SCENE III. London. The palace,NA,NA,PETER.
1501,"King Henry VI, the second part","King Henry VI, the second part",NA,NA,William Shakespeare,contents,directions,ACT I,SCENE III. London. The palace,NA,NA,"By these ten bones, my lords, he did speak them to me in the garret one"
1501,"King Henry VI, the second part","King Henry VI, the second part",NA,NA,William Shakespeare,contents,directions,ACT I,SCENE III. London. The palace,NA,NA,night as we were scouring my Lord of York’s armour.
1501,"King Henry VI, the second part","King Henry VI, the second part",NA,NA,William Shakespeare,contents,unknown,ACT I,SCENE III. London. The palace,NA,NA,YORK.
1501,"King Henry VI, the second part","King Henry VI, the second part",NA,NA,William Shakespeare,contents,directions,ACT I,SCENE III. London. The palace,NA,NA,"Base dunghill villain and mechanical,"
1501,"King Henry VI, the second part","King Henry VI, the second part",NA,NA,William Shakespeare,contents,directions,ACT I,SCENE III. London. The palace,NA,NA,I’ll have thy head for this thy traitor’s speech!—
1501,"King Henry VI, the second part","King Henry VI, the second part",NA,NA,William Shakespeare,contents,directions,ACT I,SCENE III. London. The palace,NA,NA,"I do beseech your royal majesty,"
1501,"King Henry VI, the second part","King Henry VI, the second part",NA,NA,William Shakespeare,contents,directions,ACT I,SCENE III. London. The palace,NA,NA,Let him have all the rigour of the law.
1501,"King Henry VI, the second part","King Henry VI, the second part",NA,NA,William Shakespeare,contents,unknown,ACT I,SCENE III. London. The palace,NA,NA,HORNER.
1501,"King Henry VI, the second part","King Henry VI, the second part",NA,NA,William Shakespeare,contents,directions,ACT I,SCENE III. London. The palace,NA,NA,"Alas, my lord, hang me if ever I spake the words. My accuser is my"
1501,"King Henry VI, the second part","King Henry VI, the second part",NA,NA,William Shakespeare,contents,directions,ACT I,SCENE III. London. The palace,NA,NA,"prentice; and when I did correct him for his fault the other day, he"
1501,"King Henry VI, the second part","King Henry VI, the second part",NA,NA,William Shakespeare,contents,directions,ACT I,SCENE III. London. The palace,NA,NA,did vow upon his knees he would be even with me. I have good witness of
1501,"King Henry VI, the second part","King Henry VI, the second part",NA,NA,William Shakespeare,contents,directions,ACT I,SCENE III. London. The palace,NA,NA,"this, therefore I beseech your majesty, do not cast away an honest man"
1501,"King Henry VI, the second part","King Henry VI, the second part",NA,NA,William Shakespeare,contents,directions,ACT I,SCENE III. London. The palace,NA,NA,for a villain’s accusation.
1501,"King Henry VI, the second part","King Henry VI, the second part",NA,NA,William Shakespeare,contents,unknown,ACT I,SCENE III. London. The palace,NA,NA,KING HENRY.
1501,"King Henry VI, the second part","King Henry VI, the second part",NA,NA,William Shakespeare,contents,directions,ACT I,SCENE III. London. The palace,NA,NA,"Uncle, what shall we say to this in law?"
1501,"King Henry VI, the second part","King Henry VI, the second part",NA,NA,William Shakespeare,contents,unknown,ACT I,SCENE III. London. The palace,NA,NA,GLOUCESTER.
1501,"King Henry VI, the second part","King Henry VI, the second part",NA,NA,William Shakespeare,contents,directions,ACT I,SCENE III. London. The palace,NA,NA,"This doom, my lord, if I may judge:"
1501,"King Henry VI, the second part","King Henry VI, the second part",NA,NA,William Shakespeare,contents,directions,ACT I,SCENE III. London. The palace,NA,NA,"Let Somerset be regent o’er the French,"
1501,"King Henry VI, the second part","King Henry VI, the second part",NA,NA,William Shakespeare,contents,directions,ACT I,SCENE III. London. The palace,NA,NA,Because in York this breeds suspicion;
1501,"King Henry VI, the second part","King Henry VI, the second part",NA,NA,William Shakespeare,contents,directions,ACT I,SCENE III. London. The palace,NA,NA,And let these have a day appointed them
1501,"King Henry VI, the second part","King Henry VI, the second part",NA,NA,William Shakespeare,contents,directions,ACT I,SCENE III. London. The palace,NA,NA,"For single combat in convenient place,"
1501,"King Henry VI, the second part","King Henry VI, the second part",NA,NA,William Shakespeare,contents,directions,ACT I,SCENE III. London. The palace,NA,NA,For he hath witness of his servant’s malice.
1501,"King Henry VI, the second part","King Henry VI, the second part",NA,NA,William Shakespeare,contents,directions,ACT I,SCENE III. London. The palace,NA,NA,"This is the law, and this Duke Humphrey’s doom."
1501,"King Henry VI, the second part","King Henry VI, the second part",NA,NA,William Shakespeare,contents,unknown,ACT I,SCENE III. London. The palace,NA,NA,SOMERSET.
1501,"King Henry VI, the second part","King Henry VI, the second part",NA,NA,William Shakespeare,contents,directions,ACT I,SCENE III. London. The palace,NA,NA,I humbly thank your royal Majesty.
1501,"King Henry VI, the second part","King Henry VI, the second part",NA,NA,William Shakespeare,contents,unknown,ACT I,SCENE III. London. The palace,NA,NA,HORNER.
1501,"King Henry VI, the second part","King Henry VI, the second part",NA,NA,William Shakespeare,contents,directions,ACT I,SCENE III. London. The palace,NA,NA,And I accept the combat willingly.
1501,"King Henry VI, the second part","King Henry VI, the second part",NA,NA,William Shakespeare,contents,unknown,ACT I,SCENE III. London. The palace,NA,NA,PETER.
1501,"King Henry VI, the second part","King Henry VI, the second part",NA,NA,William Shakespeare,contents,directions,ACT I,SCENE III. London. The palace,NA,NA,"Alas, my lord, I cannot fight; for God’s sake, pity my case! The spite"
1501,"King Henry VI, the second part","King Henry VI, the second part",NA,NA,William Shakespeare,contents,directions,ACT I,SCENE III. London. The palace,NA,NA,"of man prevaileth against me. O Lord, have mercy upon me! I shall never"
1501,"King Henry VI, the second part","King Henry VI, the second part",NA,NA,William Shakespeare,contents,directions,ACT I,SCENE III. London. The palace,NA,NA,"be able to fight a blow. O Lord, my heart!"
1501,"King Henry VI, the second part","King Henry VI, the second part",NA,NA,William Shakespeare,contents,unknown,ACT I,SCENE III. London. The palace,NA,NA,GLOUCESTER.
1501,"King Henry VI, the second part","King Henry VI, the second part",NA,NA,William Shakespeare,contents,directions,ACT I,SCENE III. London. The palace,NA,NA,"Sirrah, or you must fight or else be hanged."
1501,"King Henry VI, the second part","King Henry VI, the second part",NA,NA,William Shakespeare,contents,unknown,ACT I,SCENE III. London. The palace,NA,NA,KING HENRY.
1501,"King Henry VI, the second part","King Henry VI, the second part",NA,NA,William Shakespeare,contents,directions,ACT I,SCENE III. London. The palace,NA,NA,Away with them to prison; and the day
1501,"King Henry VI, the second part","King Henry VI, the second part",NA,NA,William Shakespeare,contents,directions,ACT I,SCENE III. London. The palace,NA,NA,Of combat shall be the last of the next month.
1501,"King Henry VI, the second part","King Henry VI, the second part",NA,NA,William Shakespeare,contents,directions,ACT I,SCENE III. London. The palace,NA,NA,"Come, Somerset, we’ll see thee sent away."
1501,"King Henry VI, the second part","King Henry VI, the second part",NA,NA,William Shakespeare,contents,directions,ACT I,SCENE III. London. The palace,NA,NA,[Flourish. Exeunt.]
1501,"King Henry VI, the second part","King Henry VI, the second part",NA,NA,William Shakespeare,contents,reference,ACT I,SCENE IV. Gloucester’s Garden,NA,NA,SCENE IV. Gloucester’s Garden
1501,"King Henry VI, the second part","King Henry VI, the second part",NA,NA,William Shakespeare,contents,directions,ACT I,SCENE IV. Gloucester’s Garden,NA,NA,"Enter the Witch Margery Jourdain, the two Priests, Hume, Southwell and"
1501,"King Henry VI, the second part","King Henry VI, the second part",NA,NA,William Shakespeare,contents,directions,ACT I,SCENE IV. Gloucester’s Garden,NA,NA,Bolingbroke.
1501,"King Henry VI, the second part","King Henry VI, the second part",NA,NA,William Shakespeare,contents,unknown,ACT I,SCENE IV. Gloucester’s Garden,NA,NA,HUME.
1501,"King Henry VI, the second part","King Henry VI, the second part",NA,NA,William Shakespeare,contents,directions,ACT I,SCENE IV. Gloucester’s Garden,NA,NA,"Come, my masters. The duchess, I tell you, expects performance of your"
1501,"King Henry VI, the second part","King Henry VI, the second part",NA,NA,William Shakespeare,contents,directions,ACT I,SCENE IV. Gloucester’s Garden,NA,NA,promises.
1501,"King Henry VI, the second part","King Henry VI, the second part",NA,NA,William Shakespeare,contents,unknown,ACT I,SCENE IV. Gloucester’s Garden,NA,NA,BOLINGBROKE.
1501,"King Henry VI, the second part","King Henry VI, the second part",NA,NA,William Shakespeare,contents,directions,ACT I,SCENE IV. Gloucester’s Garden,NA,NA,"Master Hume, we are therefore provided. Will her ladyship behold and"
1501,"King Henry VI, the second part","King Henry VI, the second part",NA,NA,William Shakespeare,contents,directions,ACT I,SCENE IV. Gloucester’s Garden,NA,NA,hear our exorcisms?
1501,"King Henry VI, the second part","King Henry VI, the second part",NA,NA,William Shakespeare,contents,unknown,ACT I,SCENE IV. Gloucester’s Garden,NA,NA,HUME.
1501,"King Henry VI, the second part","King Henry VI, the second part",NA,NA,William Shakespeare,contents,directions,ACT I,SCENE IV. Gloucester’s Garden,NA,NA,"Ay, what else? Fear you not her courage."
1501,"King Henry VI, the second part","King Henry VI, the second part",NA,NA,William Shakespeare,contents,unknown,ACT I,SCENE IV. Gloucester’s Garden,NA,NA,BOLINGBROKE.
1501,"King Henry VI, the second part","King Henry VI, the second part",NA,NA,William Shakespeare,contents,directions,ACT I,SCENE IV. Gloucester’s Garden,NA,NA,I have heard her reported to be a woman of an invincible spirit. But it
1501,"King Henry VI, the second part","King Henry VI, the second part",NA,NA,William Shakespeare,contents,directions,ACT I,SCENE IV. Gloucester’s Garden,NA,NA,"shall be convenient, Master Hume, that you be by her aloft while we be"
1501,"King Henry VI, the second part","King Henry VI, the second part",NA,NA,William Shakespeare,contents,directions,ACT I,SCENE IV. Gloucester’s Garden,NA,NA,"busy below; and so, I pray you go, in God’s name, and leave us."
1501,"King Henry VI, the second part","King Henry VI, the second part",NA,NA,William Shakespeare,contents,directions,ACT I,SCENE IV. Gloucester’s Garden,NA,NA,[Exit Hume.]
1501,"King Henry VI, the second part","King Henry VI, the second part",NA,NA,William Shakespeare,contents,directions,ACT I,SCENE IV. Gloucester’s Garden,NA,NA,"Mother Jourdain, be you prostrate and grovel on the earth. John"
1501,"King Henry VI, the second part","King Henry VI, the second part",NA,NA,William Shakespeare,contents,directions,ACT I,SCENE IV. Gloucester’s Garden,NA,NA,"Southwell, read you; and let us to our work."
1501,"King Henry VI, the second part","King Henry VI, the second part",NA,NA,William Shakespeare,contents,directions,ACT I,SCENE IV. Gloucester’s Garden,NA,NA,"Enter Duchess aloft, Hume following."
1501,"King Henry VI, the second part","King Henry VI, the second part",NA,NA,William Shakespeare,contents,unknown,ACT I,SCENE IV. Gloucester’s Garden,NA,NA,ELEANOR.
1501,"King Henry VI, the second part","King Henry VI, the second part",NA,NA,William Shakespeare,contents,directions,ACT I,SCENE IV. Gloucester’s Garden,NA,NA,"Well said, my masters; and welcome all. To this gear, the sooner the"
1501,"King Henry VI, the second part","King Henry VI, the second part",NA,NA,William Shakespeare,contents,directions,ACT I,SCENE IV. Gloucester’s Garden,NA,NA,better.
1501,"King Henry VI, the second part","King Henry VI, the second part",NA,NA,William Shakespeare,contents,unknown,ACT I,SCENE IV. Gloucester’s Garden,NA,NA,BOLINGBROKE.
1501,"King Henry VI, the second part","King Henry VI, the second part",NA,NA,William Shakespeare,contents,directions,ACT I,SCENE IV. Gloucester’s Garden,NA,NA,"Patience, good lady; wizards know their times."
1501,"King Henry VI, the second part","King Henry VI, the second part",NA,NA,William Shakespeare,contents,directions,ACT I,SCENE IV. Gloucester’s Garden,NA,NA,"Deep night, dark night, the silent of the night,"
1501,"King Henry VI, the second part","King Henry VI, the second part",NA,NA,William Shakespeare,contents,directions,ACT I,SCENE IV. Gloucester’s Garden,NA,NA,"The time of night when Troy was set on fire,"
1501,"King Henry VI, the second part","King Henry VI, the second part",NA,NA,William Shakespeare,contents,directions,ACT I,SCENE IV. Gloucester’s Garden,NA,NA,"The time when screech-owls cry and ban-dogs howl,"
1501,"King Henry VI, the second part","King Henry VI, the second part",NA,NA,William Shakespeare,contents,directions,ACT I,SCENE IV. Gloucester’s Garden,NA,NA,And spirits walk and ghosts break up their graves;
1501,"King Henry VI, the second part","King Henry VI, the second part",NA,NA,William Shakespeare,contents,directions,ACT I,SCENE IV. Gloucester’s Garden,NA,NA,That time best fits the work we have in hand.
1501,"King Henry VI, the second part","King Henry VI, the second part",NA,NA,William Shakespeare,contents,directions,ACT I,SCENE IV. Gloucester’s Garden,NA,NA,"Madam, sit you and fear not. Whom we raise"
1501,"King Henry VI, the second part","King Henry VI, the second part",NA,NA,William Shakespeare,contents,directions,ACT I,SCENE IV. Gloucester’s Garden,NA,NA,We will make fast within a hallowed verge.
1501,"King Henry VI, the second part","King Henry VI, the second part",NA,NA,William Shakespeare,contents,directions,ACT I,SCENE IV. Gloucester’s Garden,NA,NA,"[Here they do the ceremonies belonging, and make the circle;"
1501,"King Henry VI, the second part","King Henry VI, the second part",NA,NA,William Shakespeare,contents,directions,ACT I,SCENE IV. Gloucester’s Garden,NA,NA,"Bolingbroke or Southwell reads “Conjuro te”, etc. It thunders and"
1501,"King Henry VI, the second part","King Henry VI, the second part",NA,NA,William Shakespeare,contents,directions,ACT I,SCENE IV. Gloucester’s Garden,NA,NA,lightens terribly; then the Spirit riseth.]
1501,"King Henry VI, the second part","King Henry VI, the second part",NA,NA,William Shakespeare,contents,unknown,ACT I,SCENE IV. Gloucester’s Garden,NA,NA,SPIRIT.
1501,"King Henry VI, the second part","King Henry VI, the second part",NA,NA,William Shakespeare,contents,directions,ACT I,SCENE IV. Gloucester’s Garden,NA,NA,Adsum.
1501,"King Henry VI, the second part","King Henry VI, the second part",NA,NA,William Shakespeare,contents,directions,ACT I,SCENE IV. Gloucester’s Garden,NA,NA,M. JOURDAIN.
1501,"King Henry VI, the second part","King Henry VI, the second part",NA,NA,William Shakespeare,contents,directions,ACT I,SCENE IV. Gloucester’s Garden,NA,NA,"Asnath,"
1501,"King Henry VI, the second part","King Henry VI, the second part",NA,NA,William Shakespeare,contents,directions,ACT I,SCENE IV. Gloucester’s Garden,NA,NA,"By the eternal God, whose name and power"
1501,"King Henry VI, the second part","King Henry VI, the second part",NA,NA,William Shakespeare,contents,directions,ACT I,SCENE IV. Gloucester’s Garden,NA,NA,"Thou tremblest at, answer that I shall ask;"
1501,"King Henry VI, the second part","King Henry VI, the second part",NA,NA,William Shakespeare,contents,directions,ACT I,SCENE IV. Gloucester’s Garden,NA,NA,For till thou speak thou shalt not pass from hence.
1501,"King Henry VI, the second part","King Henry VI, the second part",NA,NA,William Shakespeare,contents,unknown,ACT I,SCENE IV. Gloucester’s Garden,NA,NA,SPIRIT.
1501,"King Henry VI, the second part","King Henry VI, the second part",NA,NA,William Shakespeare,contents,directions,ACT I,SCENE IV. Gloucester’s Garden,NA,NA,Ask what thou wilt. That I had said and done!
1501,"King Henry VI, the second part","King Henry VI, the second part",NA,NA,William Shakespeare,contents,unknown,ACT I,SCENE IV. Gloucester’s Garden,NA,NA,BOLINGBROKE.
1501,"King Henry VI, the second part","King Henry VI, the second part",NA,NA,William Shakespeare,contents,directions,ACT I,SCENE IV. Gloucester’s Garden,NA,NA,[Reads.] First of the King: what shall of him become?
1501,"King Henry VI, the second part","King Henry VI, the second part",NA,NA,William Shakespeare,contents,unknown,ACT I,SCENE IV. Gloucester’s Garden,NA,NA,SPIRIT.
1501,"King Henry VI, the second part","King Henry VI, the second part",NA,NA,William Shakespeare,contents,directions,ACT I,SCENE IV. Gloucester’s Garden,NA,NA,"The duke yet lives that Henry shall depose,"
1501,"King Henry VI, the second part","King Henry VI, the second part",NA,NA,William Shakespeare,contents,directions,ACT I,SCENE IV. Gloucester’s Garden,NA,NA,But him outlive and die a violent death.
1501,"King Henry VI, the second part","King Henry VI, the second part",NA,NA,William Shakespeare,contents,directions,ACT I,SCENE IV. Gloucester’s Garden,NA,NA,"[As the Spirit speaks, Southwell writes the answer.]"
1501,"King Henry VI, the second part","King Henry VI, the second part",NA,NA,William Shakespeare,contents,unknown,ACT I,SCENE IV. Gloucester’s Garden,NA,NA,BOLINGBROKE.
1501,"King Henry VI, the second part","King Henry VI, the second part",NA,NA,William Shakespeare,contents,directions,ACT I,SCENE IV. Gloucester’s Garden,NA,NA,[Reads.] What fates await the Duke of Suffolk?
1501,"King Henry VI, the second part","King Henry VI, the second part",NA,NA,William Shakespeare,contents,unknown,ACT I,SCENE IV. Gloucester’s Garden,NA,NA,SPIRIT.
1501,"King Henry VI, the second part","King Henry VI, the second part",NA,NA,William Shakespeare,contents,directions,ACT I,SCENE IV. Gloucester’s Garden,NA,NA,By water shall he die and take his end.
1501,"King Henry VI, the second part","King Henry VI, the second part",NA,NA,William Shakespeare,contents,unknown,ACT I,SCENE IV. Gloucester’s Garden,NA,NA,BOLINGBROKE.
1501,"King Henry VI, the second part","King Henry VI, the second part",NA,NA,William Shakespeare,contents,directions,ACT I,SCENE IV. Gloucester’s Garden,NA,NA,[Reads.] What shall befall the Duke of Somerset?
1501,"King Henry VI, the second part","King Henry VI, the second part",NA,NA,William Shakespeare,contents,unknown,ACT I,SCENE IV. Gloucester’s Garden,NA,NA,SPIRIT.
1501,"King Henry VI, the second part","King Henry VI, the second part",NA,NA,William Shakespeare,contents,directions,ACT I,SCENE IV. Gloucester’s Garden,NA,NA,Let him shun castles.
1501,"King Henry VI, the second part","King Henry VI, the second part",NA,NA,William Shakespeare,contents,directions,ACT I,SCENE IV. Gloucester’s Garden,NA,NA,Safer shall he be upon the sandy plains
1501,"King Henry VI, the second part","King Henry VI, the second part",NA,NA,William Shakespeare,contents,directions,ACT I,SCENE IV. Gloucester’s Garden,NA,NA,Than where castles mounted stand.
1501,"King Henry VI, the second part","King Henry VI, the second part",NA,NA,William Shakespeare,contents,directions,ACT I,SCENE IV. Gloucester’s Garden,NA,NA,"Have done, for more I hardly can endure."
1501,"King Henry VI, the second part","King Henry VI, the second part",NA,NA,William Shakespeare,contents,unknown,ACT I,SCENE IV. Gloucester’s Garden,NA,NA,BOLINGBROKE.
1501,"King Henry VI, the second part","King Henry VI, the second part",NA,NA,William Shakespeare,contents,directions,ACT I,SCENE IV. Gloucester’s Garden,NA,NA,Descend to darkness and the burning lake!
1501,"King Henry VI, the second part","King Henry VI, the second part",NA,NA,William Shakespeare,contents,directions,ACT I,SCENE IV. Gloucester’s Garden,NA,NA,"False fiend, avoid!"
1501,"King Henry VI, the second part","King Henry VI, the second part",NA,NA,William Shakespeare,contents,directions,ACT I,SCENE IV. Gloucester’s Garden,NA,NA,[Thunder and lightning. Exit Spirit.]
1501,"King Henry VI, the second part","King Henry VI, the second part",NA,NA,William Shakespeare,contents,directions,ACT I,SCENE IV. Gloucester’s Garden,NA,NA,"Enter the Duke of York and the Duke of Buckingham with their Guard, and"
1501,"King Henry VI, the second part","King Henry VI, the second part",NA,NA,William Shakespeare,contents,directions,ACT I,SCENE IV. Gloucester’s Garden,NA,NA,"Sir Humphrey Stafford, and break in."
1501,"King Henry VI, the second part","King Henry VI, the second part",NA,NA,William Shakespeare,contents,unknown,ACT I,SCENE IV. Gloucester’s Garden,NA,NA,YORK.
1501,"King Henry VI, the second part","King Henry VI, the second part",NA,NA,William Shakespeare,contents,directions,ACT I,SCENE IV. Gloucester’s Garden,NA,NA,Lay hands upon these traitors and their trash.
1501,"King Henry VI, the second part","King Henry VI, the second part",NA,NA,William Shakespeare,contents,directions,ACT I,SCENE IV. Gloucester’s Garden,NA,NA,"Beldam, I think we watched you at an inch."
1501,"King Henry VI, the second part","King Henry VI, the second part",NA,NA,William Shakespeare,contents,directions,ACT I,SCENE IV. Gloucester’s Garden,NA,NA,"What, madam, are you there? The King and commonweal"
1501,"King Henry VI, the second part","King Henry VI, the second part",NA,NA,William Shakespeare,contents,directions,ACT I,SCENE IV. Gloucester’s Garden,NA,NA,Are deeply indebted for this piece of pains.
1501,"King Henry VI, the second part","King Henry VI, the second part",NA,NA,William Shakespeare,contents,directions,ACT I,SCENE IV. Gloucester’s Garden,NA,NA,"My Lord Protector will, I doubt it not,"
1501,"King Henry VI, the second part","King Henry VI, the second part",NA,NA,William Shakespeare,contents,directions,ACT I,SCENE IV. Gloucester’s Garden,NA,NA,See you well guerdoned for these good deserts.
1501,"King Henry VI, the second part","King Henry VI, the second part",NA,NA,William Shakespeare,contents,unknown,ACT I,SCENE IV. Gloucester’s Garden,NA,NA,ELEANOR.
1501,"King Henry VI, the second part","King Henry VI, the second part",NA,NA,William Shakespeare,contents,directions,ACT I,SCENE IV. Gloucester’s Garden,NA,NA,"Not half so bad as thine to England’s king,"
1501,"King Henry VI, the second part","King Henry VI, the second part",NA,NA,William Shakespeare,contents,directions,ACT I,SCENE IV. Gloucester’s Garden,NA,NA,"Injurious duke, that threatest where’s no cause."
1501,"King Henry VI, the second part","King Henry VI, the second part",NA,NA,William Shakespeare,contents,unknown,ACT I,SCENE IV. Gloucester’s Garden,NA,NA,BUCKINGHAM.
1501,"King Henry VI, the second part","King Henry VI, the second part",NA,NA,William Shakespeare,contents,directions,ACT I,SCENE IV. Gloucester’s Garden,NA,NA,"True, madam, none at all. What call you this?"
1501,"King Henry VI, the second part","King Henry VI, the second part",NA,NA,William Shakespeare,contents,directions,ACT I,SCENE IV. Gloucester’s Garden,NA,NA,Away with them! Let them be clapped up close
1501,"King Henry VI, the second part","King Henry VI, the second part",NA,NA,William Shakespeare,contents,directions,ACT I,SCENE IV. Gloucester’s Garden,NA,NA,"And kept asunder.—You, madam, shall with us.—"
1501,"King Henry VI, the second part","King Henry VI, the second part",NA,NA,William Shakespeare,contents,directions,ACT I,SCENE IV. Gloucester’s Garden,NA,NA,"Stafford, take her to thee."
1501,"King Henry VI, the second part","King Henry VI, the second part",NA,NA,William Shakespeare,contents,directions,ACT I,SCENE IV. Gloucester’s Garden,NA,NA,[Exit Stafford.]
1501,"King Henry VI, the second part","King Henry VI, the second part",NA,NA,William Shakespeare,contents,directions,ACT I,SCENE IV. Gloucester’s Garden,NA,NA,"[Exeunt above, Duchess and Hume, guarded.]"
1501,"King Henry VI, the second part","King Henry VI, the second part",NA,NA,William Shakespeare,contents,directions,ACT I,SCENE IV. Gloucester’s Garden,NA,NA,We’ll see your trinkets here all forthcoming.
1501,"King Henry VI, the second part","King Henry VI, the second part",NA,NA,William Shakespeare,contents,directions,ACT I,SCENE IV. Gloucester’s Garden,NA,NA,"All, away!"
1501,"King Henry VI, the second part","King Henry VI, the second part",NA,NA,William Shakespeare,contents,directions,ACT I,SCENE IV. Gloucester’s Garden,NA,NA,"[Exeunt guard with  Jourdain, Southwell, Bolingbroke, etc.]"
1501,"King Henry VI, the second part","King Henry VI, the second part",NA,NA,William Shakespeare,contents,unknown,ACT I,SCENE IV. Gloucester’s Garden,NA,NA,YORK.
1501,"King Henry VI, the second part","King Henry VI, the second part",NA,NA,William Shakespeare,contents,directions,ACT I,SCENE IV. Gloucester’s Garden,NA,NA,"Lord Buckingham, methinks you watched her well."
1501,"King Henry VI, the second part","King Henry VI, the second part",NA,NA,William Shakespeare,contents,directions,ACT I,SCENE IV. Gloucester’s Garden,NA,NA,"A pretty plot, well chosen to build upon!"
1501,"King Henry VI, the second part","King Henry VI, the second part",NA,NA,William Shakespeare,contents,directions,ACT I,SCENE IV. Gloucester’s Garden,NA,NA,"Now, pray, my lord, let’s see the devil’s writ."
1501,"King Henry VI, the second part","King Henry VI, the second part",NA,NA,William Shakespeare,contents,directions,ACT I,SCENE IV. Gloucester’s Garden,NA,NA,What have we here?
1501,"King Henry VI, the second part","King Henry VI, the second part",NA,NA,William Shakespeare,contents,directions,ACT I,SCENE IV. Gloucester’s Garden,NA,NA,[Reads.] The duke yet lives that Henry shall depose.
1501,"King Henry VI, the second part","King Henry VI, the second part",NA,NA,William Shakespeare,contents,directions,ACT I,SCENE IV. Gloucester’s Garden,NA,NA,But him outlive and die a violent death.
1501,"King Henry VI, the second part","King Henry VI, the second part",NA,NA,William Shakespeare,contents,directions,ACT I,SCENE IV. Gloucester’s Garden,NA,NA,"Why, this is just"
1501,"King Henry VI, the second part","King Henry VI, the second part",NA,NA,William Shakespeare,contents,directions,ACT I,SCENE IV. Gloucester’s Garden,NA,NA,"Aio te, Aeacida, Romanos vincere posse."
1501,"King Henry VI, the second part","King Henry VI, the second part",NA,NA,William Shakespeare,contents,directions,ACT I,SCENE IV. Gloucester’s Garden,NA,NA,"Well, to the rest:"
1501,"King Henry VI, the second part","King Henry VI, the second part",NA,NA,William Shakespeare,contents,directions,ACT I,SCENE IV. Gloucester’s Garden,NA,NA,Tell me what fate awaits the Duke of Suffolk?
1501,"King Henry VI, the second part","King Henry VI, the second part",NA,NA,William Shakespeare,contents,directions,ACT I,SCENE IV. Gloucester’s Garden,NA,NA,By water shall he die and take his end.
1501,"King Henry VI, the second part","King Henry VI, the second part",NA,NA,William Shakespeare,contents,directions,ACT I,SCENE IV. Gloucester’s Garden,NA,NA,What shall betide the Duke of Somerset?
1501,"King Henry VI, the second part","King Henry VI, the second part",NA,NA,William Shakespeare,contents,directions,ACT I,SCENE IV. Gloucester’s Garden,NA,NA,Let him shun castles;
1501,"King Henry VI, the second part","King Henry VI, the second part",NA,NA,William Shakespeare,contents,directions,ACT I,SCENE IV. Gloucester’s Garden,NA,NA,Safer shall he be upon the sandy plains
1501,"King Henry VI, the second part","King Henry VI, the second part",NA,NA,William Shakespeare,contents,directions,ACT I,SCENE IV. Gloucester’s Garden,NA,NA,Than where castles mounted stand.
1501,"King Henry VI, the second part","King Henry VI, the second part",NA,NA,William Shakespeare,contents,directions,ACT I,SCENE IV. Gloucester’s Garden,NA,NA,"Come, come, my lords, these oracles"
1501,"King Henry VI, the second part","King Henry VI, the second part",NA,NA,William Shakespeare,contents,directions,ACT I,SCENE IV. Gloucester’s Garden,NA,NA,"Are hardly attained, and hardly understood."
1501,"King Henry VI, the second part","King Henry VI, the second part",NA,NA,William Shakespeare,contents,directions,ACT I,SCENE IV. Gloucester’s Garden,NA,NA,"The King is now in progress towards Saint Albans,"
1501,"King Henry VI, the second part","King Henry VI, the second part",NA,NA,William Shakespeare,contents,directions,ACT I,SCENE IV. Gloucester’s Garden,NA,NA,With him the husband of this lovely lady.
1501,"King Henry VI, the second part","King Henry VI, the second part",NA,NA,William Shakespeare,contents,directions,ACT I,SCENE IV. Gloucester’s Garden,NA,NA,Thither go these news as fast as horse can carry them.
1501,"King Henry VI, the second part","King Henry VI, the second part",NA,NA,William Shakespeare,contents,directions,ACT I,SCENE IV. Gloucester’s Garden,NA,NA,A sorry breakfast for my Lord Protector.
1501,"King Henry VI, the second part","King Henry VI, the second part",NA,NA,William Shakespeare,contents,unknown,ACT I,SCENE IV. Gloucester’s Garden,NA,NA,BUCKINGHAM.
1501,"King Henry VI, the second part","King Henry VI, the second part",NA,NA,William Shakespeare,contents,directions,ACT I,SCENE IV. Gloucester’s Garden,NA,NA,"Your Grace shall give me leave, my Lord of York,"
1501,"King Henry VI, the second part","King Henry VI, the second part",NA,NA,William Shakespeare,contents,directions,ACT I,SCENE IV. Gloucester’s Garden,NA,NA,"To be the post, in hope of his reward."
1501,"King Henry VI, the second part","King Henry VI, the second part",NA,NA,William Shakespeare,contents,unknown,ACT I,SCENE IV. Gloucester’s Garden,NA,NA,YORK.
1501,"King Henry VI, the second part","King Henry VI, the second part",NA,NA,William Shakespeare,contents,directions,ACT I,SCENE IV. Gloucester’s Garden,NA,NA,"At your pleasure, my good lord."
1501,"King Henry VI, the second part","King Henry VI, the second part",NA,NA,William Shakespeare,contents,directions,ACT I,SCENE IV. Gloucester’s Garden,NA,NA,[Exit Buckingham.]
1501,"King Henry VI, the second part","King Henry VI, the second part",NA,NA,William Shakespeare,contents,directions,ACT I,SCENE IV. Gloucester’s Garden,NA,NA,"Who’s within there, ho!"
1501,"King Henry VI, the second part","King Henry VI, the second part",NA,NA,William Shakespeare,contents,directions,ACT I,SCENE IV. Gloucester’s Garden,NA,NA,Enter a Servingman.
1501,"King Henry VI, the second part","King Henry VI, the second part",NA,NA,William Shakespeare,contents,directions,ACT I,SCENE IV. Gloucester’s Garden,NA,NA,Invite my Lords of Salisbury and Warwick
1501,"King Henry VI, the second part","King Henry VI, the second part",NA,NA,William Shakespeare,contents,directions,ACT I,SCENE IV. Gloucester’s Garden,NA,NA,To sup with me tomorrow night. Away!
1501,"King Henry VI, the second part","King Henry VI, the second part",NA,NA,William Shakespeare,contents,directions,ACT I,SCENE IV. Gloucester’s Garden,NA,NA,[Exeunt.]
1501,"King Henry VI, the second part","King Henry VI, the second part",NA,NA,William Shakespeare,contents,reference,ACT II,SCENE IV. Gloucester’s Garden,NA,NA,ACT II
1501,"King Henry VI, the second part","King Henry VI, the second part",NA,NA,William Shakespeare,contents,reference,ACT II,SCENE I. Saint Albans,NA,NA,SCENE I. Saint Albans
1501,"King Henry VI, the second part","King Henry VI, the second part",NA,NA,William Shakespeare,contents,directions,ACT II,SCENE I. Saint Albans,NA,NA,"Enter the King, Queen, Gloucester, Cardinal and Suffolk with Falconers"
1501,"King Henry VI, the second part","King Henry VI, the second part",NA,NA,William Shakespeare,contents,directions,ACT II,SCENE I. Saint Albans,NA,NA,hallooing.
1501,"King Henry VI, the second part","King Henry VI, the second part",NA,NA,William Shakespeare,contents,unknown,ACT II,SCENE I. Saint Albans,NA,NA,QUEEN MARGARET.
1501,"King Henry VI, the second part","King Henry VI, the second part",NA,NA,William Shakespeare,contents,directions,ACT II,SCENE I. Saint Albans,NA,NA,"Believe me, lords, for flying at the brook"
1501,"King Henry VI, the second part","King Henry VI, the second part",NA,NA,William Shakespeare,contents,directions,ACT II,SCENE I. Saint Albans,NA,NA,I saw not better sport these seven years’ day;
1501,"King Henry VI, the second part","King Henry VI, the second part",NA,NA,William Shakespeare,contents,directions,ACT II,SCENE I. Saint Albans,NA,NA,"Yet, by your leave, the wind was very high,"
1501,"King Henry VI, the second part","King Henry VI, the second part",NA,NA,William Shakespeare,contents,directions,ACT II,SCENE I. Saint Albans,NA,NA,"And, ten to one, old Joan had not gone out."
1501,"King Henry VI, the second part","King Henry VI, the second part",NA,NA,William Shakespeare,contents,unknown,ACT II,SCENE I. Saint Albans,NA,NA,KING HENRY.
1501,"King Henry VI, the second part","King Henry VI, the second part",NA,NA,William Shakespeare,contents,directions,ACT II,SCENE I. Saint Albans,NA,NA,"But what a point, my lord, your falcon made,"
1501,"King Henry VI, the second part","King Henry VI, the second part",NA,NA,William Shakespeare,contents,directions,ACT II,SCENE I. Saint Albans,NA,NA,And what a pitch she flew above the rest!
1501,"King Henry VI, the second part","King Henry VI, the second part",NA,NA,William Shakespeare,contents,directions,ACT II,SCENE I. Saint Albans,NA,NA,To see how God in all His creatures works!
1501,"King Henry VI, the second part","King Henry VI, the second part",NA,NA,William Shakespeare,contents,directions,ACT II,SCENE I. Saint Albans,NA,NA,"Yea, man and birds are fain of climbing high."
1501,"King Henry VI, the second part","King Henry VI, the second part",NA,NA,William Shakespeare,contents,unknown,ACT II,SCENE I. Saint Albans,NA,NA,SUFFOLK.
1501,"King Henry VI, the second part","King Henry VI, the second part",NA,NA,William Shakespeare,contents,directions,ACT II,SCENE I. Saint Albans,NA,NA,"No marvel, an it like your majesty,"
1501,"King Henry VI, the second part","King Henry VI, the second part",NA,NA,William Shakespeare,contents,directions,ACT II,SCENE I. Saint Albans,NA,NA,My Lord Protector’s hawks do tower so well;
1501,"King Henry VI, the second part","King Henry VI, the second part",NA,NA,William Shakespeare,contents,directions,ACT II,SCENE I. Saint Albans,NA,NA,"They know their master loves to be aloft,"
1501,"King Henry VI, the second part","King Henry VI, the second part",NA,NA,William Shakespeare,contents,directions,ACT II,SCENE I. Saint Albans,NA,NA,And bears his thoughts above his falcon’s pitch.
1501,"King Henry VI, the second part","King Henry VI, the second part",NA,NA,William Shakespeare,contents,unknown,ACT II,SCENE I. Saint Albans,NA,NA,GLOUCESTER.
1501,"King Henry VI, the second part","King Henry VI, the second part",NA,NA,William Shakespeare,contents,directions,ACT II,SCENE I. Saint Albans,NA,NA,"My lord, ’tis but a base ignoble mind"
1501,"King Henry VI, the second part","King Henry VI, the second part",NA,NA,William Shakespeare,contents,directions,ACT II,SCENE I. Saint Albans,NA,NA,That mounts no higher than a bird can soar.
1501,"King Henry VI, the second part","King Henry VI, the second part",NA,NA,William Shakespeare,contents,unknown,ACT II,SCENE I. Saint Albans,NA,NA,CARDINAL.
1501,"King Henry VI, the second part","King Henry VI, the second part",NA,NA,William Shakespeare,contents,directions,ACT II,SCENE I. Saint Albans,NA,NA,I thought as much. He would be above the clouds.
1501,"King Henry VI, the second part","King Henry VI, the second part",NA,NA,William Shakespeare,contents,unknown,ACT II,SCENE I. Saint Albans,NA,NA,GLOUCESTER.
1501,"King Henry VI, the second part","King Henry VI, the second part",NA,NA,William Shakespeare,contents,directions,ACT II,SCENE I. Saint Albans,NA,NA,"Ay, my Lord Cardinal, how think you by that?"
1501,"King Henry VI, the second part","King Henry VI, the second part",NA,NA,William Shakespeare,contents,directions,ACT II,SCENE I. Saint Albans,NA,NA,Were it not good your grace could fly to heaven?
1501,"King Henry VI, the second part","King Henry VI, the second part",NA,NA,William Shakespeare,contents,unknown,ACT II,SCENE I. Saint Albans,NA,NA,KING HENRY.
1501,"King Henry VI, the second part","King Henry VI, the second part",NA,NA,William Shakespeare,contents,directions,ACT II,SCENE I. Saint Albans,NA,NA,The treasury of everlasting joy.
1501,"King Henry VI, the second part","King Henry VI, the second part",NA,NA,William Shakespeare,contents,unknown,ACT II,SCENE I. Saint Albans,NA,NA,CARDINAL.
1501,"King Henry VI, the second part","King Henry VI, the second part",NA,NA,William Shakespeare,contents,directions,ACT II,SCENE I. Saint Albans,NA,NA,Thy heaven is on earth; thine eyes and thoughts
1501,"King Henry VI, the second part","King Henry VI, the second part",NA,NA,William Shakespeare,contents,directions,ACT II,SCENE I. Saint Albans,NA,NA,"Beat on a crown, the treasure of thy heart,"
1501,"King Henry VI, the second part","King Henry VI, the second part",NA,NA,William Shakespeare,contents,directions,ACT II,SCENE I. Saint Albans,NA,NA,"Pernicious Protector, dangerous peer,"
1501,"King Henry VI, the second part","King Henry VI, the second part",NA,NA,William Shakespeare,contents,directions,ACT II,SCENE I. Saint Albans,NA,NA,That smooth’st it so with king and commonweal!
1501,"King Henry VI, the second part","King Henry VI, the second part",NA,NA,William Shakespeare,contents,unknown,ACT II,SCENE I. Saint Albans,NA,NA,GLOUCESTER.
1501,"King Henry VI, the second part","King Henry VI, the second part",NA,NA,William Shakespeare,contents,directions,ACT II,SCENE I. Saint Albans,NA,NA,"What, cardinal, is your priesthood grown peremptory?"
1501,"King Henry VI, the second part","King Henry VI, the second part",NA,NA,William Shakespeare,contents,directions,ACT II,SCENE I. Saint Albans,NA,NA,Tantaene animis coelestibus irae?
1501,"King Henry VI, the second part","King Henry VI, the second part",NA,NA,William Shakespeare,contents,directions,ACT II,SCENE I. Saint Albans,NA,NA,"Churchmen so hot? Good uncle, hide such malice."
1501,"King Henry VI, the second part","King Henry VI, the second part",NA,NA,William Shakespeare,contents,directions,ACT II,SCENE I. Saint Albans,NA,NA,With such holiness can you do it?
1501,"King Henry VI, the second part","King Henry VI, the second part",NA,NA,William Shakespeare,contents,unknown,ACT II,SCENE I. Saint Albans,NA,NA,SUFFOLK.
1501,"King Henry VI, the second part","King Henry VI, the second part",NA,NA,William Shakespeare,contents,directions,ACT II,SCENE I. Saint Albans,NA,NA,"No malice, sir; no more than well becomes"
1501,"King Henry VI, the second part","King Henry VI, the second part",NA,NA,William Shakespeare,contents,directions,ACT II,SCENE I. Saint Albans,NA,NA,So good a quarrel and so bad a peer.
1501,"King Henry VI, the second part","King Henry VI, the second part",NA,NA,William Shakespeare,contents,unknown,ACT II,SCENE I. Saint Albans,NA,NA,GLOUCESTER.
1501,"King Henry VI, the second part","King Henry VI, the second part",NA,NA,William Shakespeare,contents,directions,ACT II,SCENE I. Saint Albans,NA,NA,"As who, my lord?"
1501,"King Henry VI, the second part","King Henry VI, the second part",NA,NA,William Shakespeare,contents,unknown,ACT II,SCENE I. Saint Albans,NA,NA,SUFFOLK.
1501,"King Henry VI, the second part","King Henry VI, the second part",NA,NA,William Shakespeare,contents,directions,ACT II,SCENE I. Saint Albans,NA,NA,"Why, as you, my lord,"
1501,"King Henry VI, the second part","King Henry VI, the second part",NA,NA,William Shakespeare,contents,directions,ACT II,SCENE I. Saint Albans,NA,NA,An ’t like your lordly Lord Protectorship.
1501,"King Henry VI, the second part","King Henry VI, the second part",NA,NA,William Shakespeare,contents,unknown,ACT II,SCENE I. Saint Albans,NA,NA,GLOUCESTER.
1501,"King Henry VI, the second part","King Henry VI, the second part",NA,NA,William Shakespeare,contents,directions,ACT II,SCENE I. Saint Albans,NA,NA,"Why, Suffolk, England knows thine insolence."
1501,"King Henry VI, the second part","King Henry VI, the second part",NA,NA,William Shakespeare,contents,unknown,ACT II,SCENE I. Saint Albans,NA,NA,QUEEN MARGARET.
1501,"King Henry VI, the second part","King Henry VI, the second part",NA,NA,William Shakespeare,contents,directions,ACT II,SCENE I. Saint Albans,NA,NA,"And thy ambition, Gloucester."
1501,"King Henry VI, the second part","King Henry VI, the second part",NA,NA,William Shakespeare,contents,unknown,ACT II,SCENE I. Saint Albans,NA,NA,KING HENRY.
1501,"King Henry VI, the second part","King Henry VI, the second part",NA,NA,William Shakespeare,contents,directions,ACT II,SCENE I. Saint Albans,NA,NA,"I prithee, peace, good queen,"
1501,"King Henry VI, the second part","King Henry VI, the second part",NA,NA,William Shakespeare,contents,directions,ACT II,SCENE I. Saint Albans,NA,NA,And whet not on these furious peers;
1501,"King Henry VI, the second part","King Henry VI, the second part",NA,NA,William Shakespeare,contents,directions,ACT II,SCENE I. Saint Albans,NA,NA,For blessed are the peacemakers on earth.
1501,"King Henry VI, the second part","King Henry VI, the second part",NA,NA,William Shakespeare,contents,unknown,ACT II,SCENE I. Saint Albans,NA,NA,CARDINAL.
1501,"King Henry VI, the second part","King Henry VI, the second part",NA,NA,William Shakespeare,contents,directions,ACT II,SCENE I. Saint Albans,NA,NA,Let me be blessed for the peace I make
1501,"King Henry VI, the second part","King Henry VI, the second part",NA,NA,William Shakespeare,contents,directions,ACT II,SCENE I. Saint Albans,NA,NA,"Against this proud Protector, with my sword!"
1501,"King Henry VI, the second part","King Henry VI, the second part",NA,NA,William Shakespeare,contents,unknown,ACT II,SCENE I. Saint Albans,NA,NA,GLOUCESTER.
1501,"King Henry VI, the second part","King Henry VI, the second part",NA,NA,William Shakespeare,contents,directions,ACT II,SCENE I. Saint Albans,NA,NA,"[Aside to Cardinal.] Faith, holy uncle, would ’twere come to that!"
1501,"King Henry VI, the second part","King Henry VI, the second part",NA,NA,William Shakespeare,contents,unknown,ACT II,SCENE I. Saint Albans,NA,NA,CARDINAL.
1501,"King Henry VI, the second part","King Henry VI, the second part",NA,NA,William Shakespeare,contents,directions,ACT II,SCENE I. Saint Albans,NA,NA,"[Aside to Gloucester.] Marry, when thou dar’st."
1501,"King Henry VI, the second part","King Henry VI, the second part",NA,NA,William Shakespeare,contents,unknown,ACT II,SCENE I. Saint Albans,NA,NA,GLOUCESTER.
1501,"King Henry VI, the second part","King Henry VI, the second part",NA,NA,William Shakespeare,contents,directions,ACT II,SCENE I. Saint Albans,NA,NA,"[Aside to Cardinal.] Make up no factious numbers for the matter,"
1501,"King Henry VI, the second part","King Henry VI, the second part",NA,NA,William Shakespeare,contents,directions,ACT II,SCENE I. Saint Albans,NA,NA,In thine own person answer thy abuse.
1501,"King Henry VI, the second part","King Henry VI, the second part",NA,NA,William Shakespeare,contents,unknown,ACT II,SCENE I. Saint Albans,NA,NA,CARDINAL.
1501,"King Henry VI, the second part","King Henry VI, the second part",NA,NA,William Shakespeare,contents,directions,ACT II,SCENE I. Saint Albans,NA,NA,"[Aside to Gloucester.] Ay, where thou dar’st not peep; an if thou"
1501,"King Henry VI, the second part","King Henry VI, the second part",NA,NA,William Shakespeare,contents,directions,ACT II,SCENE I. Saint Albans,NA,NA,"dar’st,"
1501,"King Henry VI, the second part","King Henry VI, the second part",NA,NA,William Shakespeare,contents,directions,ACT II,SCENE I. Saint Albans,NA,NA,"This evening, on the east side of the grove."
1501,"King Henry VI, the second part","King Henry VI, the second part",NA,NA,William Shakespeare,contents,unknown,ACT II,SCENE I. Saint Albans,NA,NA,KING HENRY.
1501,"King Henry VI, the second part","King Henry VI, the second part",NA,NA,William Shakespeare,contents,directions,ACT II,SCENE I. Saint Albans,NA,NA,"How now, my lords?"
1501,"King Henry VI, the second part","King Henry VI, the second part",NA,NA,William Shakespeare,contents,unknown,ACT II,SCENE I. Saint Albans,NA,NA,CARDINAL.
1501,"King Henry VI, the second part","King Henry VI, the second part",NA,NA,William Shakespeare,contents,directions,ACT II,SCENE I. Saint Albans,NA,NA,"Believe me, cousin Gloucester,"
1501,"King Henry VI, the second part","King Henry VI, the second part",NA,NA,William Shakespeare,contents,directions,ACT II,SCENE I. Saint Albans,NA,NA,"Had not your man put up the fowl so suddenly,"
1501,"King Henry VI, the second part","King Henry VI, the second part",NA,NA,William Shakespeare,contents,directions,ACT II,SCENE I. Saint Albans,NA,NA,We had had more sport.—[Aside to Gloucester.]
1501,"King Henry VI, the second part","King Henry VI, the second part",NA,NA,William Shakespeare,contents,directions,ACT II,SCENE I. Saint Albans,NA,NA,Come with thy two-hand sword.
1501,"King Henry VI, the second part","King Henry VI, the second part",NA,NA,William Shakespeare,contents,unknown,ACT II,SCENE I. Saint Albans,NA,NA,GLOUCESTER.
1501,"King Henry VI, the second part","King Henry VI, the second part",NA,NA,William Shakespeare,contents,directions,ACT II,SCENE I. Saint Albans,NA,NA,"True, uncle."
1501,"King Henry VI, the second part","King Henry VI, the second part",NA,NA,William Shakespeare,contents,directions,ACT II,SCENE I. Saint Albans,NA,NA,[Aside to Cardinal.] Are ye advised? The east side of the grove?
1501,"King Henry VI, the second part","King Henry VI, the second part",NA,NA,William Shakespeare,contents,unknown,ACT II,SCENE I. Saint Albans,NA,NA,CARDINAL.
1501,"King Henry VI, the second part","King Henry VI, the second part",NA,NA,William Shakespeare,contents,directions,ACT II,SCENE I. Saint Albans,NA,NA,[Aside to Gloucester.] I am with you.
1501,"King Henry VI, the second part","King Henry VI, the second part",NA,NA,William Shakespeare,contents,unknown,ACT II,SCENE I. Saint Albans,NA,NA,KING HENRY.
1501,"King Henry VI, the second part","King Henry VI, the second part",NA,NA,William Shakespeare,contents,directions,ACT II,SCENE I. Saint Albans,NA,NA,"Why, how now, uncle Gloucester?"
1501,"King Henry VI, the second part","King Henry VI, the second part",NA,NA,William Shakespeare,contents,unknown,ACT II,SCENE I. Saint Albans,NA,NA,GLOUCESTER.
1501,"King Henry VI, the second part","King Henry VI, the second part",NA,NA,William Shakespeare,contents,directions,ACT II,SCENE I. Saint Albans,NA,NA,"Talking of hawking; nothing else, my lord."
1501,"King Henry VI, the second part","King Henry VI, the second part",NA,NA,William Shakespeare,contents,directions,ACT II,SCENE I. Saint Albans,NA,NA,"[Aside to Cardinal.] Now, by God’s mother, priest,"
1501,"King Henry VI, the second part","King Henry VI, the second part",NA,NA,William Shakespeare,contents,directions,ACT II,SCENE I. Saint Albans,NA,NA,"I’ll shave your crown for this,"
1501,"King Henry VI, the second part","King Henry VI, the second part",NA,NA,William Shakespeare,contents,directions,ACT II,SCENE I. Saint Albans,NA,NA,Or all my fence shall fail.
1501,"King Henry VI, the second part","King Henry VI, the second part",NA,NA,William Shakespeare,contents,unknown,ACT II,SCENE I. Saint Albans,NA,NA,CARDINAL.
1501,"King Henry VI, the second part","King Henry VI, the second part",NA,NA,William Shakespeare,contents,directions,ACT II,SCENE I. Saint Albans,NA,NA,"[Aside to Gloucester.] Medice, teipsum.—"
1501,"King Henry VI, the second part","King Henry VI, the second part",NA,NA,William Shakespeare,contents,directions,ACT II,SCENE I. Saint Albans,NA,NA,"Protector, see to ’t well, protect yourself."
1501,"King Henry VI, the second part","King Henry VI, the second part",NA,NA,William Shakespeare,contents,unknown,ACT II,SCENE I. Saint Albans,NA,NA,KING HENRY.
1501,"King Henry VI, the second part","King Henry VI, the second part",NA,NA,William Shakespeare,contents,directions,ACT II,SCENE I. Saint Albans,NA,NA,"The winds grow high; so do your stomachs, lords."
1501,"King Henry VI, the second part","King Henry VI, the second part",NA,NA,William Shakespeare,contents,directions,ACT II,SCENE I. Saint Albans,NA,NA,How irksome is this music to my heart!
1501,"King Henry VI, the second part","King Henry VI, the second part",NA,NA,William Shakespeare,contents,directions,ACT II,SCENE I. Saint Albans,NA,NA,"When such strings jar, what hope of harmony?"
1501,"King Henry VI, the second part","King Henry VI, the second part",NA,NA,William Shakespeare,contents,directions,ACT II,SCENE I. Saint Albans,NA,NA,"I pray, my lords, let me compound this strife."
1501,"King Henry VI, the second part","King Henry VI, the second part",NA,NA,William Shakespeare,contents,directions,ACT II,SCENE I. Saint Albans,NA,NA,"Enter a Townsman of Saint Albans, crying, “A miracle!”"
1501,"King Henry VI, the second part","King Henry VI, the second part",NA,NA,William Shakespeare,contents,unknown,ACT II,SCENE I. Saint Albans,NA,NA,GLOUCESTER.
1501,"King Henry VI, the second part","King Henry VI, the second part",NA,NA,William Shakespeare,contents,directions,ACT II,SCENE I. Saint Albans,NA,NA,What means this noise?
1501,"King Henry VI, the second part","King Henry VI, the second part",NA,NA,William Shakespeare,contents,directions,ACT II,SCENE I. Saint Albans,NA,NA,"Fellow, what miracle dost thou proclaim?"
1501,"King Henry VI, the second part","King Henry VI, the second part",NA,NA,William Shakespeare,contents,unknown,ACT II,SCENE I. Saint Albans,NA,NA,TOWNSMAN.
1501,"King Henry VI, the second part","King Henry VI, the second part",NA,NA,William Shakespeare,contents,directions,ACT II,SCENE I. Saint Albans,NA,NA,A miracle! A miracle!
1501,"King Henry VI, the second part","King Henry VI, the second part",NA,NA,William Shakespeare,contents,unknown,ACT II,SCENE I. Saint Albans,NA,NA,SUFFOLK.
1501,"King Henry VI, the second part","King Henry VI, the second part",NA,NA,William Shakespeare,contents,directions,ACT II,SCENE I. Saint Albans,NA,NA,"Come to the King, and tell him what miracle."
1501,"King Henry VI, the second part","King Henry VI, the second part",NA,NA,William Shakespeare,contents,unknown,ACT II,SCENE I. Saint Albans,NA,NA,TOWNSMAN.
1501,"King Henry VI, the second part","King Henry VI, the second part",NA,NA,William Shakespeare,contents,directions,ACT II,SCENE I. Saint Albans,NA,NA,"Forsooth, a blind man at Saint Alban’s shrine,"
1501,"King Henry VI, the second part","King Henry VI, the second part",NA,NA,William Shakespeare,contents,directions,ACT II,SCENE I. Saint Albans,NA,NA,"Within this half hour, hath received his sight,"
1501,"King Henry VI, the second part","King Henry VI, the second part",NA,NA,William Shakespeare,contents,directions,ACT II,SCENE I. Saint Albans,NA,NA,A man that ne’er saw in his life before.
1501,"King Henry VI, the second part","King Henry VI, the second part",NA,NA,William Shakespeare,contents,unknown,ACT II,SCENE I. Saint Albans,NA,NA,KING HENRY.
1501,"King Henry VI, the second part","King Henry VI, the second part",NA,NA,William Shakespeare,contents,directions,ACT II,SCENE I. Saint Albans,NA,NA,"Now, God be praised, that to believing souls"
1501,"King Henry VI, the second part","King Henry VI, the second part",NA,NA,William Shakespeare,contents,directions,ACT II,SCENE I. Saint Albans,NA,NA,"Gives light in darkness, comfort in despair!"
1501,"King Henry VI, the second part","King Henry VI, the second part",NA,NA,William Shakespeare,contents,directions,ACT II,SCENE I. Saint Albans,NA,NA,"Enter the Mayor of Saint Albans and his brethren, bearing Simpcox"
1501,"King Henry VI, the second part","King Henry VI, the second part",NA,NA,William Shakespeare,contents,directions,ACT II,SCENE I. Saint Albans,NA,NA,"between two in a chair, Simpcox’s Wife following."
1501,"King Henry VI, the second part","King Henry VI, the second part",NA,NA,William Shakespeare,contents,unknown,ACT II,SCENE I. Saint Albans,NA,NA,CARDINAL.
1501,"King Henry VI, the second part","King Henry VI, the second part",NA,NA,William Shakespeare,contents,directions,ACT II,SCENE I. Saint Albans,NA,NA,"Here comes the townsmen on procession,"
1501,"King Henry VI, the second part","King Henry VI, the second part",NA,NA,William Shakespeare,contents,directions,ACT II,SCENE I. Saint Albans,NA,NA,To present your highness with the man.
1501,"King Henry VI, the second part","King Henry VI, the second part",NA,NA,William Shakespeare,contents,unknown,ACT II,SCENE I. Saint Albans,NA,NA,KING HENRY.
1501,"King Henry VI, the second part","King Henry VI, the second part",NA,NA,William Shakespeare,contents,directions,ACT II,SCENE I. Saint Albans,NA,NA,"Great is his comfort in this earthly vale,"
1501,"King Henry VI, the second part","King Henry VI, the second part",NA,NA,William Shakespeare,contents,directions,ACT II,SCENE I. Saint Albans,NA,NA,Although by his sight his sin be multiplied.
1501,"King Henry VI, the second part","King Henry VI, the second part",NA,NA,William Shakespeare,contents,unknown,ACT II,SCENE I. Saint Albans,NA,NA,GLOUCESTER.
1501,"King Henry VI, the second part","King Henry VI, the second part",NA,NA,William Shakespeare,contents,directions,ACT II,SCENE I. Saint Albans,NA,NA,"Stand by, my masters. Bring him near the King."
1501,"King Henry VI, the second part","King Henry VI, the second part",NA,NA,William Shakespeare,contents,directions,ACT II,SCENE I. Saint Albans,NA,NA,His highness’ pleasure is to talk with him.
1501,"King Henry VI, the second part","King Henry VI, the second part",NA,NA,William Shakespeare,contents,unknown,ACT II,SCENE I. Saint Albans,NA,NA,KING HENRY.
1501,"King Henry VI, the second part","King Henry VI, the second part",NA,NA,William Shakespeare,contents,directions,ACT II,SCENE I. Saint Albans,NA,NA,"Good fellow, tell us here the circumstance,"
1501,"King Henry VI, the second part","King Henry VI, the second part",NA,NA,William Shakespeare,contents,directions,ACT II,SCENE I. Saint Albans,NA,NA,That we for thee may glorify the Lord.
1501,"King Henry VI, the second part","King Henry VI, the second part",NA,NA,William Shakespeare,contents,directions,ACT II,SCENE I. Saint Albans,NA,NA,"What, hast thou been long blind and now restored?"
1501,"King Henry VI, the second part","King Henry VI, the second part",NA,NA,William Shakespeare,contents,unknown,ACT II,SCENE I. Saint Albans,NA,NA,SIMPCOX.
1501,"King Henry VI, the second part","King Henry VI, the second part",NA,NA,William Shakespeare,contents,directions,ACT II,SCENE I. Saint Albans,NA,NA,"Born blind, an ’t please your grace."
1501,"King Henry VI, the second part","King Henry VI, the second part",NA,NA,William Shakespeare,contents,unknown,ACT II,SCENE I. Saint Albans,NA,NA,WIFE.
1501,"King Henry VI, the second part","King Henry VI, the second part",NA,NA,William Shakespeare,contents,directions,ACT II,SCENE I. Saint Albans,NA,NA,"Ay, indeed, was he."
1501,"King Henry VI, the second part","King Henry VI, the second part",NA,NA,William Shakespeare,contents,unknown,ACT II,SCENE I. Saint Albans,NA,NA,SUFFOLK.
1501,"King Henry VI, the second part","King Henry VI, the second part",NA,NA,William Shakespeare,contents,directions,ACT II,SCENE I. Saint Albans,NA,NA,What woman is this?
1501,"King Henry VI, the second part","King Henry VI, the second part",NA,NA,William Shakespeare,contents,unknown,ACT II,SCENE I. Saint Albans,NA,NA,WIFE.
1501,"King Henry VI, the second part","King Henry VI, the second part",NA,NA,William Shakespeare,contents,directions,ACT II,SCENE I. Saint Albans,NA,NA,"His wife, an ’t like your worship."
1501,"King Henry VI, the second part","King Henry VI, the second part",NA,NA,William Shakespeare,contents,unknown,ACT II,SCENE I. Saint Albans,NA,NA,GLOUCESTER.
1501,"King Henry VI, the second part","King Henry VI, the second part",NA,NA,William Shakespeare,contents,directions,ACT II,SCENE I. Saint Albans,NA,NA,"Hadst thou been his mother, thou couldst have better told."
1501,"King Henry VI, the second part","King Henry VI, the second part",NA,NA,William Shakespeare,contents,unknown,ACT II,SCENE I. Saint Albans,NA,NA,KING HENRY.
1501,"King Henry VI, the second part","King Henry VI, the second part",NA,NA,William Shakespeare,contents,directions,ACT II,SCENE I. Saint Albans,NA,NA,Where wert thou born?
1501,"King Henry VI, the second part","King Henry VI, the second part",NA,NA,William Shakespeare,contents,unknown,ACT II,SCENE I. Saint Albans,NA,NA,SIMPCOX.
1501,"King Henry VI, the second part","King Henry VI, the second part",NA,NA,William Shakespeare,contents,directions,ACT II,SCENE I. Saint Albans,NA,NA,"At Berwick in the north, an ’t like your grace."
1501,"King Henry VI, the second part","King Henry VI, the second part",NA,NA,William Shakespeare,contents,unknown,ACT II,SCENE I. Saint Albans,NA,NA,KING HENRY.
1501,"King Henry VI, the second part","King Henry VI, the second part",NA,NA,William Shakespeare,contents,directions,ACT II,SCENE I. Saint Albans,NA,NA,"Poor soul, God’s goodness hath been great to thee."
1501,"King Henry VI, the second part","King Henry VI, the second part",NA,NA,William Shakespeare,contents,directions,ACT II,SCENE I. Saint Albans,NA,NA,"Let never day nor night unhallowed pass,"
1501,"King Henry VI, the second part","King Henry VI, the second part",NA,NA,William Shakespeare,contents,directions,ACT II,SCENE I. Saint Albans,NA,NA,But still remember what the Lord hath done.
1501,"King Henry VI, the second part","King Henry VI, the second part",NA,NA,William Shakespeare,contents,unknown,ACT II,SCENE I. Saint Albans,NA,NA,QUEEN MARGARET.
1501,"King Henry VI, the second part","King Henry VI, the second part",NA,NA,William Shakespeare,contents,directions,ACT II,SCENE I. Saint Albans,NA,NA,"Tell me, good fellow, cam’st thou here by chance,"
1501,"King Henry VI, the second part","King Henry VI, the second part",NA,NA,William Shakespeare,contents,directions,ACT II,SCENE I. Saint Albans,NA,NA,"Or of devotion, to this holy shrine?"
1501,"King Henry VI, the second part","King Henry VI, the second part",NA,NA,William Shakespeare,contents,unknown,ACT II,SCENE I. Saint Albans,NA,NA,SIMPCOX.
1501,"King Henry VI, the second part","King Henry VI, the second part",NA,NA,William Shakespeare,contents,directions,ACT II,SCENE I. Saint Albans,NA,NA,"God knows, of pure devotion; being called"
1501,"King Henry VI, the second part","King Henry VI, the second part",NA,NA,William Shakespeare,contents,directions,ACT II,SCENE I. Saint Albans,NA,NA,"A hundred times and oftener, in my sleep,"
1501,"King Henry VI, the second part","King Henry VI, the second part",NA,NA,William Shakespeare,contents,directions,ACT II,SCENE I. Saint Albans,NA,NA,"By good Saint Alban, who said “Simpcox, come,"
1501,"King Henry VI, the second part","King Henry VI, the second part",NA,NA,William Shakespeare,contents,directions,ACT II,SCENE I. Saint Albans,NA,NA,"Come, offer at my shrine, and I will help thee.”"
1501,"King Henry VI, the second part","King Henry VI, the second part",NA,NA,William Shakespeare,contents,unknown,ACT II,SCENE I. Saint Albans,NA,NA,WIFE.
1501,"King Henry VI, the second part","King Henry VI, the second part",NA,NA,William Shakespeare,contents,directions,ACT II,SCENE I. Saint Albans,NA,NA,"Most true, forsooth; and many time and oft"
1501,"King Henry VI, the second part","King Henry VI, the second part",NA,NA,William Shakespeare,contents,directions,ACT II,SCENE I. Saint Albans,NA,NA,Myself have heard a voice to call him so.
1501,"King Henry VI, the second part","King Henry VI, the second part",NA,NA,William Shakespeare,contents,unknown,ACT II,SCENE I. Saint Albans,NA,NA,CARDINAL.
1501,"King Henry VI, the second part","King Henry VI, the second part",NA,NA,William Shakespeare,contents,directions,ACT II,SCENE I. Saint Albans,NA,NA,"What, art thou lame?"
1501,"King Henry VI, the second part","King Henry VI, the second part",NA,NA,William Shakespeare,contents,unknown,ACT II,SCENE I. Saint Albans,NA,NA,SIMPCOX.
1501,"King Henry VI, the second part","King Henry VI, the second part",NA,NA,William Shakespeare,contents,directions,ACT II,SCENE I. Saint Albans,NA,NA,"Ay, God Almighty help me!"
1501,"King Henry VI, the second part","King Henry VI, the second part",NA,NA,William Shakespeare,contents,unknown,ACT II,SCENE I. Saint Albans,NA,NA,SUFFOLK.
1501,"King Henry VI, the second part","King Henry VI, the second part",NA,NA,William Shakespeare,contents,directions,ACT II,SCENE I. Saint Albans,NA,NA,How cam’st thou so?
1501,"King Henry VI, the second part","King Henry VI, the second part",NA,NA,William Shakespeare,contents,unknown,ACT II,SCENE I. Saint Albans,NA,NA,SIMPCOX.
1501,"King Henry VI, the second part","King Henry VI, the second part",NA,NA,William Shakespeare,contents,directions,ACT II,SCENE I. Saint Albans,NA,NA,A fall off of a tree.
1501,"King Henry VI, the second part","King Henry VI, the second part",NA,NA,William Shakespeare,contents,unknown,ACT II,SCENE I. Saint Albans,NA,NA,WIFE.
1501,"King Henry VI, the second part","King Henry VI, the second part",NA,NA,William Shakespeare,contents,directions,ACT II,SCENE I. Saint Albans,NA,NA,"A plum-tree, master."
1501,"King Henry VI, the second part","King Henry VI, the second part",NA,NA,William Shakespeare,contents,unknown,ACT II,SCENE I. Saint Albans,NA,NA,GLOUCESTER.
1501,"King Henry VI, the second part","King Henry VI, the second part",NA,NA,William Shakespeare,contents,directions,ACT II,SCENE I. Saint Albans,NA,NA,How long hast thou been blind?
1501,"King Henry VI, the second part","King Henry VI, the second part",NA,NA,William Shakespeare,contents,unknown,ACT II,SCENE I. Saint Albans,NA,NA,SIMPCOX.
1501,"King Henry VI, the second part","King Henry VI, the second part",NA,NA,William Shakespeare,contents,directions,ACT II,SCENE I. Saint Albans,NA,NA,"O, born so, master."
1501,"King Henry VI, the second part","King Henry VI, the second part",NA,NA,William Shakespeare,contents,unknown,ACT II,SCENE I. Saint Albans,NA,NA,GLOUCESTER.
1501,"King Henry VI, the second part","King Henry VI, the second part",NA,NA,William Shakespeare,contents,directions,ACT II,SCENE I. Saint Albans,NA,NA,"What, and wouldst climb a tree?"
1501,"King Henry VI, the second part","King Henry VI, the second part",NA,NA,William Shakespeare,contents,unknown,ACT II,SCENE I. Saint Albans,NA,NA,SIMPCOX.
1501,"King Henry VI, the second part","King Henry VI, the second part",NA,NA,William Shakespeare,contents,directions,ACT II,SCENE I. Saint Albans,NA,NA,"But that in all my life, when I was a youth."
1501,"King Henry VI, the second part","King Henry VI, the second part",NA,NA,William Shakespeare,contents,unknown,ACT II,SCENE I. Saint Albans,NA,NA,WIFE.
1501,"King Henry VI, the second part","King Henry VI, the second part",NA,NA,William Shakespeare,contents,directions,ACT II,SCENE I. Saint Albans,NA,NA,Too true; and bought his climbing very dear.
1501,"King Henry VI, the second part","King Henry VI, the second part",NA,NA,William Shakespeare,contents,unknown,ACT II,SCENE I. Saint Albans,NA,NA,GLOUCESTER.
1501,"King Henry VI, the second part","King Henry VI, the second part",NA,NA,William Shakespeare,contents,directions,ACT II,SCENE I. Saint Albans,NA,NA,"Mass, thou lov’dst plums well, that wouldst venture so."
1501,"King Henry VI, the second part","King Henry VI, the second part",NA,NA,William Shakespeare,contents,unknown,ACT II,SCENE I. Saint Albans,NA,NA,SIMPCOX.
1501,"King Henry VI, the second part","King Henry VI, the second part",NA,NA,William Shakespeare,contents,directions,ACT II,SCENE I. Saint Albans,NA,NA,"Alas, good master, my wife desired some damsons,"
1501,"King Henry VI, the second part","King Henry VI, the second part",NA,NA,William Shakespeare,contents,directions,ACT II,SCENE I. Saint Albans,NA,NA,"And made me climb, with danger of my life."
1501,"King Henry VI, the second part","King Henry VI, the second part",NA,NA,William Shakespeare,contents,unknown,ACT II,SCENE I. Saint Albans,NA,NA,GLOUCESTER.
1501,"King Henry VI, the second part","King Henry VI, the second part",NA,NA,William Shakespeare,contents,directions,ACT II,SCENE I. Saint Albans,NA,NA,A subtle knave! But yet it shall not serve.—
1501,"King Henry VI, the second part","King Henry VI, the second part",NA,NA,William Shakespeare,contents,directions,ACT II,SCENE I. Saint Albans,NA,NA,Let me see thine eyes. Wink now. Now open them.
1501,"King Henry VI, the second part","King Henry VI, the second part",NA,NA,William Shakespeare,contents,directions,ACT II,SCENE I. Saint Albans,NA,NA,In my opinion yet thou seest not well.
1501,"King Henry VI, the second part","King Henry VI, the second part",NA,NA,William Shakespeare,contents,unknown,ACT II,SCENE I. Saint Albans,NA,NA,SIMPCOX.
1501,"King Henry VI, the second part","King Henry VI, the second part",NA,NA,William Shakespeare,contents,directions,ACT II,SCENE I. Saint Albans,NA,NA,"Yes, master, clear as day, I thank God and Saint Alban."
1501,"King Henry VI, the second part","King Henry VI, the second part",NA,NA,William Shakespeare,contents,unknown,ACT II,SCENE I. Saint Albans,NA,NA,GLOUCESTER.
1501,"King Henry VI, the second part","King Henry VI, the second part",NA,NA,William Shakespeare,contents,directions,ACT II,SCENE I. Saint Albans,NA,NA,Sayst thou me so? What colour is this cloak of?
1501,"King Henry VI, the second part","King Henry VI, the second part",NA,NA,William Shakespeare,contents,unknown,ACT II,SCENE I. Saint Albans,NA,NA,SIMPCOX.
1501,"King Henry VI, the second part","King Henry VI, the second part",NA,NA,William Shakespeare,contents,directions,ACT II,SCENE I. Saint Albans,NA,NA,"Red, master, red as blood."
1501,"King Henry VI, the second part","King Henry VI, the second part",NA,NA,William Shakespeare,contents,unknown,ACT II,SCENE I. Saint Albans,NA,NA,GLOUCESTER.
1501,"King Henry VI, the second part","King Henry VI, the second part",NA,NA,William Shakespeare,contents,directions,ACT II,SCENE I. Saint Albans,NA,NA,"Why, that’s well said. What colour is my gown of?"
1501,"King Henry VI, the second part","King Henry VI, the second part",NA,NA,William Shakespeare,contents,unknown,ACT II,SCENE I. Saint Albans,NA,NA,SIMPCOX.
1501,"King Henry VI, the second part","King Henry VI, the second part",NA,NA,William Shakespeare,contents,directions,ACT II,SCENE I. Saint Albans,NA,NA,"Black, forsooth, coal-black as jet."
1501,"King Henry VI, the second part","King Henry VI, the second part",NA,NA,William Shakespeare,contents,unknown,ACT II,SCENE I. Saint Albans,NA,NA,KING HENRY.
1501,"King Henry VI, the second part","King Henry VI, the second part",NA,NA,William Shakespeare,contents,directions,ACT II,SCENE I. Saint Albans,NA,NA,"Why, then, thou know’st what colour jet is of?"
1501,"King Henry VI, the second part","King Henry VI, the second part",NA,NA,William Shakespeare,contents,unknown,ACT II,SCENE I. Saint Albans,NA,NA,SUFFOLK.
1501,"King Henry VI, the second part","King Henry VI, the second part",NA,NA,William Shakespeare,contents,directions,ACT II,SCENE I. Saint Albans,NA,NA,"And yet, I think, jet did he never see."
1501,"King Henry VI, the second part","King Henry VI, the second part",NA,NA,William Shakespeare,contents,unknown,ACT II,SCENE I. Saint Albans,NA,NA,GLOUCESTER.
1501,"King Henry VI, the second part","King Henry VI, the second part",NA,NA,William Shakespeare,contents,directions,ACT II,SCENE I. Saint Albans,NA,NA,"But cloaks and gowns before this day, a many."
1501,"King Henry VI, the second part","King Henry VI, the second part",NA,NA,William Shakespeare,contents,unknown,ACT II,SCENE I. Saint Albans,NA,NA,WIFE.
1501,"King Henry VI, the second part","King Henry VI, the second part",NA,NA,William Shakespeare,contents,directions,ACT II,SCENE I. Saint Albans,NA,NA,Never before this day in all his life.
1501,"King Henry VI, the second part","King Henry VI, the second part",NA,NA,William Shakespeare,contents,unknown,ACT II,SCENE I. Saint Albans,NA,NA,GLOUCESTER.
1501,"King Henry VI, the second part","King Henry VI, the second part",NA,NA,William Shakespeare,contents,directions,ACT II,SCENE I. Saint Albans,NA,NA,"Tell me, sirrah, what’s my name?"
1501,"King Henry VI, the second part","King Henry VI, the second part",NA,NA,William Shakespeare,contents,unknown,ACT II,SCENE I. Saint Albans,NA,NA,SIMPCOX.
1501,"King Henry VI, the second part","King Henry VI, the second part",NA,NA,William Shakespeare,contents,directions,ACT II,SCENE I. Saint Albans,NA,NA,"Alas, master, I know not."
1501,"King Henry VI, the second part","King Henry VI, the second part",NA,NA,William Shakespeare,contents,unknown,ACT II,SCENE I. Saint Albans,NA,NA,GLOUCESTER.
1501,"King Henry VI, the second part","King Henry VI, the second part",NA,NA,William Shakespeare,contents,directions,ACT II,SCENE I. Saint Albans,NA,NA,What’s his name?
1501,"King Henry VI, the second part","King Henry VI, the second part",NA,NA,William Shakespeare,contents,unknown,ACT II,SCENE I. Saint Albans,NA,NA,SIMPCOX.
1501,"King Henry VI, the second part","King Henry VI, the second part",NA,NA,William Shakespeare,contents,directions,ACT II,SCENE I. Saint Albans,NA,NA,I know not.
1501,"King Henry VI, the second part","King Henry VI, the second part",NA,NA,William Shakespeare,contents,unknown,ACT II,SCENE I. Saint Albans,NA,NA,GLOUCESTER.
1501,"King Henry VI, the second part","King Henry VI, the second part",NA,NA,William Shakespeare,contents,directions,ACT II,SCENE I. Saint Albans,NA,NA,Nor his?
1501,"King Henry VI, the second part","King Henry VI, the second part",NA,NA,William Shakespeare,contents,unknown,ACT II,SCENE I. Saint Albans,NA,NA,SIMPCOX.
1501,"King Henry VI, the second part","King Henry VI, the second part",NA,NA,William Shakespeare,contents,directions,ACT II,SCENE I. Saint Albans,NA,NA,"No, indeed, master."
1501,"King Henry VI, the second part","King Henry VI, the second part",NA,NA,William Shakespeare,contents,unknown,ACT II,SCENE I. Saint Albans,NA,NA,GLOUCESTER.
1501,"King Henry VI, the second part","King Henry VI, the second part",NA,NA,William Shakespeare,contents,directions,ACT II,SCENE I. Saint Albans,NA,NA,What’s thine own name?
1501,"King Henry VI, the second part","King Henry VI, the second part",NA,NA,William Shakespeare,contents,unknown,ACT II,SCENE I. Saint Albans,NA,NA,SIMPCOX.
1501,"King Henry VI, the second part","King Henry VI, the second part",NA,NA,William Shakespeare,contents,directions,ACT II,SCENE I. Saint Albans,NA,NA,"Sander Simpcox, an if it please you, master."
1501,"King Henry VI, the second part","King Henry VI, the second part",NA,NA,William Shakespeare,contents,unknown,ACT II,SCENE I. Saint Albans,NA,NA,GLOUCESTER.
1501,"King Henry VI, the second part","King Henry VI, the second part",NA,NA,William Shakespeare,contents,directions,ACT II,SCENE I. Saint Albans,NA,NA,"Then, Sander, sit there, the lyingest knave in Christendom. If thou"
1501,"King Henry VI, the second part","King Henry VI, the second part",NA,NA,William Shakespeare,contents,directions,ACT II,SCENE I. Saint Albans,NA,NA,"hadst been born blind, thou mightst as well have known all our names as"
1501,"King Henry VI, the second part","King Henry VI, the second part",NA,NA,William Shakespeare,contents,directions,ACT II,SCENE I. Saint Albans,NA,NA,thus to name the several colours we do wear. Sight may distinguish of
1501,"King Henry VI, the second part","King Henry VI, the second part",NA,NA,William Shakespeare,contents,directions,ACT II,SCENE I. Saint Albans,NA,NA,"colours; but suddenly to nominate them all, it is impossible.—My lords,"
1501,"King Henry VI, the second part","King Henry VI, the second part",NA,NA,William Shakespeare,contents,directions,ACT II,SCENE I. Saint Albans,NA,NA,Saint Alban here hath done a miracle; and would ye not think his
1501,"King Henry VI, the second part","King Henry VI, the second part",NA,NA,William Shakespeare,contents,directions,ACT II,SCENE I. Saint Albans,NA,NA,cunning to be great that could restore this cripple to his legs again?
1501,"King Henry VI, the second part","King Henry VI, the second part",NA,NA,William Shakespeare,contents,unknown,ACT II,SCENE I. Saint Albans,NA,NA,SIMPCOX.
1501,"King Henry VI, the second part","King Henry VI, the second part",NA,NA,William Shakespeare,contents,directions,ACT II,SCENE I. Saint Albans,NA,NA,"O master, that you could!"
1501,"King Henry VI, the second part","King Henry VI, the second part",NA,NA,William Shakespeare,contents,unknown,ACT II,SCENE I. Saint Albans,NA,NA,GLOUCESTER.
1501,"King Henry VI, the second part","King Henry VI, the second part",NA,NA,William Shakespeare,contents,directions,ACT II,SCENE I. Saint Albans,NA,NA,"My masters of Saint Albans, have you not beadles in your town, and"
1501,"King Henry VI, the second part","King Henry VI, the second part",NA,NA,William Shakespeare,contents,directions,ACT II,SCENE I. Saint Albans,NA,NA,things called whips?
1501,"King Henry VI, the second part","King Henry VI, the second part",NA,NA,William Shakespeare,contents,unknown,ACT II,SCENE I. Saint Albans,NA,NA,MAYOR.
1501,"King Henry VI, the second part","King Henry VI, the second part",NA,NA,William Shakespeare,contents,directions,ACT II,SCENE I. Saint Albans,NA,NA,"Yes, my lord, if it please your grace."
1501,"King Henry VI, the second part","King Henry VI, the second part",NA,NA,William Shakespeare,contents,unknown,ACT II,SCENE I. Saint Albans,NA,NA,GLOUCESTER.
1501,"King Henry VI, the second part","King Henry VI, the second part",NA,NA,William Shakespeare,contents,directions,ACT II,SCENE I. Saint Albans,NA,NA,Then send for one presently.
1501,"King Henry VI, the second part","King Henry VI, the second part",NA,NA,William Shakespeare,contents,unknown,ACT II,SCENE I. Saint Albans,NA,NA,MAYOR.
1501,"King Henry VI, the second part","King Henry VI, the second part",NA,NA,William Shakespeare,contents,directions,ACT II,SCENE I. Saint Albans,NA,NA,"Sirrah, go fetch the beadle hither straight."
1501,"King Henry VI, the second part","King Henry VI, the second part",NA,NA,William Shakespeare,contents,directions,ACT II,SCENE I. Saint Albans,NA,NA,[Exit a Townsman.]
1501,"King Henry VI, the second part","King Henry VI, the second part",NA,NA,William Shakespeare,contents,unknown,ACT II,SCENE I. Saint Albans,NA,NA,GLOUCESTER.
1501,"King Henry VI, the second part","King Henry VI, the second part",NA,NA,William Shakespeare,contents,directions,ACT II,SCENE I. Saint Albans,NA,NA,"Now fetch me a stool hither by and by.—Now, sirrah, if you mean to save"
1501,"King Henry VI, the second part","King Henry VI, the second part",NA,NA,William Shakespeare,contents,directions,ACT II,SCENE I. Saint Albans,NA,NA,"yourself from whipping, leap me over this stool and run away."
1501,"King Henry VI, the second part","King Henry VI, the second part",NA,NA,William Shakespeare,contents,unknown,ACT II,SCENE I. Saint Albans,NA,NA,SIMPCOX.
1501,"King Henry VI, the second part","King Henry VI, the second part",NA,NA,William Shakespeare,contents,directions,ACT II,SCENE I. Saint Albans,NA,NA,"Alas, master, I am not able to stand alone."
1501,"King Henry VI, the second part","King Henry VI, the second part",NA,NA,William Shakespeare,contents,directions,ACT II,SCENE I. Saint Albans,NA,NA,You go about to torture me in vain.
1501,"King Henry VI, the second part","King Henry VI, the second part",NA,NA,William Shakespeare,contents,directions,ACT II,SCENE I. Saint Albans,NA,NA,Enter a Beadle with whips.
1501,"King Henry VI, the second part","King Henry VI, the second part",NA,NA,William Shakespeare,contents,unknown,ACT II,SCENE I. Saint Albans,NA,NA,GLOUCESTER.
1501,"King Henry VI, the second part","King Henry VI, the second part",NA,NA,William Shakespeare,contents,directions,ACT II,SCENE I. Saint Albans,NA,NA,"Well, sir, we must have you find your legs."
1501,"King Henry VI, the second part","King Henry VI, the second part",NA,NA,William Shakespeare,contents,directions,ACT II,SCENE I. Saint Albans,NA,NA,"Sirrah beadle, whip him till he leap over that same stool."
1501,"King Henry VI, the second part","King Henry VI, the second part",NA,NA,William Shakespeare,contents,unknown,ACT II,SCENE I. Saint Albans,NA,NA,BEADLE.
1501,"King Henry VI, the second part","King Henry VI, the second part",NA,NA,William Shakespeare,contents,directions,ACT II,SCENE I. Saint Albans,NA,NA,"I will, my lord.—Come on, sirrah; off with your doublet quickly."
1501,"King Henry VI, the second part","King Henry VI, the second part",NA,NA,William Shakespeare,contents,unknown,ACT II,SCENE I. Saint Albans,NA,NA,SIMPCOX.
1501,"King Henry VI, the second part","King Henry VI, the second part",NA,NA,William Shakespeare,contents,directions,ACT II,SCENE I. Saint Albans,NA,NA,"Alas, master, what shall I do? I am not able to stand."
1501,"King Henry VI, the second part","King Henry VI, the second part",NA,NA,William Shakespeare,contents,directions,ACT II,SCENE I. Saint Albans,NA,NA,"[After the Beadle hath hit him once, he leaps over the stool and runs"
1501,"King Henry VI, the second part","King Henry VI, the second part",NA,NA,William Shakespeare,contents,directions,ACT II,SCENE I. Saint Albans,NA,NA,"away; and they follow and cry, “A miracle!”]"
1501,"King Henry VI, the second part","King Henry VI, the second part",NA,NA,William Shakespeare,contents,unknown,ACT II,SCENE I. Saint Albans,NA,NA,KING HENRY.
1501,"King Henry VI, the second part","King Henry VI, the second part",NA,NA,William Shakespeare,contents,directions,ACT II,SCENE I. Saint Albans,NA,NA,"O God, seest Thou this, and bearest so long?"
1501,"King Henry VI, the second part","King Henry VI, the second part",NA,NA,William Shakespeare,contents,unknown,ACT II,SCENE I. Saint Albans,NA,NA,QUEEN MARGARET.
1501,"King Henry VI, the second part","King Henry VI, the second part",NA,NA,William Shakespeare,contents,directions,ACT II,SCENE I. Saint Albans,NA,NA,It made me laugh to see the villain run.
1501,"King Henry VI, the second part","King Henry VI, the second part",NA,NA,William Shakespeare,contents,unknown,ACT II,SCENE I. Saint Albans,NA,NA,GLOUCESTER.
1501,"King Henry VI, the second part","King Henry VI, the second part",NA,NA,William Shakespeare,contents,directions,ACT II,SCENE I. Saint Albans,NA,NA,"Follow the knave, and take this drab away."
1501,"King Henry VI, the second part","King Henry VI, the second part",NA,NA,William Shakespeare,contents,unknown,ACT II,SCENE I. Saint Albans,NA,NA,WIFE.
1501,"King Henry VI, the second part","King Henry VI, the second part",NA,NA,William Shakespeare,contents,directions,ACT II,SCENE I. Saint Albans,NA,NA,"Alas, sir, we did it for pure need."
1501,"King Henry VI, the second part","King Henry VI, the second part",NA,NA,William Shakespeare,contents,unknown,ACT II,SCENE I. Saint Albans,NA,NA,GLOUCESTER.
1501,"King Henry VI, the second part","King Henry VI, the second part",NA,NA,William Shakespeare,contents,directions,ACT II,SCENE I. Saint Albans,NA,NA,Let them be whipped through every market town
1501,"King Henry VI, the second part","King Henry VI, the second part",NA,NA,William Shakespeare,contents,directions,ACT II,SCENE I. Saint Albans,NA,NA,"Till they come to Berwick, from whence they came."
1501,"King Henry VI, the second part","King Henry VI, the second part",NA,NA,William Shakespeare,contents,directions,ACT II,SCENE I. Saint Albans,NA,NA,"[Exeunt Wife, Beadle, Mayor, etc.]"
1501,"King Henry VI, the second part","King Henry VI, the second part",NA,NA,William Shakespeare,contents,unknown,ACT II,SCENE I. Saint Albans,NA,NA,CARDINAL.
1501,"King Henry VI, the second part","King Henry VI, the second part",NA,NA,William Shakespeare,contents,directions,ACT II,SCENE I. Saint Albans,NA,NA,Duke Humphrey has done a miracle today.
1501,"King Henry VI, the second part","King Henry VI, the second part",NA,NA,William Shakespeare,contents,unknown,ACT II,SCENE I. Saint Albans,NA,NA,SUFFOLK.
1501,"King Henry VI, the second part","King Henry VI, the second part",NA,NA,William Shakespeare,contents,directions,ACT II,SCENE I. Saint Albans,NA,NA,"True, made the lame to leap and fly away."
1501,"King Henry VI, the second part","King Henry VI, the second part",NA,NA,William Shakespeare,contents,unknown,ACT II,SCENE I. Saint Albans,NA,NA,GLOUCESTER.
1501,"King Henry VI, the second part","King Henry VI, the second part",NA,NA,William Shakespeare,contents,directions,ACT II,SCENE I. Saint Albans,NA,NA,But you have done more miracles than I.
1501,"King Henry VI, the second part","King Henry VI, the second part",NA,NA,William Shakespeare,contents,directions,ACT II,SCENE I. Saint Albans,NA,NA,"You made in a day, my lord, whole towns to fly."
1501,"King Henry VI, the second part","King Henry VI, the second part",NA,NA,William Shakespeare,contents,directions,ACT II,SCENE I. Saint Albans,NA,NA,Enter Buckingham.
1501,"King Henry VI, the second part","King Henry VI, the second part",NA,NA,William Shakespeare,contents,unknown,ACT II,SCENE I. Saint Albans,NA,NA,KING HENRY.
1501,"King Henry VI, the second part","King Henry VI, the second part",NA,NA,William Shakespeare,contents,directions,ACT II,SCENE I. Saint Albans,NA,NA,What tidings with our cousin Buckingham?
1501,"King Henry VI, the second part","King Henry VI, the second part",NA,NA,William Shakespeare,contents,unknown,ACT II,SCENE I. Saint Albans,NA,NA,BUCKINGHAM.
1501,"King Henry VI, the second part","King Henry VI, the second part",NA,NA,William Shakespeare,contents,directions,ACT II,SCENE I. Saint Albans,NA,NA,Such as my heart doth tremble to unfold.
1501,"King Henry VI, the second part","King Henry VI, the second part",NA,NA,William Shakespeare,contents,directions,ACT II,SCENE I. Saint Albans,NA,NA,"A sort of naughty persons, lewdly bent,"
1501,"King Henry VI, the second part","King Henry VI, the second part",NA,NA,William Shakespeare,contents,directions,ACT II,SCENE I. Saint Albans,NA,NA,Under the countenance and confederacy
1501,"King Henry VI, the second part","King Henry VI, the second part",NA,NA,William Shakespeare,contents,directions,ACT II,SCENE I. Saint Albans,NA,NA,"Of Lady Eleanor, the Protector’s wife,"
1501,"King Henry VI, the second part","King Henry VI, the second part",NA,NA,William Shakespeare,contents,directions,ACT II,SCENE I. Saint Albans,NA,NA,"The ringleader and head of all this rout,"
1501,"King Henry VI, the second part","King Henry VI, the second part",NA,NA,William Shakespeare,contents,directions,ACT II,SCENE I. Saint Albans,NA,NA,"Have practised dangerously against your state,"
1501,"King Henry VI, the second part","King Henry VI, the second part",NA,NA,William Shakespeare,contents,directions,ACT II,SCENE I. Saint Albans,NA,NA,"Dealing with witches and with conjurers,"
1501,"King Henry VI, the second part","King Henry VI, the second part",NA,NA,William Shakespeare,contents,directions,ACT II,SCENE I. Saint Albans,NA,NA,"Whom we have apprehended in the fact,"
1501,"King Henry VI, the second part","King Henry VI, the second part",NA,NA,William Shakespeare,contents,directions,ACT II,SCENE I. Saint Albans,NA,NA,"Raising up wicked spirits from under ground,"
1501,"King Henry VI, the second part","King Henry VI, the second part",NA,NA,William Shakespeare,contents,directions,ACT II,SCENE I. Saint Albans,NA,NA,"Demanding of King Henry’s life and death,"
1501,"King Henry VI, the second part","King Henry VI, the second part",NA,NA,William Shakespeare,contents,directions,ACT II,SCENE I. Saint Albans,NA,NA,"And other of your highness’ Privy Council,"
1501,"King Henry VI, the second part","King Henry VI, the second part",NA,NA,William Shakespeare,contents,directions,ACT II,SCENE I. Saint Albans,NA,NA,As more at large your Grace shall understand.
1501,"King Henry VI, the second part","King Henry VI, the second part",NA,NA,William Shakespeare,contents,unknown,ACT II,SCENE I. Saint Albans,NA,NA,CARDINAL.
1501,"King Henry VI, the second part","King Henry VI, the second part",NA,NA,William Shakespeare,contents,directions,ACT II,SCENE I. Saint Albans,NA,NA,"[Aside to Gloucester.] And so, my Lord Protector, by this means"
1501,"King Henry VI, the second part","King Henry VI, the second part",NA,NA,William Shakespeare,contents,directions,ACT II,SCENE I. Saint Albans,NA,NA,Your lady is forthcoming yet at London.
1501,"King Henry VI, the second part","King Henry VI, the second part",NA,NA,William Shakespeare,contents,directions,ACT II,SCENE I. Saint Albans,NA,NA,"This news, I think, hath turned your weapon’s edge;"
1501,"King Henry VI, the second part","King Henry VI, the second part",NA,NA,William Shakespeare,contents,directions,ACT II,SCENE I. Saint Albans,NA,NA,"’Tis like, my lord, you will not keep your hour."
1501,"King Henry VI, the second part","King Henry VI, the second part",NA,NA,William Shakespeare,contents,unknown,ACT II,SCENE I. Saint Albans,NA,NA,GLOUCESTER.
1501,"King Henry VI, the second part","King Henry VI, the second part",NA,NA,William Shakespeare,contents,directions,ACT II,SCENE I. Saint Albans,NA,NA,"Ambitious churchman, leave to afflict my heart."
1501,"King Henry VI, the second part","King Henry VI, the second part",NA,NA,William Shakespeare,contents,directions,ACT II,SCENE I. Saint Albans,NA,NA,"Sorrow and grief have vanquished all my powers,"
1501,"King Henry VI, the second part","King Henry VI, the second part",NA,NA,William Shakespeare,contents,directions,ACT II,SCENE I. Saint Albans,NA,NA,"And, vanquished as I am, I yield to thee,"
1501,"King Henry VI, the second part","King Henry VI, the second part",NA,NA,William Shakespeare,contents,directions,ACT II,SCENE I. Saint Albans,NA,NA,Or to the meanest groom.
1501,"King Henry VI, the second part","King Henry VI, the second part",NA,NA,William Shakespeare,contents,unknown,ACT II,SCENE I. Saint Albans,NA,NA,KING HENRY.
1501,"King Henry VI, the second part","King Henry VI, the second part",NA,NA,William Shakespeare,contents,directions,ACT II,SCENE I. Saint Albans,NA,NA,"O God, what mischiefs work the wicked ones,"
1501,"King Henry VI, the second part","King Henry VI, the second part",NA,NA,William Shakespeare,contents,directions,ACT II,SCENE I. Saint Albans,NA,NA,Heaping confusion on their own heads thereby!
1501,"King Henry VI, the second part","King Henry VI, the second part",NA,NA,William Shakespeare,contents,unknown,ACT II,SCENE I. Saint Albans,NA,NA,QUEEN MARGARET.
1501,"King Henry VI, the second part","King Henry VI, the second part",NA,NA,William Shakespeare,contents,directions,ACT II,SCENE I. Saint Albans,NA,NA,"Gloucester, see here the tainture of thy nest,"
1501,"King Henry VI, the second part","King Henry VI, the second part",NA,NA,William Shakespeare,contents,directions,ACT II,SCENE I. Saint Albans,NA,NA,"And look thyself be faultless, thou wert best."
1501,"King Henry VI, the second part","King Henry VI, the second part",NA,NA,William Shakespeare,contents,unknown,ACT II,SCENE I. Saint Albans,NA,NA,GLOUCESTER.
1501,"King Henry VI, the second part","King Henry VI, the second part",NA,NA,William Shakespeare,contents,directions,ACT II,SCENE I. Saint Albans,NA,NA,"Madam, for myself, to heaven I do appeal"
1501,"King Henry VI, the second part","King Henry VI, the second part",NA,NA,William Shakespeare,contents,directions,ACT II,SCENE I. Saint Albans,NA,NA,How I have loved my king and commonweal;
1501,"King Henry VI, the second part","King Henry VI, the second part",NA,NA,William Shakespeare,contents,directions,ACT II,SCENE I. Saint Albans,NA,NA,"And, for my wife, I know not how it stands."
1501,"King Henry VI, the second part","King Henry VI, the second part",NA,NA,William Shakespeare,contents,directions,ACT II,SCENE I. Saint Albans,NA,NA,Sorry I am to hear what I have heard.
1501,"King Henry VI, the second part","King Henry VI, the second part",NA,NA,William Shakespeare,contents,directions,ACT II,SCENE I. Saint Albans,NA,NA,Noble she is; but if she have forgot
1501,"King Henry VI, the second part","King Henry VI, the second part",NA,NA,William Shakespeare,contents,directions,ACT II,SCENE I. Saint Albans,NA,NA,"Honour and virtue, and conversed with such"
1501,"King Henry VI, the second part","King Henry VI, the second part",NA,NA,William Shakespeare,contents,directions,ACT II,SCENE I. Saint Albans,NA,NA,"As like to pitch defile nobility,"
1501,"King Henry VI, the second part","King Henry VI, the second part",NA,NA,William Shakespeare,contents,directions,ACT II,SCENE I. Saint Albans,NA,NA,I banish her my bed and company
1501,"King Henry VI, the second part","King Henry VI, the second part",NA,NA,William Shakespeare,contents,directions,ACT II,SCENE I. Saint Albans,NA,NA,And give her as a prey to law and shame
1501,"King Henry VI, the second part","King Henry VI, the second part",NA,NA,William Shakespeare,contents,directions,ACT II,SCENE I. Saint Albans,NA,NA,That hath dishonoured Gloucester’s honest name.
1501,"King Henry VI, the second part","King Henry VI, the second part",NA,NA,William Shakespeare,contents,unknown,ACT II,SCENE I. Saint Albans,NA,NA,KING HENRY.
1501,"King Henry VI, the second part","King Henry VI, the second part",NA,NA,William Shakespeare,contents,directions,ACT II,SCENE I. Saint Albans,NA,NA,"Well, for this night we will repose us here;"
1501,"King Henry VI, the second part","King Henry VI, the second part",NA,NA,William Shakespeare,contents,directions,ACT II,SCENE I. Saint Albans,NA,NA,"Tomorrow toward London back again,"
1501,"King Henry VI, the second part","King Henry VI, the second part",NA,NA,William Shakespeare,contents,directions,ACT II,SCENE I. Saint Albans,NA,NA,"To look into this business thoroughly,"
1501,"King Henry VI, the second part","King Henry VI, the second part",NA,NA,William Shakespeare,contents,directions,ACT II,SCENE I. Saint Albans,NA,NA,"And call these foul offenders to their answers,"
1501,"King Henry VI, the second part","King Henry VI, the second part",NA,NA,William Shakespeare,contents,directions,ACT II,SCENE I. Saint Albans,NA,NA,"And poise the cause in Justice’ equal scales,"
1501,"King Henry VI, the second part","King Henry VI, the second part",NA,NA,William Shakespeare,contents,directions,ACT II,SCENE I. Saint Albans,NA,NA,"Whose beam stands sure, whose rightful cause prevails."
1501,"King Henry VI, the second part","King Henry VI, the second part",NA,NA,William Shakespeare,contents,directions,ACT II,SCENE I. Saint Albans,NA,NA,[Flourish. Exeunt.]
1501,"King Henry VI, the second part","King Henry VI, the second part",NA,NA,William Shakespeare,contents,reference,ACT II,SCENE II. London. The Duke of York’s Garden,NA,NA,SCENE II. London. The Duke of York’s Garden
1501,"King Henry VI, the second part","King Henry VI, the second part",NA,NA,William Shakespeare,contents,directions,ACT II,SCENE II. London. The Duke of York’s Garden,NA,NA,"Enter York, Salisbury and Warwick."
1501,"King Henry VI, the second part","King Henry VI, the second part",NA,NA,William Shakespeare,contents,unknown,ACT II,SCENE II. London. The Duke of York’s Garden,NA,NA,YORK.
1501,"King Henry VI, the second part","King Henry VI, the second part",NA,NA,William Shakespeare,contents,directions,ACT II,SCENE II. London. The Duke of York’s Garden,NA,NA,"Now, my good Lords of Salisbury and Warwick,"
1501,"King Henry VI, the second part","King Henry VI, the second part",NA,NA,William Shakespeare,contents,directions,ACT II,SCENE II. London. The Duke of York’s Garden,NA,NA,"Our simple supper ended, give me leave"
1501,"King Henry VI, the second part","King Henry VI, the second part",NA,NA,William Shakespeare,contents,directions,ACT II,SCENE II. London. The Duke of York’s Garden,NA,NA,In this close walk to satisfy myself
1501,"King Henry VI, the second part","King Henry VI, the second part",NA,NA,William Shakespeare,contents,directions,ACT II,SCENE II. London. The Duke of York’s Garden,NA,NA,"In craving your opinion of my title,"
1501,"King Henry VI, the second part","King Henry VI, the second part",NA,NA,William Shakespeare,contents,directions,ACT II,SCENE II. London. The Duke of York’s Garden,NA,NA,"Which is infallible, to England’s crown."
1501,"King Henry VI, the second part","King Henry VI, the second part",NA,NA,William Shakespeare,contents,unknown,ACT II,SCENE II. London. The Duke of York’s Garden,NA,NA,SALISBURY.
1501,"King Henry VI, the second part","King Henry VI, the second part",NA,NA,William Shakespeare,contents,directions,ACT II,SCENE II. London. The Duke of York’s Garden,NA,NA,"My lord, I long to hear it at full."
1501,"King Henry VI, the second part","King Henry VI, the second part",NA,NA,William Shakespeare,contents,unknown,ACT II,SCENE II. London. The Duke of York’s Garden,NA,NA,WARWICK.
1501,"King Henry VI, the second part","King Henry VI, the second part",NA,NA,William Shakespeare,contents,directions,ACT II,SCENE II. London. The Duke of York’s Garden,NA,NA,"Sweet York, begin; and if thy claim be good,"
1501,"King Henry VI, the second part","King Henry VI, the second part",NA,NA,William Shakespeare,contents,directions,ACT II,SCENE II. London. The Duke of York’s Garden,NA,NA,The Nevilles are thy subjects to command.
1501,"King Henry VI, the second part","King Henry VI, the second part",NA,NA,William Shakespeare,contents,unknown,ACT II,SCENE II. London. The Duke of York’s Garden,NA,NA,YORK.
1501,"King Henry VI, the second part","King Henry VI, the second part",NA,NA,William Shakespeare,contents,directions,ACT II,SCENE II. London. The Duke of York’s Garden,NA,NA,Then thus:
1501,"King Henry VI, the second part","King Henry VI, the second part",NA,NA,William Shakespeare,contents,directions,ACT II,SCENE II. London. The Duke of York’s Garden,NA,NA,"Edward the Third, my lords, had seven sons:"
1501,"King Henry VI, the second part","King Henry VI, the second part",NA,NA,William Shakespeare,contents,directions,ACT II,SCENE II. London. The Duke of York’s Garden,NA,NA,"The first, Edward the Black Prince, Prince of Wales;"
1501,"King Henry VI, the second part","King Henry VI, the second part",NA,NA,William Shakespeare,contents,directions,ACT II,SCENE II. London. The Duke of York’s Garden,NA,NA,"The second, William of Hatfield; and the third,"
1501,"King Henry VI, the second part","King Henry VI, the second part",NA,NA,William Shakespeare,contents,directions,ACT II,SCENE II. London. The Duke of York’s Garden,NA,NA,"Lionel, Duke of Clarence; next to whom"
1501,"King Henry VI, the second part","King Henry VI, the second part",NA,NA,William Shakespeare,contents,directions,ACT II,SCENE II. London. The Duke of York’s Garden,NA,NA,"Was John of Gaunt, the Duke of Lancaster;"
1501,"King Henry VI, the second part","King Henry VI, the second part",NA,NA,William Shakespeare,contents,directions,ACT II,SCENE II. London. The Duke of York’s Garden,NA,NA,"The fifth was Edmund Langley, Duke of York;"
1501,"King Henry VI, the second part","King Henry VI, the second part",NA,NA,William Shakespeare,contents,directions,ACT II,SCENE II. London. The Duke of York’s Garden,NA,NA,"The sixth was Thomas of Woodstock, Duke of Gloucester;"
1501,"King Henry VI, the second part","King Henry VI, the second part",NA,NA,William Shakespeare,contents,directions,ACT II,SCENE II. London. The Duke of York’s Garden,NA,NA,William of Windsor was the seventh and last.
1501,"King Henry VI, the second part","King Henry VI, the second part",NA,NA,William Shakespeare,contents,directions,ACT II,SCENE II. London. The Duke of York’s Garden,NA,NA,Edward the Black Prince died before his father
1501,"King Henry VI, the second part","King Henry VI, the second part",NA,NA,William Shakespeare,contents,directions,ACT II,SCENE II. London. The Duke of York’s Garden,NA,NA,"And left behind him Richard, his only son,"
1501,"King Henry VI, the second part","King Henry VI, the second part",NA,NA,William Shakespeare,contents,directions,ACT II,SCENE II. London. The Duke of York’s Garden,NA,NA,"Who after Edward the Third’s death reigned as king,"
1501,"King Henry VI, the second part","King Henry VI, the second part",NA,NA,William Shakespeare,contents,directions,ACT II,SCENE II. London. The Duke of York’s Garden,NA,NA,"Till Henry Bolingbroke, Duke of Lancaster,"
1501,"King Henry VI, the second part","King Henry VI, the second part",NA,NA,William Shakespeare,contents,directions,ACT II,SCENE II. London. The Duke of York’s Garden,NA,NA,"The eldest son and heir of John of Gaunt,"
1501,"King Henry VI, the second part","King Henry VI, the second part",NA,NA,William Shakespeare,contents,directions,ACT II,SCENE II. London. The Duke of York’s Garden,NA,NA,"Crowned by the name of Henry the Fourth,"
1501,"King Henry VI, the second part","King Henry VI, the second part",NA,NA,William Shakespeare,contents,directions,ACT II,SCENE II. London. The Duke of York’s Garden,NA,NA,"Seized on the realm, deposed the rightful king,"
1501,"King Henry VI, the second part","King Henry VI, the second part",NA,NA,William Shakespeare,contents,directions,ACT II,SCENE II. London. The Duke of York’s Garden,NA,NA,"Sent his poor queen to France, from whence she came,"
1501,"King Henry VI, the second part","King Henry VI, the second part",NA,NA,William Shakespeare,contents,directions,ACT II,SCENE II. London. The Duke of York’s Garden,NA,NA,"And him to Pomfret; where, as all you know,"
1501,"King Henry VI, the second part","King Henry VI, the second part",NA,NA,William Shakespeare,contents,directions,ACT II,SCENE II. London. The Duke of York’s Garden,NA,NA,Harmless Richard was murdered traitorously.
1501,"King Henry VI, the second part","King Henry VI, the second part",NA,NA,William Shakespeare,contents,unknown,ACT II,SCENE II. London. The Duke of York’s Garden,NA,NA,WARWICK.
1501,"King Henry VI, the second part","King Henry VI, the second part",NA,NA,William Shakespeare,contents,directions,ACT II,SCENE II. London. The Duke of York’s Garden,NA,NA,"Father, the Duke hath told the truth;"
1501,"King Henry VI, the second part","King Henry VI, the second part",NA,NA,William Shakespeare,contents,directions,ACT II,SCENE II. London. The Duke of York’s Garden,NA,NA,Thus got the house of Lancaster the crown.
1501,"King Henry VI, the second part","King Henry VI, the second part",NA,NA,William Shakespeare,contents,unknown,ACT II,SCENE II. London. The Duke of York’s Garden,NA,NA,YORK.
1501,"King Henry VI, the second part","King Henry VI, the second part",NA,NA,William Shakespeare,contents,directions,ACT II,SCENE II. London. The Duke of York’s Garden,NA,NA,Which now they hold by force and not by right;
1501,"King Henry VI, the second part","King Henry VI, the second part",NA,NA,William Shakespeare,contents,directions,ACT II,SCENE II. London. The Duke of York’s Garden,NA,NA,"For Richard, the first son’s heir, being dead,"
1501,"King Henry VI, the second part","King Henry VI, the second part",NA,NA,William Shakespeare,contents,directions,ACT II,SCENE II. London. The Duke of York’s Garden,NA,NA,The issue of the next son should have reigned.
1501,"King Henry VI, the second part","King Henry VI, the second part",NA,NA,William Shakespeare,contents,unknown,ACT II,SCENE II. London. The Duke of York’s Garden,NA,NA,SALISBURY.
1501,"King Henry VI, the second part","King Henry VI, the second part",NA,NA,William Shakespeare,contents,directions,ACT II,SCENE II. London. The Duke of York’s Garden,NA,NA,But William of Hatfield died without an heir.
1501,"King Henry VI, the second part","King Henry VI, the second part",NA,NA,William Shakespeare,contents,unknown,ACT II,SCENE II. London. The Duke of York’s Garden,NA,NA,YORK.
1501,"King Henry VI, the second part","King Henry VI, the second part",NA,NA,William Shakespeare,contents,directions,ACT II,SCENE II. London. The Duke of York’s Garden,NA,NA,"The third son, Duke of Clarence, from whose line"
1501,"King Henry VI, the second part","King Henry VI, the second part",NA,NA,William Shakespeare,contents,directions,ACT II,SCENE II. London. The Duke of York’s Garden,NA,NA,"I claim the crown, had issue, Philippa, a daughter,"
1501,"King Henry VI, the second part","King Henry VI, the second part",NA,NA,William Shakespeare,contents,directions,ACT II,SCENE II. London. The Duke of York’s Garden,NA,NA,"Who married Edmund Mortimer, Earl of March."
1501,"King Henry VI, the second part","King Henry VI, the second part",NA,NA,William Shakespeare,contents,directions,ACT II,SCENE II. London. The Duke of York’s Garden,NA,NA,"Edmund had issue, Roger, Earl of March;"
1501,"King Henry VI, the second part","King Henry VI, the second part",NA,NA,William Shakespeare,contents,directions,ACT II,SCENE II. London. The Duke of York’s Garden,NA,NA,"Roger had issue, Edmund, Anne, and Eleanor."
1501,"King Henry VI, the second part","King Henry VI, the second part",NA,NA,William Shakespeare,contents,unknown,ACT II,SCENE II. London. The Duke of York’s Garden,NA,NA,SALISBURY.
1501,"King Henry VI, the second part","King Henry VI, the second part",NA,NA,William Shakespeare,contents,directions,ACT II,SCENE II. London. The Duke of York’s Garden,NA,NA,"This Edmund, in the reign of Bolingbroke,"
1501,"King Henry VI, the second part","King Henry VI, the second part",NA,NA,William Shakespeare,contents,directions,ACT II,SCENE II. London. The Duke of York’s Garden,NA,NA,"As I have read, laid claim unto the crown"
1501,"King Henry VI, the second part","King Henry VI, the second part",NA,NA,William Shakespeare,contents,directions,ACT II,SCENE II. London. The Duke of York’s Garden,NA,NA,"And, but for Owen Glendower, had been king,"
1501,"King Henry VI, the second part","King Henry VI, the second part",NA,NA,William Shakespeare,contents,directions,ACT II,SCENE II. London. The Duke of York’s Garden,NA,NA,Who kept him in captivity till he died.
1501,"King Henry VI, the second part","King Henry VI, the second part",NA,NA,William Shakespeare,contents,directions,ACT II,SCENE II. London. The Duke of York’s Garden,NA,NA,But to the rest.
1501,"King Henry VI, the second part","King Henry VI, the second part",NA,NA,William Shakespeare,contents,unknown,ACT II,SCENE II. London. The Duke of York’s Garden,NA,NA,YORK.
1501,"King Henry VI, the second part","King Henry VI, the second part",NA,NA,William Shakespeare,contents,directions,ACT II,SCENE II. London. The Duke of York’s Garden,NA,NA,"His eldest sister, Anne,"
1501,"King Henry VI, the second part","King Henry VI, the second part",NA,NA,William Shakespeare,contents,directions,ACT II,SCENE II. London. The Duke of York’s Garden,NA,NA,"My mother, being heir unto the crown,"
1501,"King Henry VI, the second part","King Henry VI, the second part",NA,NA,William Shakespeare,contents,directions,ACT II,SCENE II. London. The Duke of York’s Garden,NA,NA,"Married Richard Earl of Cambridge, who was son"
1501,"King Henry VI, the second part","King Henry VI, the second part",NA,NA,William Shakespeare,contents,directions,ACT II,SCENE II. London. The Duke of York’s Garden,NA,NA,"To Edmund Langley, Edward the Third’s fifth son."
1501,"King Henry VI, the second part","King Henry VI, the second part",NA,NA,William Shakespeare,contents,directions,ACT II,SCENE II. London. The Duke of York’s Garden,NA,NA,By her I claim the kingdom; she was heir
1501,"King Henry VI, the second part","King Henry VI, the second part",NA,NA,William Shakespeare,contents,directions,ACT II,SCENE II. London. The Duke of York’s Garden,NA,NA,"To Roger, Earl of March, who was the son"
1501,"King Henry VI, the second part","King Henry VI, the second part",NA,NA,William Shakespeare,contents,directions,ACT II,SCENE II. London. The Duke of York’s Garden,NA,NA,"Of Edmund Mortimer, who married Philippa,"
1501,"King Henry VI, the second part","King Henry VI, the second part",NA,NA,William Shakespeare,contents,directions,ACT II,SCENE II. London. The Duke of York’s Garden,NA,NA,"Sole daughter unto Lionel, Duke of Clarence."
1501,"King Henry VI, the second part","King Henry VI, the second part",NA,NA,William Shakespeare,contents,directions,ACT II,SCENE II. London. The Duke of York’s Garden,NA,NA,"So, if the issue of the elder son"
1501,"King Henry VI, the second part","King Henry VI, the second part",NA,NA,William Shakespeare,contents,directions,ACT II,SCENE II. London. The Duke of York’s Garden,NA,NA,"Succeed before the younger, I am king."
1501,"King Henry VI, the second part","King Henry VI, the second part",NA,NA,William Shakespeare,contents,unknown,ACT II,SCENE II. London. The Duke of York’s Garden,NA,NA,WARWICK.
1501,"King Henry VI, the second part","King Henry VI, the second part",NA,NA,William Shakespeare,contents,directions,ACT II,SCENE II. London. The Duke of York’s Garden,NA,NA,What plain proceeding is more plain than this?
1501,"King Henry VI, the second part","King Henry VI, the second part",NA,NA,William Shakespeare,contents,directions,ACT II,SCENE II. London. The Duke of York’s Garden,NA,NA,"Henry doth claim the crown from John of Gaunt,"
1501,"King Henry VI, the second part","King Henry VI, the second part",NA,NA,William Shakespeare,contents,directions,ACT II,SCENE II. London. The Duke of York’s Garden,NA,NA,The fourth son; York claims it from the third.
1501,"King Henry VI, the second part","King Henry VI, the second part",NA,NA,William Shakespeare,contents,directions,ACT II,SCENE II. London. The Duke of York’s Garden,NA,NA,"Till Lionel’s issue fails, his should not reign;"
1501,"King Henry VI, the second part","King Henry VI, the second part",NA,NA,William Shakespeare,contents,directions,ACT II,SCENE II. London. The Duke of York’s Garden,NA,NA,"It fails not yet, but flourishes in thee"
1501,"King Henry VI, the second part","King Henry VI, the second part",NA,NA,William Shakespeare,contents,directions,ACT II,SCENE II. London. The Duke of York’s Garden,NA,NA,"And in thy sons, fair slips of such a stock."
1501,"King Henry VI, the second part","King Henry VI, the second part",NA,NA,William Shakespeare,contents,directions,ACT II,SCENE II. London. The Duke of York’s Garden,NA,NA,"Then, father Salisbury, kneel we together,"
1501,"King Henry VI, the second part","King Henry VI, the second part",NA,NA,William Shakespeare,contents,directions,ACT II,SCENE II. London. The Duke of York’s Garden,NA,NA,And in this private plot be we the first
1501,"King Henry VI, the second part","King Henry VI, the second part",NA,NA,William Shakespeare,contents,directions,ACT II,SCENE II. London. The Duke of York’s Garden,NA,NA,That shall salute our rightful sovereign
1501,"King Henry VI, the second part","King Henry VI, the second part",NA,NA,William Shakespeare,contents,directions,ACT II,SCENE II. London. The Duke of York’s Garden,NA,NA,With honour of his birthright to the crown.
1501,"King Henry VI, the second part","King Henry VI, the second part",NA,NA,William Shakespeare,contents,unknown,ACT II,SCENE II. London. The Duke of York’s Garden,NA,NA,BOTH.
1501,"King Henry VI, the second part","King Henry VI, the second part",NA,NA,William Shakespeare,contents,directions,ACT II,SCENE II. London. The Duke of York’s Garden,NA,NA,"Long live our sovereign Richard, England’s king!"
1501,"King Henry VI, the second part","King Henry VI, the second part",NA,NA,William Shakespeare,contents,unknown,ACT II,SCENE II. London. The Duke of York’s Garden,NA,NA,YORK.
1501,"King Henry VI, the second part","King Henry VI, the second part",NA,NA,William Shakespeare,contents,directions,ACT II,SCENE II. London. The Duke of York’s Garden,NA,NA,"We thank you, lords. But I am not your king"
1501,"King Henry VI, the second part","King Henry VI, the second part",NA,NA,William Shakespeare,contents,directions,ACT II,SCENE II. London. The Duke of York’s Garden,NA,NA,"Till I be crowned, and that my sword be stained"
1501,"King Henry VI, the second part","King Henry VI, the second part",NA,NA,William Shakespeare,contents,directions,ACT II,SCENE II. London. The Duke of York’s Garden,NA,NA,With heart-blood of the house of Lancaster;
1501,"King Henry VI, the second part","King Henry VI, the second part",NA,NA,William Shakespeare,contents,directions,ACT II,SCENE II. London. The Duke of York’s Garden,NA,NA,"And that’s not suddenly to be performed,"
1501,"King Henry VI, the second part","King Henry VI, the second part",NA,NA,William Shakespeare,contents,directions,ACT II,SCENE II. London. The Duke of York’s Garden,NA,NA,But with advice and silent secrecy.
1501,"King Henry VI, the second part","King Henry VI, the second part",NA,NA,William Shakespeare,contents,directions,ACT II,SCENE II. London. The Duke of York’s Garden,NA,NA,Do you as I do in these dangerous days—
1501,"King Henry VI, the second part","King Henry VI, the second part",NA,NA,William Shakespeare,contents,directions,ACT II,SCENE II. London. The Duke of York’s Garden,NA,NA,"Wink at the Duke of Suffolk’s insolence,"
1501,"King Henry VI, the second part","King Henry VI, the second part",NA,NA,William Shakespeare,contents,directions,ACT II,SCENE II. London. The Duke of York’s Garden,NA,NA,"At Beaufort’s pride, at Somerset’s ambition,"
1501,"King Henry VI, the second part","King Henry VI, the second part",NA,NA,William Shakespeare,contents,directions,ACT II,SCENE II. London. The Duke of York’s Garden,NA,NA,"At Buckingham, and all the crew of them,"
1501,"King Henry VI, the second part","King Henry VI, the second part",NA,NA,William Shakespeare,contents,directions,ACT II,SCENE II. London. The Duke of York’s Garden,NA,NA,"Till they have snared the shepherd of the flock,"
1501,"King Henry VI, the second part","King Henry VI, the second part",NA,NA,William Shakespeare,contents,directions,ACT II,SCENE II. London. The Duke of York’s Garden,NA,NA,"That virtuous prince, the good Duke Humphrey."
1501,"King Henry VI, the second part","King Henry VI, the second part",NA,NA,William Shakespeare,contents,directions,ACT II,SCENE II. London. The Duke of York’s Garden,NA,NA,"’Tis that they seek; and they, in seeking that,"
1501,"King Henry VI, the second part","King Henry VI, the second part",NA,NA,William Shakespeare,contents,directions,ACT II,SCENE II. London. The Duke of York’s Garden,NA,NA,"Shall find their deaths, if York can prophesy."
1501,"King Henry VI, the second part","King Henry VI, the second part",NA,NA,William Shakespeare,contents,unknown,ACT II,SCENE II. London. The Duke of York’s Garden,NA,NA,SALISBURY.
1501,"King Henry VI, the second part","King Henry VI, the second part",NA,NA,William Shakespeare,contents,directions,ACT II,SCENE II. London. The Duke of York’s Garden,NA,NA,"My lord, break we off; we know your mind at full."
1501,"King Henry VI, the second part","King Henry VI, the second part",NA,NA,William Shakespeare,contents,unknown,ACT II,SCENE II. London. The Duke of York’s Garden,NA,NA,WARWICK.
1501,"King Henry VI, the second part","King Henry VI, the second part",NA,NA,William Shakespeare,contents,directions,ACT II,SCENE II. London. The Duke of York’s Garden,NA,NA,My heart assures me that the Earl of Warwick
1501,"King Henry VI, the second part","King Henry VI, the second part",NA,NA,William Shakespeare,contents,directions,ACT II,SCENE II. London. The Duke of York’s Garden,NA,NA,Shall one day make the Duke of York a king.
1501,"King Henry VI, the second part","King Henry VI, the second part",NA,NA,William Shakespeare,contents,unknown,ACT II,SCENE II. London. The Duke of York’s Garden,NA,NA,YORK.
1501,"King Henry VI, the second part","King Henry VI, the second part",NA,NA,William Shakespeare,contents,directions,ACT II,SCENE II. London. The Duke of York’s Garden,NA,NA,"And, Neville, this I do assure myself:"
1501,"King Henry VI, the second part","King Henry VI, the second part",NA,NA,William Shakespeare,contents,directions,ACT II,SCENE II. London. The Duke of York’s Garden,NA,NA,Richard shall live to make the Earl of Warwick
1501,"King Henry VI, the second part","King Henry VI, the second part",NA,NA,William Shakespeare,contents,directions,ACT II,SCENE II. London. The Duke of York’s Garden,NA,NA,The greatest man in England but the king.
1501,"King Henry VI, the second part","King Henry VI, the second part",NA,NA,William Shakespeare,contents,directions,ACT II,SCENE II. London. The Duke of York’s Garden,NA,NA,[Exeunt.]
1501,"King Henry VI, the second part","King Henry VI, the second part",NA,NA,William Shakespeare,contents,reference,ACT II,SCENE III. A Hall of Justice,NA,NA,SCENE III. A Hall of Justice
1501,"King Henry VI, the second part","King Henry VI, the second part",NA,NA,William Shakespeare,contents,directions,ACT II,SCENE III. A Hall of Justice,NA,NA,"Sound trumpets. Enter the King, the Queen, Gloucester, York, Suffolk"
1501,"King Henry VI, the second part","King Henry VI, the second part",NA,NA,William Shakespeare,contents,directions,ACT II,SCENE III. A Hall of Justice,NA,NA,"and Salisbury; the Duchess of Gloucester, Margery Jourdain, Southwell,"
1501,"King Henry VI, the second part","King Henry VI, the second part",NA,NA,William Shakespeare,contents,directions,ACT II,SCENE III. A Hall of Justice,NA,NA,Hume and Bolingbroke under guard.
1501,"King Henry VI, the second part","King Henry VI, the second part",NA,NA,William Shakespeare,contents,unknown,ACT II,SCENE III. A Hall of Justice,NA,NA,KING HENRY.
1501,"King Henry VI, the second part","King Henry VI, the second part",NA,NA,William Shakespeare,contents,directions,ACT II,SCENE III. A Hall of Justice,NA,NA,"Stand forth, Dame Eleanor Cobham, Gloucester’s wife."
1501,"King Henry VI, the second part","King Henry VI, the second part",NA,NA,William Shakespeare,contents,directions,ACT II,SCENE III. A Hall of Justice,NA,NA,"In sight of God and us, your guilt is great;"
1501,"King Henry VI, the second part","King Henry VI, the second part",NA,NA,William Shakespeare,contents,directions,ACT II,SCENE III. A Hall of Justice,NA,NA,Receive the sentence of the law for sins
1501,"King Henry VI, the second part","King Henry VI, the second part",NA,NA,William Shakespeare,contents,directions,ACT II,SCENE III. A Hall of Justice,NA,NA,Such as by God’s book are adjudged to death.
1501,"King Henry VI, the second part","King Henry VI, the second part",NA,NA,William Shakespeare,contents,directions,ACT II,SCENE III. A Hall of Justice,NA,NA,"You four, from hence to prison back again;"
1501,"King Henry VI, the second part","King Henry VI, the second part",NA,NA,William Shakespeare,contents,directions,ACT II,SCENE III. A Hall of Justice,NA,NA,From thence unto the place of execution.
1501,"King Henry VI, the second part","King Henry VI, the second part",NA,NA,William Shakespeare,contents,directions,ACT II,SCENE III. A Hall of Justice,NA,NA,"The witch in Smithfield shall be burnt to ashes,"
1501,"King Henry VI, the second part","King Henry VI, the second part",NA,NA,William Shakespeare,contents,directions,ACT II,SCENE III. A Hall of Justice,NA,NA,And you three shall be strangled on the gallows.
1501,"King Henry VI, the second part","King Henry VI, the second part",NA,NA,William Shakespeare,contents,directions,ACT II,SCENE III. A Hall of Justice,NA,NA,"You, madam, for you are more nobly born,"
1501,"King Henry VI, the second part","King Henry VI, the second part",NA,NA,William Shakespeare,contents,directions,ACT II,SCENE III. A Hall of Justice,NA,NA,"Despoiled of your honour in your life,"
1501,"King Henry VI, the second part","King Henry VI, the second part",NA,NA,William Shakespeare,contents,directions,ACT II,SCENE III. A Hall of Justice,NA,NA,"Shall, after three days’ open penance done,"
1501,"King Henry VI, the second part","King Henry VI, the second part",NA,NA,William Shakespeare,contents,directions,ACT II,SCENE III. A Hall of Justice,NA,NA,"Live in your country here in banishment,"
1501,"King Henry VI, the second part","King Henry VI, the second part",NA,NA,William Shakespeare,contents,directions,ACT II,SCENE III. A Hall of Justice,NA,NA,With Sir John Stanley in the Isle of Man.
1501,"King Henry VI, the second part","King Henry VI, the second part",NA,NA,William Shakespeare,contents,unknown,ACT II,SCENE III. A Hall of Justice,NA,NA,ELEANOR.
1501,"King Henry VI, the second part","King Henry VI, the second part",NA,NA,William Shakespeare,contents,directions,ACT II,SCENE III. A Hall of Justice,NA,NA,Welcome is banishment; welcome were my death.
1501,"King Henry VI, the second part","King Henry VI, the second part",NA,NA,William Shakespeare,contents,unknown,ACT II,SCENE III. A Hall of Justice,NA,NA,GLOUCESTER.
1501,"King Henry VI, the second part","King Henry VI, the second part",NA,NA,William Shakespeare,contents,directions,ACT II,SCENE III. A Hall of Justice,NA,NA,"Eleanor, the law, thou seest, hath judged thee."
1501,"King Henry VI, the second part","King Henry VI, the second part",NA,NA,William Shakespeare,contents,directions,ACT II,SCENE III. A Hall of Justice,NA,NA,I cannot justify whom the law condemns.
1501,"King Henry VI, the second part","King Henry VI, the second part",NA,NA,William Shakespeare,contents,directions,ACT II,SCENE III. A Hall of Justice,NA,NA,"[Exeunt Duchess and the other prisoners, guarded.]"
1501,"King Henry VI, the second part","King Henry VI, the second part",NA,NA,William Shakespeare,contents,directions,ACT II,SCENE III. A Hall of Justice,NA,NA,"Mine eyes are full of tears, my heart of grief."
1501,"King Henry VI, the second part","King Henry VI, the second part",NA,NA,William Shakespeare,contents,directions,ACT II,SCENE III. A Hall of Justice,NA,NA,"Ah, Humphrey, this dishonour in thine age"
1501,"King Henry VI, the second part","King Henry VI, the second part",NA,NA,William Shakespeare,contents,directions,ACT II,SCENE III. A Hall of Justice,NA,NA,Will bring thy head with sorrow to the ground!—
1501,"King Henry VI, the second part","King Henry VI, the second part",NA,NA,William Shakespeare,contents,directions,ACT II,SCENE III. A Hall of Justice,NA,NA,"I beseech your majesty, give me leave to go;"
1501,"King Henry VI, the second part","King Henry VI, the second part",NA,NA,William Shakespeare,contents,directions,ACT II,SCENE III. A Hall of Justice,NA,NA,"Sorrow would solace, and mine age would ease."
1501,"King Henry VI, the second part","King Henry VI, the second part",NA,NA,William Shakespeare,contents,unknown,ACT II,SCENE III. A Hall of Justice,NA,NA,KING HENRY.
1501,"King Henry VI, the second part","King Henry VI, the second part",NA,NA,William Shakespeare,contents,directions,ACT II,SCENE III. A Hall of Justice,NA,NA,"Stay, Humphrey Duke of Gloucester. Ere thou go,"
1501,"King Henry VI, the second part","King Henry VI, the second part",NA,NA,William Shakespeare,contents,directions,ACT II,SCENE III. A Hall of Justice,NA,NA,Give up thy staff. Henry will to himself
1501,"King Henry VI, the second part","King Henry VI, the second part",NA,NA,William Shakespeare,contents,directions,ACT II,SCENE III. A Hall of Justice,NA,NA,"Protector be; and God shall be my hope,"
1501,"King Henry VI, the second part","King Henry VI, the second part",NA,NA,William Shakespeare,contents,directions,ACT II,SCENE III. A Hall of Justice,NA,NA,"My stay, my guide, and lantern to my feet."
1501,"King Henry VI, the second part","King Henry VI, the second part",NA,NA,William Shakespeare,contents,directions,ACT II,SCENE III. A Hall of Justice,NA,NA,"And go in peace, Humphrey, no less beloved"
1501,"King Henry VI, the second part","King Henry VI, the second part",NA,NA,William Shakespeare,contents,directions,ACT II,SCENE III. A Hall of Justice,NA,NA,Than when thou wert Protector to thy king.
1501,"King Henry VI, the second part","King Henry VI, the second part",NA,NA,William Shakespeare,contents,unknown,ACT II,SCENE III. A Hall of Justice,NA,NA,QUEEN MARGARET.
1501,"King Henry VI, the second part","King Henry VI, the second part",NA,NA,William Shakespeare,contents,directions,ACT II,SCENE III. A Hall of Justice,NA,NA,I see no reason why a king of years
1501,"King Henry VI, the second part","King Henry VI, the second part",NA,NA,William Shakespeare,contents,directions,ACT II,SCENE III. A Hall of Justice,NA,NA,Should be to be protected like a child.
1501,"King Henry VI, the second part","King Henry VI, the second part",NA,NA,William Shakespeare,contents,directions,ACT II,SCENE III. A Hall of Justice,NA,NA,God and King Henry govern England’s realm!
1501,"King Henry VI, the second part","King Henry VI, the second part",NA,NA,William Shakespeare,contents,directions,ACT II,SCENE III. A Hall of Justice,NA,NA,"Give up your staff, sir, and the King his realm."
1501,"King Henry VI, the second part","King Henry VI, the second part",NA,NA,William Shakespeare,contents,unknown,ACT II,SCENE III. A Hall of Justice,NA,NA,GLOUCESTER.
1501,"King Henry VI, the second part","King Henry VI, the second part",NA,NA,William Shakespeare,contents,directions,ACT II,SCENE III. A Hall of Justice,NA,NA,"My staff? Here, noble Henry, is my staff."
1501,"King Henry VI, the second part","King Henry VI, the second part",NA,NA,William Shakespeare,contents,directions,ACT II,SCENE III. A Hall of Justice,NA,NA,As willingly do I the same resign
1501,"King Henry VI, the second part","King Henry VI, the second part",NA,NA,William Shakespeare,contents,directions,ACT II,SCENE III. A Hall of Justice,NA,NA,As e’er thy father Henry made it mine;
1501,"King Henry VI, the second part","King Henry VI, the second part",NA,NA,William Shakespeare,contents,directions,ACT II,SCENE III. A Hall of Justice,NA,NA,And even as willingly at thy feet I leave it
1501,"King Henry VI, the second part","King Henry VI, the second part",NA,NA,William Shakespeare,contents,directions,ACT II,SCENE III. A Hall of Justice,NA,NA,As others would ambitiously receive it.
1501,"King Henry VI, the second part","King Henry VI, the second part",NA,NA,William Shakespeare,contents,directions,ACT II,SCENE III. A Hall of Justice,NA,NA,"Farewell, good King. When I am dead and gone,"
1501,"King Henry VI, the second part","King Henry VI, the second part",NA,NA,William Shakespeare,contents,directions,ACT II,SCENE III. A Hall of Justice,NA,NA,May honourable peace attend thy throne.
1501,"King Henry VI, the second part","King Henry VI, the second part",NA,NA,William Shakespeare,contents,directions,ACT II,SCENE III. A Hall of Justice,NA,NA,[Exit.]
1501,"King Henry VI, the second part","King Henry VI, the second part",NA,NA,William Shakespeare,contents,unknown,ACT II,SCENE III. A Hall of Justice,NA,NA,QUEEN MARGARET.
1501,"King Henry VI, the second part","King Henry VI, the second part",NA,NA,William Shakespeare,contents,directions,ACT II,SCENE III. A Hall of Justice,NA,NA,"Why, now is Henry King and Margaret Queen,"
1501,"King Henry VI, the second part","King Henry VI, the second part",NA,NA,William Shakespeare,contents,directions,ACT II,SCENE III. A Hall of Justice,NA,NA,"And Humphrey Duke of Gloucester scarce himself,"
1501,"King Henry VI, the second part","King Henry VI, the second part",NA,NA,William Shakespeare,contents,directions,ACT II,SCENE III. A Hall of Justice,NA,NA,That bears so shrewd a maim. Two pulls at once;
1501,"King Henry VI, the second part","King Henry VI, the second part",NA,NA,William Shakespeare,contents,directions,ACT II,SCENE III. A Hall of Justice,NA,NA,"His lady banished, and a limb lopped off."
1501,"King Henry VI, the second part","King Henry VI, the second part",NA,NA,William Shakespeare,contents,directions,ACT II,SCENE III. A Hall of Justice,NA,NA,"This staff of honour raught, there let it stand"
1501,"King Henry VI, the second part","King Henry VI, the second part",NA,NA,William Shakespeare,contents,directions,ACT II,SCENE III. A Hall of Justice,NA,NA,"Where it best fits to be, in Henry’s hand."
1501,"King Henry VI, the second part","King Henry VI, the second part",NA,NA,William Shakespeare,contents,unknown,ACT II,SCENE III. A Hall of Justice,NA,NA,SUFFOLK.
1501,"King Henry VI, the second part","King Henry VI, the second part",NA,NA,William Shakespeare,contents,directions,ACT II,SCENE III. A Hall of Justice,NA,NA,Thus droops this lofty pine and hangs his sprays;
1501,"King Henry VI, the second part","King Henry VI, the second part",NA,NA,William Shakespeare,contents,directions,ACT II,SCENE III. A Hall of Justice,NA,NA,Thus Eleanor’s pride dies in her youngest days.
1501,"King Henry VI, the second part","King Henry VI, the second part",NA,NA,William Shakespeare,contents,unknown,ACT II,SCENE III. A Hall of Justice,NA,NA,YORK.
1501,"King Henry VI, the second part","King Henry VI, the second part",NA,NA,William Shakespeare,contents,directions,ACT II,SCENE III. A Hall of Justice,NA,NA,"Lords, let him go.—Please it your majesty,"
1501,"King Henry VI, the second part","King Henry VI, the second part",NA,NA,William Shakespeare,contents,directions,ACT II,SCENE III. A Hall of Justice,NA,NA,"This is the day appointed for the combat,"
1501,"King Henry VI, the second part","King Henry VI, the second part",NA,NA,William Shakespeare,contents,directions,ACT II,SCENE III. A Hall of Justice,NA,NA,"And ready are the appellant and defendant,"
1501,"King Henry VI, the second part","King Henry VI, the second part",NA,NA,William Shakespeare,contents,directions,ACT II,SCENE III. A Hall of Justice,NA,NA,"The armourer and his man, to enter the lists,"
1501,"King Henry VI, the second part","King Henry VI, the second part",NA,NA,William Shakespeare,contents,directions,ACT II,SCENE III. A Hall of Justice,NA,NA,So please your highness to behold the fight.
1501,"King Henry VI, the second part","King Henry VI, the second part",NA,NA,William Shakespeare,contents,unknown,ACT II,SCENE III. A Hall of Justice,NA,NA,QUEEN MARGARET.
1501,"King Henry VI, the second part","King Henry VI, the second part",NA,NA,William Shakespeare,contents,directions,ACT II,SCENE III. A Hall of Justice,NA,NA,"Ay, good my lord; for purposely therefore"
1501,"King Henry VI, the second part","King Henry VI, the second part",NA,NA,William Shakespeare,contents,directions,ACT II,SCENE III. A Hall of Justice,NA,NA,Left I the court to see this quarrel tried.
1501,"King Henry VI, the second part","King Henry VI, the second part",NA,NA,William Shakespeare,contents,unknown,ACT II,SCENE III. A Hall of Justice,NA,NA,KING HENRY.
1501,"King Henry VI, the second part","King Henry VI, the second part",NA,NA,William Shakespeare,contents,directions,ACT II,SCENE III. A Hall of Justice,NA,NA,"I’ God’s name, see the lists and all things fit."
1501,"King Henry VI, the second part","King Henry VI, the second part",NA,NA,William Shakespeare,contents,directions,ACT II,SCENE III. A Hall of Justice,NA,NA,"Here let them end it, and God defend the right!"
1501,"King Henry VI, the second part","King Henry VI, the second part",NA,NA,William Shakespeare,contents,unknown,ACT II,SCENE III. A Hall of Justice,NA,NA,YORK.
1501,"King Henry VI, the second part","King Henry VI, the second part",NA,NA,William Shakespeare,contents,directions,ACT II,SCENE III. A Hall of Justice,NA,NA,"I never saw a fellow worse bested,"
1501,"King Henry VI, the second part","King Henry VI, the second part",NA,NA,William Shakespeare,contents,directions,ACT II,SCENE III. A Hall of Justice,NA,NA,"Or more afraid to fight, than is the appellant,"
1501,"King Henry VI, the second part","King Henry VI, the second part",NA,NA,William Shakespeare,contents,directions,ACT II,SCENE III. A Hall of Justice,NA,NA,"The servant of his armourer, my lords."
1501,"King Henry VI, the second part","King Henry VI, the second part",NA,NA,William Shakespeare,contents,directions,ACT II,SCENE III. A Hall of Justice,NA,NA,"Enter at one door Horner the armourer, and his Neighbours, drinking to"
1501,"King Henry VI, the second part","King Henry VI, the second part",NA,NA,William Shakespeare,contents,directions,ACT II,SCENE III. A Hall of Justice,NA,NA,him so much that he is drunk; and he enters with a drum before him and
1501,"King Henry VI, the second part","King Henry VI, the second part",NA,NA,William Shakespeare,contents,directions,ACT II,SCENE III. A Hall of Justice,NA,NA,"his staff with a sandbag fastened to it; and at the other door Peter,"
1501,"King Henry VI, the second part","King Henry VI, the second part",NA,NA,William Shakespeare,contents,directions,ACT II,SCENE III. A Hall of Justice,NA,NA,"his man, with a drum and sandbag, and Prentices  drinking to him."
1501,"King Henry VI, the second part","King Henry VI, the second part",NA,NA,William Shakespeare,contents,unknown,ACT II,SCENE III. A Hall of Justice,NA,NA,1 NEIGHBOUR.
1501,"King Henry VI, the second part","King Henry VI, the second part",NA,NA,William Shakespeare,contents,directions,ACT II,SCENE III. A Hall of Justice,NA,NA,"Here, neighbour Horner, I drink to you in a cup of sack; and fear not,"
1501,"King Henry VI, the second part","King Henry VI, the second part",NA,NA,William Shakespeare,contents,directions,ACT II,SCENE III. A Hall of Justice,NA,NA,"neighbour, you shall do well enough."
1501,"King Henry VI, the second part","King Henry VI, the second part",NA,NA,William Shakespeare,contents,unknown,ACT II,SCENE III. A Hall of Justice,NA,NA,2 NEIGHBOUR.
1501,"King Henry VI, the second part","King Henry VI, the second part",NA,NA,William Shakespeare,contents,directions,ACT II,SCENE III. A Hall of Justice,NA,NA,"And here, neighbour, here’s a cup of charneco."
1501,"King Henry VI, the second part","King Henry VI, the second part",NA,NA,William Shakespeare,contents,unknown,ACT II,SCENE III. A Hall of Justice,NA,NA,3 NEIGHBOUR.
1501,"King Henry VI, the second part","King Henry VI, the second part",NA,NA,William Shakespeare,contents,directions,ACT II,SCENE III. A Hall of Justice,NA,NA,"And here’s a pot of good double beer, neighbour. Drink, and fear not"
1501,"King Henry VI, the second part","King Henry VI, the second part",NA,NA,William Shakespeare,contents,directions,ACT II,SCENE III. A Hall of Justice,NA,NA,your man.
1501,"King Henry VI, the second part","King Henry VI, the second part",NA,NA,William Shakespeare,contents,unknown,ACT II,SCENE III. A Hall of Justice,NA,NA,HORNER.
1501,"King Henry VI, the second part","King Henry VI, the second part",NA,NA,William Shakespeare,contents,directions,ACT II,SCENE III. A Hall of Justice,NA,NA,"Let it come, i’ faith, and I’ll pledge you all; and a fig for Peter!"
1501,"King Henry VI, the second part","King Henry VI, the second part",NA,NA,William Shakespeare,contents,unknown,ACT II,SCENE III. A Hall of Justice,NA,NA,1 PRENTICE.
1501,"King Henry VI, the second part","King Henry VI, the second part",NA,NA,William Shakespeare,contents,directions,ACT II,SCENE III. A Hall of Justice,NA,NA,"Here, Peter, I drink to thee, and be not afraid."
1501,"King Henry VI, the second part","King Henry VI, the second part",NA,NA,William Shakespeare,contents,unknown,ACT II,SCENE III. A Hall of Justice,NA,NA,2 PRENTICE.
1501,"King Henry VI, the second part","King Henry VI, the second part",NA,NA,William Shakespeare,contents,directions,ACT II,SCENE III. A Hall of Justice,NA,NA,"Be merry, Peter, and fear not thy master. Fight for credit of the"
1501,"King Henry VI, the second part","King Henry VI, the second part",NA,NA,William Shakespeare,contents,directions,ACT II,SCENE III. A Hall of Justice,NA,NA,prentices.
1501,"King Henry VI, the second part","King Henry VI, the second part",NA,NA,William Shakespeare,contents,unknown,ACT II,SCENE III. A Hall of Justice,NA,NA,PETER.
1501,"King Henry VI, the second part","King Henry VI, the second part",NA,NA,William Shakespeare,contents,directions,ACT II,SCENE III. A Hall of Justice,NA,NA,"I thank you all. Drink, and pray for me, I pray you, for I think I have"
1501,"King Henry VI, the second part","King Henry VI, the second part",NA,NA,William Shakespeare,contents,directions,ACT II,SCENE III. A Hall of Justice,NA,NA,"taken my last draught in this world. Here, Robin, an if I die, I give"
1501,"King Henry VI, the second part","King Henry VI, the second part",NA,NA,William Shakespeare,contents,directions,ACT II,SCENE III. A Hall of Justice,NA,NA,"thee my apron; and, Will, thou shalt have my hammer; and here, Tom,"
1501,"King Henry VI, the second part","King Henry VI, the second part",NA,NA,William Shakespeare,contents,directions,ACT II,SCENE III. A Hall of Justice,NA,NA,"take all the money that I have. O Lord bless me! I pray God, for I am"
1501,"King Henry VI, the second part","King Henry VI, the second part",NA,NA,William Shakespeare,contents,directions,ACT II,SCENE III. A Hall of Justice,NA,NA,"never able to deal with my master, he hath learnt so much fence"
1501,"King Henry VI, the second part","King Henry VI, the second part",NA,NA,William Shakespeare,contents,directions,ACT II,SCENE III. A Hall of Justice,NA,NA,already.
1501,"King Henry VI, the second part","King Henry VI, the second part",NA,NA,William Shakespeare,contents,unknown,ACT II,SCENE III. A Hall of Justice,NA,NA,SALISBURY.
1501,"King Henry VI, the second part","King Henry VI, the second part",NA,NA,William Shakespeare,contents,directions,ACT II,SCENE III. A Hall of Justice,NA,NA,"Come, leave your drinking and fall to blows."
1501,"King Henry VI, the second part","King Henry VI, the second part",NA,NA,William Shakespeare,contents,directions,ACT II,SCENE III. A Hall of Justice,NA,NA,"Sirrah, what’s thy name?"
1501,"King Henry VI, the second part","King Henry VI, the second part",NA,NA,William Shakespeare,contents,unknown,ACT II,SCENE III. A Hall of Justice,NA,NA,PETER.
1501,"King Henry VI, the second part","King Henry VI, the second part",NA,NA,William Shakespeare,contents,directions,ACT II,SCENE III. A Hall of Justice,NA,NA,"Peter, forsooth."
1501,"King Henry VI, the second part","King Henry VI, the second part",NA,NA,William Shakespeare,contents,unknown,ACT II,SCENE III. A Hall of Justice,NA,NA,SALISBURY.
1501,"King Henry VI, the second part","King Henry VI, the second part",NA,NA,William Shakespeare,contents,directions,ACT II,SCENE III. A Hall of Justice,NA,NA,Peter? What more?
1501,"King Henry VI, the second part","King Henry VI, the second part",NA,NA,William Shakespeare,contents,unknown,ACT II,SCENE III. A Hall of Justice,NA,NA,PETER.
1501,"King Henry VI, the second part","King Henry VI, the second part",NA,NA,William Shakespeare,contents,directions,ACT II,SCENE III. A Hall of Justice,NA,NA,Thump.
1501,"King Henry VI, the second part","King Henry VI, the second part",NA,NA,William Shakespeare,contents,unknown,ACT II,SCENE III. A Hall of Justice,NA,NA,SALISBURY.
1501,"King Henry VI, the second part","King Henry VI, the second part",NA,NA,William Shakespeare,contents,directions,ACT II,SCENE III. A Hall of Justice,NA,NA,Thump! Then see thou thump thy master well.
1501,"King Henry VI, the second part","King Henry VI, the second part",NA,NA,William Shakespeare,contents,unknown,ACT II,SCENE III. A Hall of Justice,NA,NA,HORNER.
1501,"King Henry VI, the second part","King Henry VI, the second part",NA,NA,William Shakespeare,contents,directions,ACT II,SCENE III. A Hall of Justice,NA,NA,"Masters, I am come hither, as it were, upon my man’s instigation, to"
1501,"King Henry VI, the second part","King Henry VI, the second part",NA,NA,William Shakespeare,contents,directions,ACT II,SCENE III. A Hall of Justice,NA,NA,prove him a knave and myself an honest man; and touching the Duke of
1501,"King Henry VI, the second part","King Henry VI, the second part",NA,NA,William Shakespeare,contents,directions,ACT II,SCENE III. A Hall of Justice,NA,NA,"York, I will take my death I never meant him any ill, nor the King, nor"
1501,"King Henry VI, the second part","King Henry VI, the second part",NA,NA,William Shakespeare,contents,directions,ACT II,SCENE III. A Hall of Justice,NA,NA,"the Queen; and therefore, Peter, have at thee with a downright blow!"
1501,"King Henry VI, the second part","King Henry VI, the second part",NA,NA,William Shakespeare,contents,unknown,ACT II,SCENE III. A Hall of Justice,NA,NA,YORK.
1501,"King Henry VI, the second part","King Henry VI, the second part",NA,NA,William Shakespeare,contents,directions,ACT II,SCENE III. A Hall of Justice,NA,NA,Dispatch! This knave’s tongue begins to double.
1501,"King Henry VI, the second part","King Henry VI, the second part",NA,NA,William Shakespeare,contents,directions,ACT II,SCENE III. A Hall of Justice,NA,NA,"Sound, trumpets. Alarum to the combatants!"
1501,"King Henry VI, the second part","King Henry VI, the second part",NA,NA,William Shakespeare,contents,directions,ACT II,SCENE III. A Hall of Justice,NA,NA,"[They fight, and Peter strikes him down.]"
1501,"King Henry VI, the second part","King Henry VI, the second part",NA,NA,William Shakespeare,contents,unknown,ACT II,SCENE III. A Hall of Justice,NA,NA,HORNER.
1501,"King Henry VI, the second part","King Henry VI, the second part",NA,NA,William Shakespeare,contents,directions,ACT II,SCENE III. A Hall of Justice,NA,NA,"Hold, Peter, hold! I confess, I confess treason."
1501,"King Henry VI, the second part","King Henry VI, the second part",NA,NA,William Shakespeare,contents,directions,ACT II,SCENE III. A Hall of Justice,NA,NA,[Dies.]
1501,"King Henry VI, the second part","King Henry VI, the second part",NA,NA,William Shakespeare,contents,unknown,ACT II,SCENE III. A Hall of Justice,NA,NA,YORK.
1501,"King Henry VI, the second part","King Henry VI, the second part",NA,NA,William Shakespeare,contents,directions,ACT II,SCENE III. A Hall of Justice,NA,NA,"Take away his weapon.—Fellow, thank God and the good wine in thy"
1501,"King Henry VI, the second part","King Henry VI, the second part",NA,NA,William Shakespeare,contents,directions,ACT II,SCENE III. A Hall of Justice,NA,NA,master’s way.
1501,"King Henry VI, the second part","King Henry VI, the second part",NA,NA,William Shakespeare,contents,unknown,ACT II,SCENE III. A Hall of Justice,NA,NA,PETER.
1501,"King Henry VI, the second part","King Henry VI, the second part",NA,NA,William Shakespeare,contents,directions,ACT II,SCENE III. A Hall of Justice,NA,NA,"O God, have I overcome mine enemies in this presence? O Peter, thou"
1501,"King Henry VI, the second part","King Henry VI, the second part",NA,NA,William Shakespeare,contents,directions,ACT II,SCENE III. A Hall of Justice,NA,NA,hast prevailed in right!
1501,"King Henry VI, the second part","King Henry VI, the second part",NA,NA,William Shakespeare,contents,unknown,ACT II,SCENE III. A Hall of Justice,NA,NA,KING HENRY.
1501,"King Henry VI, the second part","King Henry VI, the second part",NA,NA,William Shakespeare,contents,directions,ACT II,SCENE III. A Hall of Justice,NA,NA,"Go, take hence that traitor from our sight,"
1501,"King Henry VI, the second part","King Henry VI, the second part",NA,NA,William Shakespeare,contents,directions,ACT II,SCENE III. A Hall of Justice,NA,NA,For by his death we do perceive his guilt.
1501,"King Henry VI, the second part","King Henry VI, the second part",NA,NA,William Shakespeare,contents,directions,ACT II,SCENE III. A Hall of Justice,NA,NA,And God in justice hath revealed to us
1501,"King Henry VI, the second part","King Henry VI, the second part",NA,NA,William Shakespeare,contents,directions,ACT II,SCENE III. A Hall of Justice,NA,NA,"The truth and innocence of this poor fellow,"
1501,"King Henry VI, the second part","King Henry VI, the second part",NA,NA,William Shakespeare,contents,directions,ACT II,SCENE III. A Hall of Justice,NA,NA,Which he had thought to have murdered wrongfully.
1501,"King Henry VI, the second part","King Henry VI, the second part",NA,NA,William Shakespeare,contents,directions,ACT II,SCENE III. A Hall of Justice,NA,NA,"Come, fellow, follow us for thy reward."
1501,"King Henry VI, the second part","King Henry VI, the second part",NA,NA,William Shakespeare,contents,directions,ACT II,SCENE III. A Hall of Justice,NA,NA,[Sound a flourish. Exeunt.]
1501,"King Henry VI, the second part","King Henry VI, the second part",NA,NA,William Shakespeare,contents,reference,ACT II,SCENE IV. A Street,NA,NA,SCENE IV. A Street
1501,"King Henry VI, the second part","King Henry VI, the second part",NA,NA,William Shakespeare,contents,directions,ACT II,SCENE IV. A Street,NA,NA,Enter Gloucester and his Servingmen in mourning cloaks.
1501,"King Henry VI, the second part","King Henry VI, the second part",NA,NA,William Shakespeare,contents,unknown,ACT II,SCENE IV. A Street,NA,NA,GLOUCESTER.
1501,"King Henry VI, the second part","King Henry VI, the second part",NA,NA,William Shakespeare,contents,directions,ACT II,SCENE IV. A Street,NA,NA,"Thus sometimes hath the brightest day a cloud,"
1501,"King Henry VI, the second part","King Henry VI, the second part",NA,NA,William Shakespeare,contents,directions,ACT II,SCENE IV. A Street,NA,NA,And after summer evermore succeeds
1501,"King Henry VI, the second part","King Henry VI, the second part",NA,NA,William Shakespeare,contents,directions,ACT II,SCENE IV. A Street,NA,NA,"Barren winter, with his wrathful nipping cold;"
1501,"King Henry VI, the second part","King Henry VI, the second part",NA,NA,William Shakespeare,contents,directions,ACT II,SCENE IV. A Street,NA,NA,"So cares and joys abound, as seasons fleet."
1501,"King Henry VI, the second part","King Henry VI, the second part",NA,NA,William Shakespeare,contents,directions,ACT II,SCENE IV. A Street,NA,NA,"Sirs, what’s o’clock?"
1501,"King Henry VI, the second part","King Henry VI, the second part",NA,NA,William Shakespeare,contents,unknown,ACT II,SCENE IV. A Street,NA,NA,SERVINGMEN.
1501,"King Henry VI, the second part","King Henry VI, the second part",NA,NA,William Shakespeare,contents,directions,ACT II,SCENE IV. A Street,NA,NA,"Ten, my lord."
1501,"King Henry VI, the second part","King Henry VI, the second part",NA,NA,William Shakespeare,contents,unknown,ACT II,SCENE IV. A Street,NA,NA,GLOUCESTER.
1501,"King Henry VI, the second part","King Henry VI, the second part",NA,NA,William Shakespeare,contents,directions,ACT II,SCENE IV. A Street,NA,NA,Ten is the hour that was appointed me
1501,"King Henry VI, the second part","King Henry VI, the second part",NA,NA,William Shakespeare,contents,directions,ACT II,SCENE IV. A Street,NA,NA,To watch the coming of my punished duchess.
1501,"King Henry VI, the second part","King Henry VI, the second part",NA,NA,William Shakespeare,contents,directions,ACT II,SCENE IV. A Street,NA,NA,"Uneath may she endure the flinty streets,"
1501,"King Henry VI, the second part","King Henry VI, the second part",NA,NA,William Shakespeare,contents,directions,ACT II,SCENE IV. A Street,NA,NA,To tread them with her tender-feeling feet.
1501,"King Henry VI, the second part","King Henry VI, the second part",NA,NA,William Shakespeare,contents,directions,ACT II,SCENE IV. A Street,NA,NA,"Sweet Nell, ill can thy noble mind abrook"
1501,"King Henry VI, the second part","King Henry VI, the second part",NA,NA,William Shakespeare,contents,directions,ACT II,SCENE IV. A Street,NA,NA,The abject people gazing on thy face
1501,"King Henry VI, the second part","King Henry VI, the second part",NA,NA,William Shakespeare,contents,directions,ACT II,SCENE IV. A Street,NA,NA,"With envious looks, laughing at thy shame,"
1501,"King Henry VI, the second part","King Henry VI, the second part",NA,NA,William Shakespeare,contents,directions,ACT II,SCENE IV. A Street,NA,NA,That erst did follow thy proud chariot wheels
1501,"King Henry VI, the second part","King Henry VI, the second part",NA,NA,William Shakespeare,contents,directions,ACT II,SCENE IV. A Street,NA,NA,When thou didst ride in triumph through the streets.
1501,"King Henry VI, the second part","King Henry VI, the second part",NA,NA,William Shakespeare,contents,directions,ACT II,SCENE IV. A Street,NA,NA,"But, soft! I think she comes; and I’ll prepare"
1501,"King Henry VI, the second part","King Henry VI, the second part",NA,NA,William Shakespeare,contents,directions,ACT II,SCENE IV. A Street,NA,NA,My tear-stained eyes to see her miseries.
1501,"King Henry VI, the second part","King Henry VI, the second part",NA,NA,William Shakespeare,contents,directions,ACT II,SCENE IV. A Street,NA,NA,"Enter the Duchess of Gloucester in a white sheet, and a taper burning"
1501,"King Henry VI, the second part","King Henry VI, the second part",NA,NA,William Shakespeare,contents,directions,ACT II,SCENE IV. A Street,NA,NA,"in her hand; with Sir John Stanley, the Sheriff, and Officers."
1501,"King Henry VI, the second part","King Henry VI, the second part",NA,NA,William Shakespeare,contents,unknown,ACT II,SCENE IV. A Street,NA,NA,SERVINGMEN.
1501,"King Henry VI, the second part","King Henry VI, the second part",NA,NA,William Shakespeare,contents,directions,ACT II,SCENE IV. A Street,NA,NA,"So please your Grace, we’ll take her from the sheriff."
1501,"King Henry VI, the second part","King Henry VI, the second part",NA,NA,William Shakespeare,contents,unknown,ACT II,SCENE IV. A Street,NA,NA,GLOUCESTER.
1501,"King Henry VI, the second part","King Henry VI, the second part",NA,NA,William Shakespeare,contents,directions,ACT II,SCENE IV. A Street,NA,NA,"No, stir not for your lives; let her pass by."
1501,"King Henry VI, the second part","King Henry VI, the second part",NA,NA,William Shakespeare,contents,unknown,ACT II,SCENE IV. A Street,NA,NA,ELEANOR.
1501,"King Henry VI, the second part","King Henry VI, the second part",NA,NA,William Shakespeare,contents,directions,ACT II,SCENE IV. A Street,NA,NA,"Come you, my lord, to see my open shame?"
1501,"King Henry VI, the second part","King Henry VI, the second part",NA,NA,William Shakespeare,contents,directions,ACT II,SCENE IV. A Street,NA,NA,Now thou dost penance too. Look how they gaze!
1501,"King Henry VI, the second part","King Henry VI, the second part",NA,NA,William Shakespeare,contents,directions,ACT II,SCENE IV. A Street,NA,NA,"See how the giddy multitude do point,"
1501,"King Henry VI, the second part","King Henry VI, the second part",NA,NA,William Shakespeare,contents,directions,ACT II,SCENE IV. A Street,NA,NA,"And nod their heads, and throw their eyes on thee."
1501,"King Henry VI, the second part","King Henry VI, the second part",NA,NA,William Shakespeare,contents,directions,ACT II,SCENE IV. A Street,NA,NA,"Ah, Gloucester, hide thee from their hateful looks,"
1501,"King Henry VI, the second part","King Henry VI, the second part",NA,NA,William Shakespeare,contents,directions,ACT II,SCENE IV. A Street,NA,NA,"And, in thy closet pent up, rue my shame,"
1501,"King Henry VI, the second part","King Henry VI, the second part",NA,NA,William Shakespeare,contents,directions,ACT II,SCENE IV. A Street,NA,NA,"And ban thine enemies, both mine and thine!"
1501,"King Henry VI, the second part","King Henry VI, the second part",NA,NA,William Shakespeare,contents,unknown,ACT II,SCENE IV. A Street,NA,NA,GLOUCESTER.
1501,"King Henry VI, the second part","King Henry VI, the second part",NA,NA,William Shakespeare,contents,directions,ACT II,SCENE IV. A Street,NA,NA,"Be patient, gentle Nell, forget this grief."
1501,"King Henry VI, the second part","King Henry VI, the second part",NA,NA,William Shakespeare,contents,unknown,ACT II,SCENE IV. A Street,NA,NA,ELEANOR.
1501,"King Henry VI, the second part","King Henry VI, the second part",NA,NA,William Shakespeare,contents,directions,ACT II,SCENE IV. A Street,NA,NA,"Ah, Gloucester, teach me to forget myself!"
1501,"King Henry VI, the second part","King Henry VI, the second part",NA,NA,William Shakespeare,contents,directions,ACT II,SCENE IV. A Street,NA,NA,For whilst I think I am thy married wife
1501,"King Henry VI, the second part","King Henry VI, the second part",NA,NA,William Shakespeare,contents,directions,ACT II,SCENE IV. A Street,NA,NA,"And thou a prince, Protector of this land,"
1501,"King Henry VI, the second part","King Henry VI, the second part",NA,NA,William Shakespeare,contents,directions,ACT II,SCENE IV. A Street,NA,NA,"Methinks I should not thus be led along,"
1501,"King Henry VI, the second part","King Henry VI, the second part",NA,NA,William Shakespeare,contents,directions,ACT II,SCENE IV. A Street,NA,NA,"Mailed up in shame, with papers on my back,"
1501,"King Henry VI, the second part","King Henry VI, the second part",NA,NA,William Shakespeare,contents,directions,ACT II,SCENE IV. A Street,NA,NA,And followed with a rabble that rejoice
1501,"King Henry VI, the second part","King Henry VI, the second part",NA,NA,William Shakespeare,contents,directions,ACT II,SCENE IV. A Street,NA,NA,To see my tears and hear my deep-fet groans.
1501,"King Henry VI, the second part","King Henry VI, the second part",NA,NA,William Shakespeare,contents,directions,ACT II,SCENE IV. A Street,NA,NA,"The ruthless flint doth cut my tender feet,"
1501,"King Henry VI, the second part","King Henry VI, the second part",NA,NA,William Shakespeare,contents,directions,ACT II,SCENE IV. A Street,NA,NA,"And when I start, the envious people laugh"
1501,"King Henry VI, the second part","King Henry VI, the second part",NA,NA,William Shakespeare,contents,directions,ACT II,SCENE IV. A Street,NA,NA,And bid me be advised how I tread.
1501,"King Henry VI, the second part","King Henry VI, the second part",NA,NA,William Shakespeare,contents,directions,ACT II,SCENE IV. A Street,NA,NA,"Ah, Humphrey, can I bear this shameful yoke?"
1501,"King Henry VI, the second part","King Henry VI, the second part",NA,NA,William Shakespeare,contents,directions,ACT II,SCENE IV. A Street,NA,NA,"Trowest thou that e’er I’ll look upon the world,"
1501,"King Henry VI, the second part","King Henry VI, the second part",NA,NA,William Shakespeare,contents,directions,ACT II,SCENE IV. A Street,NA,NA,Or count them happy that enjoy the sun?
1501,"King Henry VI, the second part","King Henry VI, the second part",NA,NA,William Shakespeare,contents,directions,ACT II,SCENE IV. A Street,NA,NA,"No, dark shall be my light and night my day;"
1501,"King Henry VI, the second part","King Henry VI, the second part",NA,NA,William Shakespeare,contents,directions,ACT II,SCENE IV. A Street,NA,NA,To think upon my pomp shall be my hell.
1501,"King Henry VI, the second part","King Henry VI, the second part",NA,NA,William Shakespeare,contents,directions,ACT II,SCENE IV. A Street,NA,NA,"Sometimes I’ll say, I am Duke Humphrey’s wife,"
1501,"King Henry VI, the second part","King Henry VI, the second part",NA,NA,William Shakespeare,contents,directions,ACT II,SCENE IV. A Street,NA,NA,And he a prince and ruler of the land;
1501,"King Henry VI, the second part","King Henry VI, the second part",NA,NA,William Shakespeare,contents,directions,ACT II,SCENE IV. A Street,NA,NA,Yet so he ruled and such a prince he was
1501,"King Henry VI, the second part","King Henry VI, the second part",NA,NA,William Shakespeare,contents,directions,ACT II,SCENE IV. A Street,NA,NA,"As he stood by whilst I, his forlorn duchess,"
1501,"King Henry VI, the second part","King Henry VI, the second part",NA,NA,William Shakespeare,contents,directions,ACT II,SCENE IV. A Street,NA,NA,Was made a wonder and a pointing-stock
1501,"King Henry VI, the second part","King Henry VI, the second part",NA,NA,William Shakespeare,contents,directions,ACT II,SCENE IV. A Street,NA,NA,To every idle rascal follower.
1501,"King Henry VI, the second part","King Henry VI, the second part",NA,NA,William Shakespeare,contents,directions,ACT II,SCENE IV. A Street,NA,NA,"But be thou mild and blush not at my shame,"
1501,"King Henry VI, the second part","King Henry VI, the second part",NA,NA,William Shakespeare,contents,directions,ACT II,SCENE IV. A Street,NA,NA,Nor stir at nothing till the axe of death
1501,"King Henry VI, the second part","King Henry VI, the second part",NA,NA,William Shakespeare,contents,directions,ACT II,SCENE IV. A Street,NA,NA,"Hang over thee, as, sure, it shortly will."
1501,"King Henry VI, the second part","King Henry VI, the second part",NA,NA,William Shakespeare,contents,directions,ACT II,SCENE IV. A Street,NA,NA,"For Suffolk, he that can do all in all"
1501,"King Henry VI, the second part","King Henry VI, the second part",NA,NA,William Shakespeare,contents,directions,ACT II,SCENE IV. A Street,NA,NA,"With her that hateth thee and hates us all,"
1501,"King Henry VI, the second part","King Henry VI, the second part",NA,NA,William Shakespeare,contents,directions,ACT II,SCENE IV. A Street,NA,NA,"And York and impious Beaufort, that false priest,"
1501,"King Henry VI, the second part","King Henry VI, the second part",NA,NA,William Shakespeare,contents,directions,ACT II,SCENE IV. A Street,NA,NA,Have all limed bushes to betray thy wings;
1501,"King Henry VI, the second part","King Henry VI, the second part",NA,NA,William Shakespeare,contents,directions,ACT II,SCENE IV. A Street,NA,NA,"And fly thou how thou canst, they’ll tangle thee."
1501,"King Henry VI, the second part","King Henry VI, the second part",NA,NA,William Shakespeare,contents,directions,ACT II,SCENE IV. A Street,NA,NA,"But fear not thou until thy foot be snared,"
1501,"King Henry VI, the second part","King Henry VI, the second part",NA,NA,William Shakespeare,contents,directions,ACT II,SCENE IV. A Street,NA,NA,Nor never seek prevention of thy foes.
1501,"King Henry VI, the second part","King Henry VI, the second part",NA,NA,William Shakespeare,contents,unknown,ACT II,SCENE IV. A Street,NA,NA,GLOUCESTER.
1501,"King Henry VI, the second part","King Henry VI, the second part",NA,NA,William Shakespeare,contents,directions,ACT II,SCENE IV. A Street,NA,NA,"Ah, Nell, forbear! Thou aimest all awry."
1501,"King Henry VI, the second part","King Henry VI, the second part",NA,NA,William Shakespeare,contents,directions,ACT II,SCENE IV. A Street,NA,NA,I must offend before I be attainted;
1501,"King Henry VI, the second part","King Henry VI, the second part",NA,NA,William Shakespeare,contents,directions,ACT II,SCENE IV. A Street,NA,NA,"And had I twenty times so many foes,"
1501,"King Henry VI, the second part","King Henry VI, the second part",NA,NA,William Shakespeare,contents,directions,ACT II,SCENE IV. A Street,NA,NA,"And each of them had twenty times their power,"
1501,"King Henry VI, the second part","King Henry VI, the second part",NA,NA,William Shakespeare,contents,directions,ACT II,SCENE IV. A Street,NA,NA,All these could not procure me any scathe
1501,"King Henry VI, the second part","King Henry VI, the second part",NA,NA,William Shakespeare,contents,directions,ACT II,SCENE IV. A Street,NA,NA,"So long as I am loyal, true, and crimeless."
1501,"King Henry VI, the second part","King Henry VI, the second part",NA,NA,William Shakespeare,contents,directions,ACT II,SCENE IV. A Street,NA,NA,Wouldst have me rescue thee from this reproach?
1501,"King Henry VI, the second part","King Henry VI, the second part",NA,NA,William Shakespeare,contents,directions,ACT II,SCENE IV. A Street,NA,NA,"Why, yet thy scandal were not wiped away,"
1501,"King Henry VI, the second part","King Henry VI, the second part",NA,NA,William Shakespeare,contents,directions,ACT II,SCENE IV. A Street,NA,NA,But I in danger for the breach of law.
1501,"King Henry VI, the second part","King Henry VI, the second part",NA,NA,William Shakespeare,contents,directions,ACT II,SCENE IV. A Street,NA,NA,"Thy greatest help is quiet, gentle Nell."
1501,"King Henry VI, the second part","King Henry VI, the second part",NA,NA,William Shakespeare,contents,directions,ACT II,SCENE IV. A Street,NA,NA,"I pray thee, sort thy heart to patience;"
1501,"King Henry VI, the second part","King Henry VI, the second part",NA,NA,William Shakespeare,contents,directions,ACT II,SCENE IV. A Street,NA,NA,These few days’ wonder will be quickly worn.
1501,"King Henry VI, the second part","King Henry VI, the second part",NA,NA,William Shakespeare,contents,directions,ACT II,SCENE IV. A Street,NA,NA,Enter a Herald.
1501,"King Henry VI, the second part","King Henry VI, the second part",NA,NA,William Shakespeare,contents,unknown,ACT II,SCENE IV. A Street,NA,NA,HERALD.
1501,"King Henry VI, the second part","King Henry VI, the second part",NA,NA,William Shakespeare,contents,directions,ACT II,SCENE IV. A Street,NA,NA,"I summon your grace to his majesty’s parliament,"
1501,"King Henry VI, the second part","King Henry VI, the second part",NA,NA,William Shakespeare,contents,directions,ACT II,SCENE IV. A Street,NA,NA,Holden at Bury the first of this next month.
1501,"King Henry VI, the second part","King Henry VI, the second part",NA,NA,William Shakespeare,contents,unknown,ACT II,SCENE IV. A Street,NA,NA,GLOUCESTER.
1501,"King Henry VI, the second part","King Henry VI, the second part",NA,NA,William Shakespeare,contents,directions,ACT II,SCENE IV. A Street,NA,NA,And my consent ne’er asked herein before?
1501,"King Henry VI, the second part","King Henry VI, the second part",NA,NA,William Shakespeare,contents,directions,ACT II,SCENE IV. A Street,NA,NA,"This is close dealing. Well, I will be there."
1501,"King Henry VI, the second part","King Henry VI, the second part",NA,NA,William Shakespeare,contents,directions,ACT II,SCENE IV. A Street,NA,NA,[Exit Herald.]
1501,"King Henry VI, the second part","King Henry VI, the second part",NA,NA,William Shakespeare,contents,directions,ACT II,SCENE IV. A Street,NA,NA,"My Nell, I take my leave; and, master sheriff,"
1501,"King Henry VI, the second part","King Henry VI, the second part",NA,NA,William Shakespeare,contents,directions,ACT II,SCENE IV. A Street,NA,NA,Let not her penance exceed the King’s commission.
1501,"King Henry VI, the second part","King Henry VI, the second part",NA,NA,William Shakespeare,contents,unknown,ACT II,SCENE IV. A Street,NA,NA,SHERIFF.
1501,"King Henry VI, the second part","King Henry VI, the second part",NA,NA,William Shakespeare,contents,directions,ACT II,SCENE IV. A Street,NA,NA,"An ’t please your grace, here my commission stays,"
1501,"King Henry VI, the second part","King Henry VI, the second part",NA,NA,William Shakespeare,contents,directions,ACT II,SCENE IV. A Street,NA,NA,And Sir John Stanley is appointed now
1501,"King Henry VI, the second part","King Henry VI, the second part",NA,NA,William Shakespeare,contents,directions,ACT II,SCENE IV. A Street,NA,NA,To take her with him to the Isle of Man.
1501,"King Henry VI, the second part","King Henry VI, the second part",NA,NA,William Shakespeare,contents,unknown,ACT II,SCENE IV. A Street,NA,NA,GLOUCESTER.
1501,"King Henry VI, the second part","King Henry VI, the second part",NA,NA,William Shakespeare,contents,directions,ACT II,SCENE IV. A Street,NA,NA,"Must you, Sir John, protect my lady here?"
1501,"King Henry VI, the second part","King Henry VI, the second part",NA,NA,William Shakespeare,contents,unknown,ACT II,SCENE IV. A Street,NA,NA,STANLEY.
1501,"King Henry VI, the second part","King Henry VI, the second part",NA,NA,William Shakespeare,contents,directions,ACT II,SCENE IV. A Street,NA,NA,"So am I given in charge, may ’t please your grace."
1501,"King Henry VI, the second part","King Henry VI, the second part",NA,NA,William Shakespeare,contents,unknown,ACT II,SCENE IV. A Street,NA,NA,GLOUCESTER.
1501,"King Henry VI, the second part","King Henry VI, the second part",NA,NA,William Shakespeare,contents,directions,ACT II,SCENE IV. A Street,NA,NA,Entreat her not the worse in that I pray
1501,"King Henry VI, the second part","King Henry VI, the second part",NA,NA,William Shakespeare,contents,directions,ACT II,SCENE IV. A Street,NA,NA,"You use her well. The world may laugh again,"
1501,"King Henry VI, the second part","King Henry VI, the second part",NA,NA,William Shakespeare,contents,directions,ACT II,SCENE IV. A Street,NA,NA,And I may live to do you kindness if
1501,"King Henry VI, the second part","King Henry VI, the second part",NA,NA,William Shakespeare,contents,directions,ACT II,SCENE IV. A Street,NA,NA,"You do it her. And so, Sir John, farewell."
1501,"King Henry VI, the second part","King Henry VI, the second part",NA,NA,William Shakespeare,contents,unknown,ACT II,SCENE IV. A Street,NA,NA,ELEANOR.
1501,"King Henry VI, the second part","King Henry VI, the second part",NA,NA,William Shakespeare,contents,directions,ACT II,SCENE IV. A Street,NA,NA,"What, gone, my lord, and bid me not farewell?"
1501,"King Henry VI, the second part","King Henry VI, the second part",NA,NA,William Shakespeare,contents,unknown,ACT II,SCENE IV. A Street,NA,NA,GLOUCESTER.
1501,"King Henry VI, the second part","King Henry VI, the second part",NA,NA,William Shakespeare,contents,directions,ACT II,SCENE IV. A Street,NA,NA,"Witness my tears, I cannot stay to speak."
1501,"King Henry VI, the second part","King Henry VI, the second part",NA,NA,William Shakespeare,contents,directions,ACT II,SCENE IV. A Street,NA,NA,[Exeunt Gloucester and Servingmen.]
1501,"King Henry VI, the second part","King Henry VI, the second part",NA,NA,William Shakespeare,contents,unknown,ACT II,SCENE IV. A Street,NA,NA,ELEANOR.
1501,"King Henry VI, the second part","King Henry VI, the second part",NA,NA,William Shakespeare,contents,directions,ACT II,SCENE IV. A Street,NA,NA,"Art thou gone too? All comfort go with thee,"
1501,"King Henry VI, the second part","King Henry VI, the second part",NA,NA,William Shakespeare,contents,directions,ACT II,SCENE IV. A Street,NA,NA,For none abides with me; my joy is death;
1501,"King Henry VI, the second part","King Henry VI, the second part",NA,NA,William Shakespeare,contents,directions,ACT II,SCENE IV. A Street,NA,NA,"Death, at whose name I oft have been afeard,"
1501,"King Henry VI, the second part","King Henry VI, the second part",NA,NA,William Shakespeare,contents,directions,ACT II,SCENE IV. A Street,NA,NA,Because I wished this world’s eternity.
1501,"King Henry VI, the second part","King Henry VI, the second part",NA,NA,William Shakespeare,contents,directions,ACT II,SCENE IV. A Street,NA,NA,"Stanley, I prithee, go, and take me hence,"
1501,"King Henry VI, the second part","King Henry VI, the second part",NA,NA,William Shakespeare,contents,directions,ACT II,SCENE IV. A Street,NA,NA,"I care not whither, for I beg no favour,"
1501,"King Henry VI, the second part","King Henry VI, the second part",NA,NA,William Shakespeare,contents,directions,ACT II,SCENE IV. A Street,NA,NA,Only convey me where thou art commanded.
1501,"King Henry VI, the second part","King Henry VI, the second part",NA,NA,William Shakespeare,contents,unknown,ACT II,SCENE IV. A Street,NA,NA,STANLEY.
1501,"King Henry VI, the second part","King Henry VI, the second part",NA,NA,William Shakespeare,contents,directions,ACT II,SCENE IV. A Street,NA,NA,"Why, madam, that is to the Isle of Man,"
1501,"King Henry VI, the second part","King Henry VI, the second part",NA,NA,William Shakespeare,contents,directions,ACT II,SCENE IV. A Street,NA,NA,There to be used according to your state.
1501,"King Henry VI, the second part","King Henry VI, the second part",NA,NA,William Shakespeare,contents,unknown,ACT II,SCENE IV. A Street,NA,NA,ELEANOR.
1501,"King Henry VI, the second part","King Henry VI, the second part",NA,NA,William Shakespeare,contents,directions,ACT II,SCENE IV. A Street,NA,NA,"That’s bad enough, for I am but reproach;"
1501,"King Henry VI, the second part","King Henry VI, the second part",NA,NA,William Shakespeare,contents,directions,ACT II,SCENE IV. A Street,NA,NA,And shall I then be used reproachfully?
1501,"King Henry VI, the second part","King Henry VI, the second part",NA,NA,William Shakespeare,contents,unknown,ACT II,SCENE IV. A Street,NA,NA,STANLEY.
1501,"King Henry VI, the second part","King Henry VI, the second part",NA,NA,William Shakespeare,contents,directions,ACT II,SCENE IV. A Street,NA,NA,"Like to a duchess, and Duke Humphrey’s lady;"
1501,"King Henry VI, the second part","King Henry VI, the second part",NA,NA,William Shakespeare,contents,directions,ACT II,SCENE IV. A Street,NA,NA,According to that state you shall be used.
1501,"King Henry VI, the second part","King Henry VI, the second part",NA,NA,William Shakespeare,contents,unknown,ACT II,SCENE IV. A Street,NA,NA,ELEANOR.
1501,"King Henry VI, the second part","King Henry VI, the second part",NA,NA,William Shakespeare,contents,directions,ACT II,SCENE IV. A Street,NA,NA,"Sheriff, farewell, and better than I fare,"
1501,"King Henry VI, the second part","King Henry VI, the second part",NA,NA,William Shakespeare,contents,directions,ACT II,SCENE IV. A Street,NA,NA,Although thou hast been conduct of my shame.
1501,"King Henry VI, the second part","King Henry VI, the second part",NA,NA,William Shakespeare,contents,unknown,ACT II,SCENE IV. A Street,NA,NA,SHERIFF.
1501,"King Henry VI, the second part","King Henry VI, the second part",NA,NA,William Shakespeare,contents,directions,ACT II,SCENE IV. A Street,NA,NA,"It is my office; and, madam, pardon me."
1501,"King Henry VI, the second part","King Henry VI, the second part",NA,NA,William Shakespeare,contents,unknown,ACT II,SCENE IV. A Street,NA,NA,ELEANOR.
1501,"King Henry VI, the second part","King Henry VI, the second part",NA,NA,William Shakespeare,contents,directions,ACT II,SCENE IV. A Street,NA,NA,"Ay, ay, farewell; thy office is discharged."
1501,"King Henry VI, the second part","King Henry VI, the second part",NA,NA,William Shakespeare,contents,directions,ACT II,SCENE IV. A Street,NA,NA,"Come, Stanley, shall we go?"
1501,"King Henry VI, the second part","King Henry VI, the second part",NA,NA,William Shakespeare,contents,unknown,ACT II,SCENE IV. A Street,NA,NA,STANLEY.
1501,"King Henry VI, the second part","King Henry VI, the second part",NA,NA,William Shakespeare,contents,directions,ACT II,SCENE IV. A Street,NA,NA,"Madam, your penance done, throw off this sheet,"
1501,"King Henry VI, the second part","King Henry VI, the second part",NA,NA,William Shakespeare,contents,directions,ACT II,SCENE IV. A Street,NA,NA,And go we to attire you for our journey.
1501,"King Henry VI, the second part","King Henry VI, the second part",NA,NA,William Shakespeare,contents,unknown,ACT II,SCENE IV. A Street,NA,NA,ELEANOR.
1501,"King Henry VI, the second part","King Henry VI, the second part",NA,NA,William Shakespeare,contents,directions,ACT II,SCENE IV. A Street,NA,NA,"My shame will not be shifted with my sheet,"
1501,"King Henry VI, the second part","King Henry VI, the second part",NA,NA,William Shakespeare,contents,directions,ACT II,SCENE IV. A Street,NA,NA,"No, it will hang upon my richest robes"
1501,"King Henry VI, the second part","King Henry VI, the second part",NA,NA,William Shakespeare,contents,directions,ACT II,SCENE IV. A Street,NA,NA,"And show itself, attire me how I can."
1501,"King Henry VI, the second part","King Henry VI, the second part",NA,NA,William Shakespeare,contents,directions,ACT II,SCENE IV. A Street,NA,NA,"Go, lead the way, I long to see my prison."
1501,"King Henry VI, the second part","King Henry VI, the second part",NA,NA,William Shakespeare,contents,directions,ACT II,SCENE IV. A Street,NA,NA,[Exeunt.]
1501,"King Henry VI, the second part","King Henry VI, the second part",NA,NA,William Shakespeare,contents,reference,ACT III,SCENE IV. A Street,NA,NA,ACT III
1501,"King Henry VI, the second part","King Henry VI, the second part",NA,NA,William Shakespeare,contents,reference,ACT III,SCENE I. The Abbey at Bury St. Edmund’s,NA,NA,SCENE I. The Abbey at Bury St. Edmund’s
1501,"King Henry VI, the second part","King Henry VI, the second part",NA,NA,William Shakespeare,contents,directions,ACT III,SCENE I. The Abbey at Bury St. Edmund’s,NA,NA,"Sound a sennet. Enter the King, the Queen, Cardinal Beaufort, Suffolk,"
1501,"King Henry VI, the second part","King Henry VI, the second part",NA,NA,William Shakespeare,contents,directions,ACT III,SCENE I. The Abbey at Bury St. Edmund’s,NA,NA,"York, Buckingham, Salisbury and Warwick to the Parliament."
1501,"King Henry VI, the second part","King Henry VI, the second part",NA,NA,William Shakespeare,contents,unknown,ACT III,SCENE I. The Abbey at Bury St. Edmund’s,NA,NA,KING HENRY.
1501,"King Henry VI, the second part","King Henry VI, the second part",NA,NA,William Shakespeare,contents,directions,ACT III,SCENE I. The Abbey at Bury St. Edmund’s,NA,NA,I muse my Lord of Gloucester is not come.
1501,"King Henry VI, the second part","King Henry VI, the second part",NA,NA,William Shakespeare,contents,directions,ACT III,SCENE I. The Abbey at Bury St. Edmund’s,NA,NA,"’Tis not his wont to be the hindmost man,"
1501,"King Henry VI, the second part","King Henry VI, the second part",NA,NA,William Shakespeare,contents,directions,ACT III,SCENE I. The Abbey at Bury St. Edmund’s,NA,NA,Whate’er occasion keeps him from us now.
1501,"King Henry VI, the second part","King Henry VI, the second part",NA,NA,William Shakespeare,contents,unknown,ACT III,SCENE I. The Abbey at Bury St. Edmund’s,NA,NA,QUEEN MARGARET.
1501,"King Henry VI, the second part","King Henry VI, the second part",NA,NA,William Shakespeare,contents,directions,ACT III,SCENE I. The Abbey at Bury St. Edmund’s,NA,NA,"Can you not see, or will ye not observe"
1501,"King Henry VI, the second part","King Henry VI, the second part",NA,NA,William Shakespeare,contents,directions,ACT III,SCENE I. The Abbey at Bury St. Edmund’s,NA,NA,The strangeness of his altered countenance?
1501,"King Henry VI, the second part","King Henry VI, the second part",NA,NA,William Shakespeare,contents,directions,ACT III,SCENE I. The Abbey at Bury St. Edmund’s,NA,NA,"With what a majesty he bears himself,"
1501,"King Henry VI, the second part","King Henry VI, the second part",NA,NA,William Shakespeare,contents,directions,ACT III,SCENE I. The Abbey at Bury St. Edmund’s,NA,NA,"How insolent of late he is become,"
1501,"King Henry VI, the second part","King Henry VI, the second part",NA,NA,William Shakespeare,contents,directions,ACT III,SCENE I. The Abbey at Bury St. Edmund’s,NA,NA,"How proud, how peremptory, and unlike himself?"
1501,"King Henry VI, the second part","King Henry VI, the second part",NA,NA,William Shakespeare,contents,directions,ACT III,SCENE I. The Abbey at Bury St. Edmund’s,NA,NA,We know the time since he was mild and affable;
1501,"King Henry VI, the second part","King Henry VI, the second part",NA,NA,William Shakespeare,contents,directions,ACT III,SCENE I. The Abbey at Bury St. Edmund’s,NA,NA,"And if we did but glance a far-off look,"
1501,"King Henry VI, the second part","King Henry VI, the second part",NA,NA,William Shakespeare,contents,directions,ACT III,SCENE I. The Abbey at Bury St. Edmund’s,NA,NA,"Immediately he was upon his knee,"
1501,"King Henry VI, the second part","King Henry VI, the second part",NA,NA,William Shakespeare,contents,directions,ACT III,SCENE I. The Abbey at Bury St. Edmund’s,NA,NA,That all the court admired him for submission.
1501,"King Henry VI, the second part","King Henry VI, the second part",NA,NA,William Shakespeare,contents,directions,ACT III,SCENE I. The Abbey at Bury St. Edmund’s,NA,NA,"But meet him now, and be it in the morn"
1501,"King Henry VI, the second part","King Henry VI, the second part",NA,NA,William Shakespeare,contents,directions,ACT III,SCENE I. The Abbey at Bury St. Edmund’s,NA,NA,"When everyone will give the time of day,"
1501,"King Henry VI, the second part","King Henry VI, the second part",NA,NA,William Shakespeare,contents,directions,ACT III,SCENE I. The Abbey at Bury St. Edmund’s,NA,NA,He knits his brow and shows an angry eye
1501,"King Henry VI, the second part","King Henry VI, the second part",NA,NA,William Shakespeare,contents,directions,ACT III,SCENE I. The Abbey at Bury St. Edmund’s,NA,NA,"And passeth by with stiff unbowed knee,"
1501,"King Henry VI, the second part","King Henry VI, the second part",NA,NA,William Shakespeare,contents,directions,ACT III,SCENE I. The Abbey at Bury St. Edmund’s,NA,NA,Disdaining duty that to us belongs.
1501,"King Henry VI, the second part","King Henry VI, the second part",NA,NA,William Shakespeare,contents,directions,ACT III,SCENE I. The Abbey at Bury St. Edmund’s,NA,NA,"Small curs are not regarded when they grin,"
1501,"King Henry VI, the second part","King Henry VI, the second part",NA,NA,William Shakespeare,contents,directions,ACT III,SCENE I. The Abbey at Bury St. Edmund’s,NA,NA,But great men tremble when the lion roars;
1501,"King Henry VI, the second part","King Henry VI, the second part",NA,NA,William Shakespeare,contents,directions,ACT III,SCENE I. The Abbey at Bury St. Edmund’s,NA,NA,And Humphrey is no little man in England.
1501,"King Henry VI, the second part","King Henry VI, the second part",NA,NA,William Shakespeare,contents,directions,ACT III,SCENE I. The Abbey at Bury St. Edmund’s,NA,NA,"First note that he is near you in descent,"
1501,"King Henry VI, the second part","King Henry VI, the second part",NA,NA,William Shakespeare,contents,directions,ACT III,SCENE I. The Abbey at Bury St. Edmund’s,NA,NA,"And should you fall, he is the next will mount."
1501,"King Henry VI, the second part","King Henry VI, the second part",NA,NA,William Shakespeare,contents,directions,ACT III,SCENE I. The Abbey at Bury St. Edmund’s,NA,NA,"Me seemeth then it is no policy,"
1501,"King Henry VI, the second part","King Henry VI, the second part",NA,NA,William Shakespeare,contents,directions,ACT III,SCENE I. The Abbey at Bury St. Edmund’s,NA,NA,Respecting what a rancorous mind he bears
1501,"King Henry VI, the second part","King Henry VI, the second part",NA,NA,William Shakespeare,contents,directions,ACT III,SCENE I. The Abbey at Bury St. Edmund’s,NA,NA,"And his advantage following your decease,"
1501,"King Henry VI, the second part","King Henry VI, the second part",NA,NA,William Shakespeare,contents,directions,ACT III,SCENE I. The Abbey at Bury St. Edmund’s,NA,NA,That he should come about your royal person
1501,"King Henry VI, the second part","King Henry VI, the second part",NA,NA,William Shakespeare,contents,directions,ACT III,SCENE I. The Abbey at Bury St. Edmund’s,NA,NA,Or be admitted to your Highness’ Council.
1501,"King Henry VI, the second part","King Henry VI, the second part",NA,NA,William Shakespeare,contents,directions,ACT III,SCENE I. The Abbey at Bury St. Edmund’s,NA,NA,By flattery hath he won the commons’ hearts;
1501,"King Henry VI, the second part","King Henry VI, the second part",NA,NA,William Shakespeare,contents,directions,ACT III,SCENE I. The Abbey at Bury St. Edmund’s,NA,NA,"And when he please to make commotion,"
1501,"King Henry VI, the second part","King Henry VI, the second part",NA,NA,William Shakespeare,contents,directions,ACT III,SCENE I. The Abbey at Bury St. Edmund’s,NA,NA,’Tis to be feared they all will follow him.
1501,"King Henry VI, the second part","King Henry VI, the second part",NA,NA,William Shakespeare,contents,directions,ACT III,SCENE I. The Abbey at Bury St. Edmund’s,NA,NA,"Now ’tis the spring, and weeds are shallow-rooted;"
1501,"King Henry VI, the second part","King Henry VI, the second part",NA,NA,William Shakespeare,contents,directions,ACT III,SCENE I. The Abbey at Bury St. Edmund’s,NA,NA,"Suffer them now, and they’ll o’ergrow the garden"
1501,"King Henry VI, the second part","King Henry VI, the second part",NA,NA,William Shakespeare,contents,directions,ACT III,SCENE I. The Abbey at Bury St. Edmund’s,NA,NA,And choke the herbs for want of husbandry.
1501,"King Henry VI, the second part","King Henry VI, the second part",NA,NA,William Shakespeare,contents,directions,ACT III,SCENE I. The Abbey at Bury St. Edmund’s,NA,NA,The reverent care I bear unto my lord
1501,"King Henry VI, the second part","King Henry VI, the second part",NA,NA,William Shakespeare,contents,directions,ACT III,SCENE I. The Abbey at Bury St. Edmund’s,NA,NA,Made me collect these dangers in the Duke.
1501,"King Henry VI, the second part","King Henry VI, the second part",NA,NA,William Shakespeare,contents,directions,ACT III,SCENE I. The Abbey at Bury St. Edmund’s,NA,NA,"If it be fond, can it a woman’s fear;"
1501,"King Henry VI, the second part","King Henry VI, the second part",NA,NA,William Shakespeare,contents,directions,ACT III,SCENE I. The Abbey at Bury St. Edmund’s,NA,NA,"Which fear if better reasons can supplant,"
1501,"King Henry VI, the second part","King Henry VI, the second part",NA,NA,William Shakespeare,contents,directions,ACT III,SCENE I. The Abbey at Bury St. Edmund’s,NA,NA,I will subscribe and say I wronged the Duke.
1501,"King Henry VI, the second part","King Henry VI, the second part",NA,NA,William Shakespeare,contents,directions,ACT III,SCENE I. The Abbey at Bury St. Edmund’s,NA,NA,"My Lord of Suffolk, Buckingham, and York,"
1501,"King Henry VI, the second part","King Henry VI, the second part",NA,NA,William Shakespeare,contents,directions,ACT III,SCENE I. The Abbey at Bury St. Edmund’s,NA,NA,"Reprove my allegation if you can,"
1501,"King Henry VI, the second part","King Henry VI, the second part",NA,NA,William Shakespeare,contents,directions,ACT III,SCENE I. The Abbey at Bury St. Edmund’s,NA,NA,Or else conclude my words effectual.
1501,"King Henry VI, the second part","King Henry VI, the second part",NA,NA,William Shakespeare,contents,unknown,ACT III,SCENE I. The Abbey at Bury St. Edmund’s,NA,NA,SUFFOLK.
1501,"King Henry VI, the second part","King Henry VI, the second part",NA,NA,William Shakespeare,contents,directions,ACT III,SCENE I. The Abbey at Bury St. Edmund’s,NA,NA,Well hath your highness seen into this Duke;
1501,"King Henry VI, the second part","King Henry VI, the second part",NA,NA,William Shakespeare,contents,directions,ACT III,SCENE I. The Abbey at Bury St. Edmund’s,NA,NA,"And, had I first been put to speak my mind,"
1501,"King Henry VI, the second part","King Henry VI, the second part",NA,NA,William Shakespeare,contents,directions,ACT III,SCENE I. The Abbey at Bury St. Edmund’s,NA,NA,I think I should have told your grace’s tale.
1501,"King Henry VI, the second part","King Henry VI, the second part",NA,NA,William Shakespeare,contents,directions,ACT III,SCENE I. The Abbey at Bury St. Edmund’s,NA,NA,"The Duchess by his subornation,"
1501,"King Henry VI, the second part","King Henry VI, the second part",NA,NA,William Shakespeare,contents,directions,ACT III,SCENE I. The Abbey at Bury St. Edmund’s,NA,NA,"Upon my life, began her devilish practices;"
1501,"King Henry VI, the second part","King Henry VI, the second part",NA,NA,William Shakespeare,contents,directions,ACT III,SCENE I. The Abbey at Bury St. Edmund’s,NA,NA,"Or, if he were not privy to those faults,"
1501,"King Henry VI, the second part","King Henry VI, the second part",NA,NA,William Shakespeare,contents,directions,ACT III,SCENE I. The Abbey at Bury St. Edmund’s,NA,NA,"Yet, by reputing of his high descent,"
1501,"King Henry VI, the second part","King Henry VI, the second part",NA,NA,William Shakespeare,contents,directions,ACT III,SCENE I. The Abbey at Bury St. Edmund’s,NA,NA,"As next the King he was successive heir,"
1501,"King Henry VI, the second part","King Henry VI, the second part",NA,NA,William Shakespeare,contents,directions,ACT III,SCENE I. The Abbey at Bury St. Edmund’s,NA,NA,And such high vaunts of his nobility—
1501,"King Henry VI, the second part","King Henry VI, the second part",NA,NA,William Shakespeare,contents,directions,ACT III,SCENE I. The Abbey at Bury St. Edmund’s,NA,NA,Did instigate the bedlam brain-sick Duchess
1501,"King Henry VI, the second part","King Henry VI, the second part",NA,NA,William Shakespeare,contents,directions,ACT III,SCENE I. The Abbey at Bury St. Edmund’s,NA,NA,By wicked means to frame our sovereign’s fall.
1501,"King Henry VI, the second part","King Henry VI, the second part",NA,NA,William Shakespeare,contents,directions,ACT III,SCENE I. The Abbey at Bury St. Edmund’s,NA,NA,"Smooth runs the water where the brook is deep,"
1501,"King Henry VI, the second part","King Henry VI, the second part",NA,NA,William Shakespeare,contents,directions,ACT III,SCENE I. The Abbey at Bury St. Edmund’s,NA,NA,And in his simple show he harbours treason.
1501,"King Henry VI, the second part","King Henry VI, the second part",NA,NA,William Shakespeare,contents,directions,ACT III,SCENE I. The Abbey at Bury St. Edmund’s,NA,NA,The fox barks not when he would steal the lamb.
1501,"King Henry VI, the second part","King Henry VI, the second part",NA,NA,William Shakespeare,contents,directions,ACT III,SCENE I. The Abbey at Bury St. Edmund’s,NA,NA,"No, no, my sovereign, Gloucester is a man"
1501,"King Henry VI, the second part","King Henry VI, the second part",NA,NA,William Shakespeare,contents,directions,ACT III,SCENE I. The Abbey at Bury St. Edmund’s,NA,NA,Unsounded yet and full of deep deceit.
1501,"King Henry VI, the second part","King Henry VI, the second part",NA,NA,William Shakespeare,contents,unknown,ACT III,SCENE I. The Abbey at Bury St. Edmund’s,NA,NA,CARDINAL.
1501,"King Henry VI, the second part","King Henry VI, the second part",NA,NA,William Shakespeare,contents,directions,ACT III,SCENE I. The Abbey at Bury St. Edmund’s,NA,NA,"Did he not, contrary to form of law,"
1501,"King Henry VI, the second part","King Henry VI, the second part",NA,NA,William Shakespeare,contents,directions,ACT III,SCENE I. The Abbey at Bury St. Edmund’s,NA,NA,Devise strange deaths for small offences done?
1501,"King Henry VI, the second part","King Henry VI, the second part",NA,NA,William Shakespeare,contents,unknown,ACT III,SCENE I. The Abbey at Bury St. Edmund’s,NA,NA,YORK.
1501,"King Henry VI, the second part","King Henry VI, the second part",NA,NA,William Shakespeare,contents,directions,ACT III,SCENE I. The Abbey at Bury St. Edmund’s,NA,NA,"And did he not, in his protectorship,"
1501,"King Henry VI, the second part","King Henry VI, the second part",NA,NA,William Shakespeare,contents,directions,ACT III,SCENE I. The Abbey at Bury St. Edmund’s,NA,NA,Levy great sums of money through the realm
1501,"King Henry VI, the second part","King Henry VI, the second part",NA,NA,William Shakespeare,contents,directions,ACT III,SCENE I. The Abbey at Bury St. Edmund’s,NA,NA,"For soldiers’ pay in France, and never sent it?"
1501,"King Henry VI, the second part","King Henry VI, the second part",NA,NA,William Shakespeare,contents,directions,ACT III,SCENE I. The Abbey at Bury St. Edmund’s,NA,NA,By means whereof the towns each day revolted.
1501,"King Henry VI, the second part","King Henry VI, the second part",NA,NA,William Shakespeare,contents,unknown,ACT III,SCENE I. The Abbey at Bury St. Edmund’s,NA,NA,BUCKINGHAM.
1501,"King Henry VI, the second part","King Henry VI, the second part",NA,NA,William Shakespeare,contents,directions,ACT III,SCENE I. The Abbey at Bury St. Edmund’s,NA,NA,"Tut, these are petty faults to faults unknown,"
1501,"King Henry VI, the second part","King Henry VI, the second part",NA,NA,William Shakespeare,contents,directions,ACT III,SCENE I. The Abbey at Bury St. Edmund’s,NA,NA,Which time will bring to light in smooth Duke Humphrey.
1501,"King Henry VI, the second part","King Henry VI, the second part",NA,NA,William Shakespeare,contents,unknown,ACT III,SCENE I. The Abbey at Bury St. Edmund’s,NA,NA,KING HENRY.
1501,"King Henry VI, the second part","King Henry VI, the second part",NA,NA,William Shakespeare,contents,directions,ACT III,SCENE I. The Abbey at Bury St. Edmund’s,NA,NA,"My lords, at once: the care you have of us"
1501,"King Henry VI, the second part","King Henry VI, the second part",NA,NA,William Shakespeare,contents,directions,ACT III,SCENE I. The Abbey at Bury St. Edmund’s,NA,NA,To mow down thorns that would annoy our foot
1501,"King Henry VI, the second part","King Henry VI, the second part",NA,NA,William Shakespeare,contents,directions,ACT III,SCENE I. The Abbey at Bury St. Edmund’s,NA,NA,"Is worthy praise; but, shall I speak my conscience,"
1501,"King Henry VI, the second part","King Henry VI, the second part",NA,NA,William Shakespeare,contents,directions,ACT III,SCENE I. The Abbey at Bury St. Edmund’s,NA,NA,Our kinsman Gloucester is as innocent
1501,"King Henry VI, the second part","King Henry VI, the second part",NA,NA,William Shakespeare,contents,directions,ACT III,SCENE I. The Abbey at Bury St. Edmund’s,NA,NA,From meaning treason to our royal person
1501,"King Henry VI, the second part","King Henry VI, the second part",NA,NA,William Shakespeare,contents,directions,ACT III,SCENE I. The Abbey at Bury St. Edmund’s,NA,NA,As is the sucking lamb or harmless dove.
1501,"King Henry VI, the second part","King Henry VI, the second part",NA,NA,William Shakespeare,contents,directions,ACT III,SCENE I. The Abbey at Bury St. Edmund’s,NA,NA,"The Duke is virtuous, mild, and too well given"
1501,"King Henry VI, the second part","King Henry VI, the second part",NA,NA,William Shakespeare,contents,directions,ACT III,SCENE I. The Abbey at Bury St. Edmund’s,NA,NA,To dream on evil or to work my downfall.
1501,"King Henry VI, the second part","King Henry VI, the second part",NA,NA,William Shakespeare,contents,unknown,ACT III,SCENE I. The Abbey at Bury St. Edmund’s,NA,NA,QUEEN MARGARET.
1501,"King Henry VI, the second part","King Henry VI, the second part",NA,NA,William Shakespeare,contents,directions,ACT III,SCENE I. The Abbey at Bury St. Edmund’s,NA,NA,"Ah, what’s more dangerous than this fond affiance?"
1501,"King Henry VI, the second part","King Henry VI, the second part",NA,NA,William Shakespeare,contents,directions,ACT III,SCENE I. The Abbey at Bury St. Edmund’s,NA,NA,"Seems he a dove? His feathers are but borrowed,"
1501,"King Henry VI, the second part","King Henry VI, the second part",NA,NA,William Shakespeare,contents,directions,ACT III,SCENE I. The Abbey at Bury St. Edmund’s,NA,NA,For he’s disposed as the hateful raven.
1501,"King Henry VI, the second part","King Henry VI, the second part",NA,NA,William Shakespeare,contents,directions,ACT III,SCENE I. The Abbey at Bury St. Edmund’s,NA,NA,"Is he a lamb? His skin is surely lent him,"
1501,"King Henry VI, the second part","King Henry VI, the second part",NA,NA,William Shakespeare,contents,directions,ACT III,SCENE I. The Abbey at Bury St. Edmund’s,NA,NA,For he’s inclined as is the ravenous wolves.
1501,"King Henry VI, the second part","King Henry VI, the second part",NA,NA,William Shakespeare,contents,directions,ACT III,SCENE I. The Abbey at Bury St. Edmund’s,NA,NA,Who cannot steal a shape that means deceit?
1501,"King Henry VI, the second part","King Henry VI, the second part",NA,NA,William Shakespeare,contents,directions,ACT III,SCENE I. The Abbey at Bury St. Edmund’s,NA,NA,"Take heed, my lord; the welfare of us all"
1501,"King Henry VI, the second part","King Henry VI, the second part",NA,NA,William Shakespeare,contents,directions,ACT III,SCENE I. The Abbey at Bury St. Edmund’s,NA,NA,Hangs on the cutting short that fraudful man.
1501,"King Henry VI, the second part","King Henry VI, the second part",NA,NA,William Shakespeare,contents,directions,ACT III,SCENE I. The Abbey at Bury St. Edmund’s,NA,NA,Enter Somerset.
1501,"King Henry VI, the second part","King Henry VI, the second part",NA,NA,William Shakespeare,contents,unknown,ACT III,SCENE I. The Abbey at Bury St. Edmund’s,NA,NA,SOMERSET.
1501,"King Henry VI, the second part","King Henry VI, the second part",NA,NA,William Shakespeare,contents,directions,ACT III,SCENE I. The Abbey at Bury St. Edmund’s,NA,NA,All health unto my gracious sovereign!
1501,"King Henry VI, the second part","King Henry VI, the second part",NA,NA,William Shakespeare,contents,unknown,ACT III,SCENE I. The Abbey at Bury St. Edmund’s,NA,NA,KING HENRY.
1501,"King Henry VI, the second part","King Henry VI, the second part",NA,NA,William Shakespeare,contents,directions,ACT III,SCENE I. The Abbey at Bury St. Edmund’s,NA,NA,"Welcome, Lord Somerset. What news from France?"
1501,"King Henry VI, the second part","King Henry VI, the second part",NA,NA,William Shakespeare,contents,unknown,ACT III,SCENE I. The Abbey at Bury St. Edmund’s,NA,NA,SOMERSET.
1501,"King Henry VI, the second part","King Henry VI, the second part",NA,NA,William Shakespeare,contents,directions,ACT III,SCENE I. The Abbey at Bury St. Edmund’s,NA,NA,That all your interest in those territories
1501,"King Henry VI, the second part","King Henry VI, the second part",NA,NA,William Shakespeare,contents,directions,ACT III,SCENE I. The Abbey at Bury St. Edmund’s,NA,NA,Is utterly bereft you; all is lost.
1501,"King Henry VI, the second part","King Henry VI, the second part",NA,NA,William Shakespeare,contents,unknown,ACT III,SCENE I. The Abbey at Bury St. Edmund’s,NA,NA,KING HENRY.
1501,"King Henry VI, the second part","King Henry VI, the second part",NA,NA,William Shakespeare,contents,directions,ACT III,SCENE I. The Abbey at Bury St. Edmund’s,NA,NA,"Cold news, Lord Somerset; but God’s will be done."
1501,"King Henry VI, the second part","King Henry VI, the second part",NA,NA,William Shakespeare,contents,unknown,ACT III,SCENE I. The Abbey at Bury St. Edmund’s,NA,NA,YORK.
1501,"King Henry VI, the second part","King Henry VI, the second part",NA,NA,William Shakespeare,contents,directions,ACT III,SCENE I. The Abbey at Bury St. Edmund’s,NA,NA,"[Aside.] Cold news for me, for I had hope of France"
1501,"King Henry VI, the second part","King Henry VI, the second part",NA,NA,William Shakespeare,contents,directions,ACT III,SCENE I. The Abbey at Bury St. Edmund’s,NA,NA,As firmly as I hope for fertile England.
1501,"King Henry VI, the second part","King Henry VI, the second part",NA,NA,William Shakespeare,contents,directions,ACT III,SCENE I. The Abbey at Bury St. Edmund’s,NA,NA,"Thus are my blossoms blasted in the bud,"
1501,"King Henry VI, the second part","King Henry VI, the second part",NA,NA,William Shakespeare,contents,directions,ACT III,SCENE I. The Abbey at Bury St. Edmund’s,NA,NA,And caterpillars eat my leaves away;
1501,"King Henry VI, the second part","King Henry VI, the second part",NA,NA,William Shakespeare,contents,directions,ACT III,SCENE I. The Abbey at Bury St. Edmund’s,NA,NA,"But I will remedy this gear ere long,"
1501,"King Henry VI, the second part","King Henry VI, the second part",NA,NA,William Shakespeare,contents,directions,ACT III,SCENE I. The Abbey at Bury St. Edmund’s,NA,NA,Or sell my title for a glorious grave.
1501,"King Henry VI, the second part","King Henry VI, the second part",NA,NA,William Shakespeare,contents,directions,ACT III,SCENE I. The Abbey at Bury St. Edmund’s,NA,NA,Enter Gloucester.
1501,"King Henry VI, the second part","King Henry VI, the second part",NA,NA,William Shakespeare,contents,unknown,ACT III,SCENE I. The Abbey at Bury St. Edmund’s,NA,NA,GLOUCESTER.
1501,"King Henry VI, the second part","King Henry VI, the second part",NA,NA,William Shakespeare,contents,directions,ACT III,SCENE I. The Abbey at Bury St. Edmund’s,NA,NA,All happiness unto my lord the King!
1501,"King Henry VI, the second part","King Henry VI, the second part",NA,NA,William Shakespeare,contents,directions,ACT III,SCENE I. The Abbey at Bury St. Edmund’s,NA,NA,"Pardon, my liege, that I have staid so long."
1501,"King Henry VI, the second part","King Henry VI, the second part",NA,NA,William Shakespeare,contents,unknown,ACT III,SCENE I. The Abbey at Bury St. Edmund’s,NA,NA,SUFFOLK.
1501,"King Henry VI, the second part","King Henry VI, the second part",NA,NA,William Shakespeare,contents,directions,ACT III,SCENE I. The Abbey at Bury St. Edmund’s,NA,NA,"Nay, Gloucester, know that thou art come too soon,"
1501,"King Henry VI, the second part","King Henry VI, the second part",NA,NA,William Shakespeare,contents,directions,ACT III,SCENE I. The Abbey at Bury St. Edmund’s,NA,NA,Unless thou wert more loyal than thou art.
1501,"King Henry VI, the second part","King Henry VI, the second part",NA,NA,William Shakespeare,contents,directions,ACT III,SCENE I. The Abbey at Bury St. Edmund’s,NA,NA,I do arrest thee of high treason here.
1501,"King Henry VI, the second part","King Henry VI, the second part",NA,NA,William Shakespeare,contents,unknown,ACT III,SCENE I. The Abbey at Bury St. Edmund’s,NA,NA,GLOUCESTER.
1501,"King Henry VI, the second part","King Henry VI, the second part",NA,NA,William Shakespeare,contents,directions,ACT III,SCENE I. The Abbey at Bury St. Edmund’s,NA,NA,"Well, Suffolk, thou shalt not see me blush,"
1501,"King Henry VI, the second part","King Henry VI, the second part",NA,NA,William Shakespeare,contents,directions,ACT III,SCENE I. The Abbey at Bury St. Edmund’s,NA,NA,Nor change my countenance for this arrest.
1501,"King Henry VI, the second part","King Henry VI, the second part",NA,NA,William Shakespeare,contents,directions,ACT III,SCENE I. The Abbey at Bury St. Edmund’s,NA,NA,A heart unspotted is not easily daunted.
1501,"King Henry VI, the second part","King Henry VI, the second part",NA,NA,William Shakespeare,contents,directions,ACT III,SCENE I. The Abbey at Bury St. Edmund’s,NA,NA,The purest spring is not so free from mud
1501,"King Henry VI, the second part","King Henry VI, the second part",NA,NA,William Shakespeare,contents,directions,ACT III,SCENE I. The Abbey at Bury St. Edmund’s,NA,NA,As I am clear from treason to my sovereign.
1501,"King Henry VI, the second part","King Henry VI, the second part",NA,NA,William Shakespeare,contents,directions,ACT III,SCENE I. The Abbey at Bury St. Edmund’s,NA,NA,Who can accuse me? Wherein am I guilty?
1501,"King Henry VI, the second part","King Henry VI, the second part",NA,NA,William Shakespeare,contents,unknown,ACT III,SCENE I. The Abbey at Bury St. Edmund’s,NA,NA,YORK.
1501,"King Henry VI, the second part","King Henry VI, the second part",NA,NA,William Shakespeare,contents,directions,ACT III,SCENE I. The Abbey at Bury St. Edmund’s,NA,NA,"’Tis thought, my lord, that you took bribes of France,"
1501,"King Henry VI, the second part","King Henry VI, the second part",NA,NA,William Shakespeare,contents,directions,ACT III,SCENE I. The Abbey at Bury St. Edmund’s,NA,NA,"And, being Protector, stayed the soldiers’ pay,"
1501,"King Henry VI, the second part","King Henry VI, the second part",NA,NA,William Shakespeare,contents,directions,ACT III,SCENE I. The Abbey at Bury St. Edmund’s,NA,NA,By means whereof his highness hath lost France.
1501,"King Henry VI, the second part","King Henry VI, the second part",NA,NA,William Shakespeare,contents,unknown,ACT III,SCENE I. The Abbey at Bury St. Edmund’s,NA,NA,GLOUCESTER.
1501,"King Henry VI, the second part","King Henry VI, the second part",NA,NA,William Shakespeare,contents,directions,ACT III,SCENE I. The Abbey at Bury St. Edmund’s,NA,NA,Is it but thought so? What are they that think it?
1501,"King Henry VI, the second part","King Henry VI, the second part",NA,NA,William Shakespeare,contents,directions,ACT III,SCENE I. The Abbey at Bury St. Edmund’s,NA,NA,"I never robbed the soldiers of their pay,"
1501,"King Henry VI, the second part","King Henry VI, the second part",NA,NA,William Shakespeare,contents,directions,ACT III,SCENE I. The Abbey at Bury St. Edmund’s,NA,NA,Nor ever had one penny bribe from France.
1501,"King Henry VI, the second part","King Henry VI, the second part",NA,NA,William Shakespeare,contents,directions,ACT III,SCENE I. The Abbey at Bury St. Edmund’s,NA,NA,"So help me God, as I have watched the night,"
1501,"King Henry VI, the second part","King Henry VI, the second part",NA,NA,William Shakespeare,contents,directions,ACT III,SCENE I. The Abbey at Bury St. Edmund’s,NA,NA,"Ay, night by night, in studying good for England!"
1501,"King Henry VI, the second part","King Henry VI, the second part",NA,NA,William Shakespeare,contents,directions,ACT III,SCENE I. The Abbey at Bury St. Edmund’s,NA,NA,"That doit that e’er I wrested from the King,"
1501,"King Henry VI, the second part","King Henry VI, the second part",NA,NA,William Shakespeare,contents,directions,ACT III,SCENE I. The Abbey at Bury St. Edmund’s,NA,NA,"Or any groat I hoarded to my use,"
1501,"King Henry VI, the second part","King Henry VI, the second part",NA,NA,William Shakespeare,contents,directions,ACT III,SCENE I. The Abbey at Bury St. Edmund’s,NA,NA,Be brought against me at my trial day!
1501,"King Henry VI, the second part","King Henry VI, the second part",NA,NA,William Shakespeare,contents,directions,ACT III,SCENE I. The Abbey at Bury St. Edmund’s,NA,NA,"No, many a pound of mine own proper store,"
1501,"King Henry VI, the second part","King Henry VI, the second part",NA,NA,William Shakespeare,contents,directions,ACT III,SCENE I. The Abbey at Bury St. Edmund’s,NA,NA,"Because I would not tax the needy commons,"
1501,"King Henry VI, the second part","King Henry VI, the second part",NA,NA,William Shakespeare,contents,directions,ACT III,SCENE I. The Abbey at Bury St. Edmund’s,NA,NA,Have I dispursed to the garrisons
1501,"King Henry VI, the second part","King Henry VI, the second part",NA,NA,William Shakespeare,contents,directions,ACT III,SCENE I. The Abbey at Bury St. Edmund’s,NA,NA,And never asked for restitution.
1501,"King Henry VI, the second part","King Henry VI, the second part",NA,NA,William Shakespeare,contents,unknown,ACT III,SCENE I. The Abbey at Bury St. Edmund’s,NA,NA,CARDINAL.
1501,"King Henry VI, the second part","King Henry VI, the second part",NA,NA,William Shakespeare,contents,directions,ACT III,SCENE I. The Abbey at Bury St. Edmund’s,NA,NA,"It serves you well, my lord, to say so much."
1501,"King Henry VI, the second part","King Henry VI, the second part",NA,NA,William Shakespeare,contents,unknown,ACT III,SCENE I. The Abbey at Bury St. Edmund’s,NA,NA,GLOUCESTER.
1501,"King Henry VI, the second part","King Henry VI, the second part",NA,NA,William Shakespeare,contents,directions,ACT III,SCENE I. The Abbey at Bury St. Edmund’s,NA,NA,"I say no more than truth, so help me God!"
1501,"King Henry VI, the second part","King Henry VI, the second part",NA,NA,William Shakespeare,contents,unknown,ACT III,SCENE I. The Abbey at Bury St. Edmund’s,NA,NA,YORK.
1501,"King Henry VI, the second part","King Henry VI, the second part",NA,NA,William Shakespeare,contents,directions,ACT III,SCENE I. The Abbey at Bury St. Edmund’s,NA,NA,In your protectorship you did devise
1501,"King Henry VI, the second part","King Henry VI, the second part",NA,NA,William Shakespeare,contents,directions,ACT III,SCENE I. The Abbey at Bury St. Edmund’s,NA,NA,"Strange tortures for offenders never heard of,"
1501,"King Henry VI, the second part","King Henry VI, the second part",NA,NA,William Shakespeare,contents,directions,ACT III,SCENE I. The Abbey at Bury St. Edmund’s,NA,NA,That England was defamed by tyranny.
1501,"King Henry VI, the second part","King Henry VI, the second part",NA,NA,William Shakespeare,contents,unknown,ACT III,SCENE I. The Abbey at Bury St. Edmund’s,NA,NA,GLOUCESTER.
1501,"King Henry VI, the second part","King Henry VI, the second part",NA,NA,William Shakespeare,contents,directions,ACT III,SCENE I. The Abbey at Bury St. Edmund’s,NA,NA,"Why, ’tis well known that, whiles I was Protector,"
1501,"King Henry VI, the second part","King Henry VI, the second part",NA,NA,William Shakespeare,contents,directions,ACT III,SCENE I. The Abbey at Bury St. Edmund’s,NA,NA,Pity was all the fault that was in me;
1501,"King Henry VI, the second part","King Henry VI, the second part",NA,NA,William Shakespeare,contents,directions,ACT III,SCENE I. The Abbey at Bury St. Edmund’s,NA,NA,"For I should melt at an offender’s tears,"
1501,"King Henry VI, the second part","King Henry VI, the second part",NA,NA,William Shakespeare,contents,directions,ACT III,SCENE I. The Abbey at Bury St. Edmund’s,NA,NA,And lowly words were ransom for their fault.
1501,"King Henry VI, the second part","King Henry VI, the second part",NA,NA,William Shakespeare,contents,directions,ACT III,SCENE I. The Abbey at Bury St. Edmund’s,NA,NA,"Unless it were a bloody murderer,"
1501,"King Henry VI, the second part","King Henry VI, the second part",NA,NA,William Shakespeare,contents,directions,ACT III,SCENE I. The Abbey at Bury St. Edmund’s,NA,NA,"Or foul felonious thief that fleeced poor passengers,"
1501,"King Henry VI, the second part","King Henry VI, the second part",NA,NA,William Shakespeare,contents,directions,ACT III,SCENE I. The Abbey at Bury St. Edmund’s,NA,NA,I never gave them condign punishment.
1501,"King Henry VI, the second part","King Henry VI, the second part",NA,NA,William Shakespeare,contents,directions,ACT III,SCENE I. The Abbey at Bury St. Edmund’s,NA,NA,"Murder indeed, that bloody sin, I tortured"
1501,"King Henry VI, the second part","King Henry VI, the second part",NA,NA,William Shakespeare,contents,directions,ACT III,SCENE I. The Abbey at Bury St. Edmund’s,NA,NA,Above the felon or what trespass else.
1501,"King Henry VI, the second part","King Henry VI, the second part",NA,NA,William Shakespeare,contents,unknown,ACT III,SCENE I. The Abbey at Bury St. Edmund’s,NA,NA,SUFFOLK.
1501,"King Henry VI, the second part","King Henry VI, the second part",NA,NA,William Shakespeare,contents,directions,ACT III,SCENE I. The Abbey at Bury St. Edmund’s,NA,NA,"My lord, these faults are easy, quickly answered;"
1501,"King Henry VI, the second part","King Henry VI, the second part",NA,NA,William Shakespeare,contents,directions,ACT III,SCENE I. The Abbey at Bury St. Edmund’s,NA,NA,But mightier crimes are laid unto your charge
1501,"King Henry VI, the second part","King Henry VI, the second part",NA,NA,William Shakespeare,contents,directions,ACT III,SCENE I. The Abbey at Bury St. Edmund’s,NA,NA,Whereof you cannot easily purge yourself.
1501,"King Henry VI, the second part","King Henry VI, the second part",NA,NA,William Shakespeare,contents,directions,ACT III,SCENE I. The Abbey at Bury St. Edmund’s,NA,NA,"I do arrest you in his highness’ name,"
1501,"King Henry VI, the second part","King Henry VI, the second part",NA,NA,William Shakespeare,contents,directions,ACT III,SCENE I. The Abbey at Bury St. Edmund’s,NA,NA,And here commit you to my Lord Cardinal
1501,"King Henry VI, the second part","King Henry VI, the second part",NA,NA,William Shakespeare,contents,directions,ACT III,SCENE I. The Abbey at Bury St. Edmund’s,NA,NA,To keep until your further time of trial.
1501,"King Henry VI, the second part","King Henry VI, the second part",NA,NA,William Shakespeare,contents,unknown,ACT III,SCENE I. The Abbey at Bury St. Edmund’s,NA,NA,KING HENRY.
1501,"King Henry VI, the second part","King Henry VI, the second part",NA,NA,William Shakespeare,contents,directions,ACT III,SCENE I. The Abbey at Bury St. Edmund’s,NA,NA,"My Lord of Gloucester, ’tis my special hope"
1501,"King Henry VI, the second part","King Henry VI, the second part",NA,NA,William Shakespeare,contents,directions,ACT III,SCENE I. The Abbey at Bury St. Edmund’s,NA,NA,That you will clear yourself from all suspense.
1501,"King Henry VI, the second part","King Henry VI, the second part",NA,NA,William Shakespeare,contents,directions,ACT III,SCENE I. The Abbey at Bury St. Edmund’s,NA,NA,My conscience tells me you are innocent.
1501,"King Henry VI, the second part","King Henry VI, the second part",NA,NA,William Shakespeare,contents,unknown,ACT III,SCENE I. The Abbey at Bury St. Edmund’s,NA,NA,GLOUCESTER.
1501,"King Henry VI, the second part","King Henry VI, the second part",NA,NA,William Shakespeare,contents,directions,ACT III,SCENE I. The Abbey at Bury St. Edmund’s,NA,NA,"Ah, gracious lord, these days are dangerous."
1501,"King Henry VI, the second part","King Henry VI, the second part",NA,NA,William Shakespeare,contents,directions,ACT III,SCENE I. The Abbey at Bury St. Edmund’s,NA,NA,"Virtue is choked with foul ambition,"
1501,"King Henry VI, the second part","King Henry VI, the second part",NA,NA,William Shakespeare,contents,directions,ACT III,SCENE I. The Abbey at Bury St. Edmund’s,NA,NA,And charity chased hence by rancour’s hand;
1501,"King Henry VI, the second part","King Henry VI, the second part",NA,NA,William Shakespeare,contents,directions,ACT III,SCENE I. The Abbey at Bury St. Edmund’s,NA,NA,"Foul subornation is predominant,"
1501,"King Henry VI, the second part","King Henry VI, the second part",NA,NA,William Shakespeare,contents,directions,ACT III,SCENE I. The Abbey at Bury St. Edmund’s,NA,NA,And equity exiled your highness’ land.
1501,"King Henry VI, the second part","King Henry VI, the second part",NA,NA,William Shakespeare,contents,directions,ACT III,SCENE I. The Abbey at Bury St. Edmund’s,NA,NA,I know their complot is to have my life;
1501,"King Henry VI, the second part","King Henry VI, the second part",NA,NA,William Shakespeare,contents,directions,ACT III,SCENE I. The Abbey at Bury St. Edmund’s,NA,NA,And if my death might make this island happy
1501,"King Henry VI, the second part","King Henry VI, the second part",NA,NA,William Shakespeare,contents,directions,ACT III,SCENE I. The Abbey at Bury St. Edmund’s,NA,NA,"And prove the period of their tyranny,"
1501,"King Henry VI, the second part","King Henry VI, the second part",NA,NA,William Shakespeare,contents,directions,ACT III,SCENE I. The Abbey at Bury St. Edmund’s,NA,NA,I would expend it with all willingness.
1501,"King Henry VI, the second part","King Henry VI, the second part",NA,NA,William Shakespeare,contents,directions,ACT III,SCENE I. The Abbey at Bury St. Edmund’s,NA,NA,But mine is made the prologue to their play;
1501,"King Henry VI, the second part","King Henry VI, the second part",NA,NA,William Shakespeare,contents,directions,ACT III,SCENE I. The Abbey at Bury St. Edmund’s,NA,NA,"For thousands more, that yet suspect no peril,"
1501,"King Henry VI, the second part","King Henry VI, the second part",NA,NA,William Shakespeare,contents,directions,ACT III,SCENE I. The Abbey at Bury St. Edmund’s,NA,NA,Will not conclude their plotted tragedy.
1501,"King Henry VI, the second part","King Henry VI, the second part",NA,NA,William Shakespeare,contents,directions,ACT III,SCENE I. The Abbey at Bury St. Edmund’s,NA,NA,"Beaufort’s red sparkling eyes blab his heart’s malice,"
1501,"King Henry VI, the second part","King Henry VI, the second part",NA,NA,William Shakespeare,contents,directions,ACT III,SCENE I. The Abbey at Bury St. Edmund’s,NA,NA,And Suffolk’s cloudy brow his stormy hate;
1501,"King Henry VI, the second part","King Henry VI, the second part",NA,NA,William Shakespeare,contents,directions,ACT III,SCENE I. The Abbey at Bury St. Edmund’s,NA,NA,Sharp Buckingham unburdens with his tongue
1501,"King Henry VI, the second part","King Henry VI, the second part",NA,NA,William Shakespeare,contents,directions,ACT III,SCENE I. The Abbey at Bury St. Edmund’s,NA,NA,The envious load that lies upon his heart;
1501,"King Henry VI, the second part","King Henry VI, the second part",NA,NA,William Shakespeare,contents,directions,ACT III,SCENE I. The Abbey at Bury St. Edmund’s,NA,NA,"And dogged York, that reaches at the moon,"
1501,"King Henry VI, the second part","King Henry VI, the second part",NA,NA,William Shakespeare,contents,directions,ACT III,SCENE I. The Abbey at Bury St. Edmund’s,NA,NA,"Whose overweening arm I have plucked back,"
1501,"King Henry VI, the second part","King Henry VI, the second part",NA,NA,William Shakespeare,contents,directions,ACT III,SCENE I. The Abbey at Bury St. Edmund’s,NA,NA,By false accuse doth level at my life.
1501,"King Henry VI, the second part","King Henry VI, the second part",NA,NA,William Shakespeare,contents,directions,ACT III,SCENE I. The Abbey at Bury St. Edmund’s,NA,NA,"And you, my sovereign lady, with the rest,"
1501,"King Henry VI, the second part","King Henry VI, the second part",NA,NA,William Shakespeare,contents,directions,ACT III,SCENE I. The Abbey at Bury St. Edmund’s,NA,NA,Causeless have laid disgraces on my head
1501,"King Henry VI, the second part","King Henry VI, the second part",NA,NA,William Shakespeare,contents,directions,ACT III,SCENE I. The Abbey at Bury St. Edmund’s,NA,NA,And with your best endeavour have stirred up
1501,"King Henry VI, the second part","King Henry VI, the second part",NA,NA,William Shakespeare,contents,directions,ACT III,SCENE I. The Abbey at Bury St. Edmund’s,NA,NA,My liefest liege to be mine enemy.
1501,"King Henry VI, the second part","King Henry VI, the second part",NA,NA,William Shakespeare,contents,directions,ACT III,SCENE I. The Abbey at Bury St. Edmund’s,NA,NA,"Ay, all of you have laid your heads together—"
1501,"King Henry VI, the second part","King Henry VI, the second part",NA,NA,William Shakespeare,contents,directions,ACT III,SCENE I. The Abbey at Bury St. Edmund’s,NA,NA,Myself had notice of your conventicles—
1501,"King Henry VI, the second part","King Henry VI, the second part",NA,NA,William Shakespeare,contents,directions,ACT III,SCENE I. The Abbey at Bury St. Edmund’s,NA,NA,And all to make away my guiltless life.
1501,"King Henry VI, the second part","King Henry VI, the second part",NA,NA,William Shakespeare,contents,directions,ACT III,SCENE I. The Abbey at Bury St. Edmund’s,NA,NA,"I shall not want false witness to condemn me,"
1501,"King Henry VI, the second part","King Henry VI, the second part",NA,NA,William Shakespeare,contents,directions,ACT III,SCENE I. The Abbey at Bury St. Edmund’s,NA,NA,Nor store of treasons to augment my guilt.
1501,"King Henry VI, the second part","King Henry VI, the second part",NA,NA,William Shakespeare,contents,directions,ACT III,SCENE I. The Abbey at Bury St. Edmund’s,NA,NA,The ancient proverb will be well effected:
1501,"King Henry VI, the second part","King Henry VI, the second part",NA,NA,William Shakespeare,contents,directions,ACT III,SCENE I. The Abbey at Bury St. Edmund’s,NA,NA,“A staff is quickly found to beat a dog.”
1501,"King Henry VI, the second part","King Henry VI, the second part",NA,NA,William Shakespeare,contents,unknown,ACT III,SCENE I. The Abbey at Bury St. Edmund’s,NA,NA,CARDINAL.
1501,"King Henry VI, the second part","King Henry VI, the second part",NA,NA,William Shakespeare,contents,directions,ACT III,SCENE I. The Abbey at Bury St. Edmund’s,NA,NA,"My liege, his railing is intolerable."
1501,"King Henry VI, the second part","King Henry VI, the second part",NA,NA,William Shakespeare,contents,directions,ACT III,SCENE I. The Abbey at Bury St. Edmund’s,NA,NA,If those that care to keep your royal person
1501,"King Henry VI, the second part","King Henry VI, the second part",NA,NA,William Shakespeare,contents,directions,ACT III,SCENE I. The Abbey at Bury St. Edmund’s,NA,NA,From treason’s secret knife and traitor’s rage
1501,"King Henry VI, the second part","King Henry VI, the second part",NA,NA,William Shakespeare,contents,directions,ACT III,SCENE I. The Abbey at Bury St. Edmund’s,NA,NA,"Be thus upbraided, chid, and rated at,"
1501,"King Henry VI, the second part","King Henry VI, the second part",NA,NA,William Shakespeare,contents,directions,ACT III,SCENE I. The Abbey at Bury St. Edmund’s,NA,NA,"And the offender granted scope of speech,"
1501,"King Henry VI, the second part","King Henry VI, the second part",NA,NA,William Shakespeare,contents,directions,ACT III,SCENE I. The Abbey at Bury St. Edmund’s,NA,NA,’Twill make them cool in zeal unto your grace.
1501,"King Henry VI, the second part","King Henry VI, the second part",NA,NA,William Shakespeare,contents,unknown,ACT III,SCENE I. The Abbey at Bury St. Edmund’s,NA,NA,SUFFOLK.
1501,"King Henry VI, the second part","King Henry VI, the second part",NA,NA,William Shakespeare,contents,directions,ACT III,SCENE I. The Abbey at Bury St. Edmund’s,NA,NA,Hath he not twit our sovereign lady here
1501,"King Henry VI, the second part","King Henry VI, the second part",NA,NA,William Shakespeare,contents,directions,ACT III,SCENE I. The Abbey at Bury St. Edmund’s,NA,NA,"With ignominious words, though clerkly couched,"
1501,"King Henry VI, the second part","King Henry VI, the second part",NA,NA,William Shakespeare,contents,directions,ACT III,SCENE I. The Abbey at Bury St. Edmund’s,NA,NA,As if she had suborned some to swear
1501,"King Henry VI, the second part","King Henry VI, the second part",NA,NA,William Shakespeare,contents,directions,ACT III,SCENE I. The Abbey at Bury St. Edmund’s,NA,NA,False allegations to o’erthrow his state?
1501,"King Henry VI, the second part","King Henry VI, the second part",NA,NA,William Shakespeare,contents,unknown,ACT III,SCENE I. The Abbey at Bury St. Edmund’s,NA,NA,QUEEN MARGARET.
1501,"King Henry VI, the second part","King Henry VI, the second part",NA,NA,William Shakespeare,contents,directions,ACT III,SCENE I. The Abbey at Bury St. Edmund’s,NA,NA,But I can give the loser leave to chide.
1501,"King Henry VI, the second part","King Henry VI, the second part",NA,NA,William Shakespeare,contents,unknown,ACT III,SCENE I. The Abbey at Bury St. Edmund’s,NA,NA,GLOUCESTER.
1501,"King Henry VI, the second part","King Henry VI, the second part",NA,NA,William Shakespeare,contents,directions,ACT III,SCENE I. The Abbey at Bury St. Edmund’s,NA,NA,"Far truer spoke than meant. I lose, indeed."
1501,"King Henry VI, the second part","King Henry VI, the second part",NA,NA,William Shakespeare,contents,directions,ACT III,SCENE I. The Abbey at Bury St. Edmund’s,NA,NA,"Beshrew the winners, for they played me false!"
1501,"King Henry VI, the second part","King Henry VI, the second part",NA,NA,William Shakespeare,contents,directions,ACT III,SCENE I. The Abbey at Bury St. Edmund’s,NA,NA,And well such losers may have leave to speak.
1501,"King Henry VI, the second part","King Henry VI, the second part",NA,NA,William Shakespeare,contents,unknown,ACT III,SCENE I. The Abbey at Bury St. Edmund’s,NA,NA,BUCKINGHAM.
1501,"King Henry VI, the second part","King Henry VI, the second part",NA,NA,William Shakespeare,contents,directions,ACT III,SCENE I. The Abbey at Bury St. Edmund’s,NA,NA,He’ll wrest the sense and hold us here all day.
1501,"King Henry VI, the second part","King Henry VI, the second part",NA,NA,William Shakespeare,contents,directions,ACT III,SCENE I. The Abbey at Bury St. Edmund’s,NA,NA,"Lord Cardinal, he is your prisoner."
1501,"King Henry VI, the second part","King Henry VI, the second part",NA,NA,William Shakespeare,contents,unknown,ACT III,SCENE I. The Abbey at Bury St. Edmund’s,NA,NA,CARDINAL.
1501,"King Henry VI, the second part","King Henry VI, the second part",NA,NA,William Shakespeare,contents,directions,ACT III,SCENE I. The Abbey at Bury St. Edmund’s,NA,NA,"Sirs, take away the Duke, and guard him sure."
1501,"King Henry VI, the second part","King Henry VI, the second part",NA,NA,William Shakespeare,contents,unknown,ACT III,SCENE I. The Abbey at Bury St. Edmund’s,NA,NA,GLOUCESTER.
1501,"King Henry VI, the second part","King Henry VI, the second part",NA,NA,William Shakespeare,contents,directions,ACT III,SCENE I. The Abbey at Bury St. Edmund’s,NA,NA,"Ah, thus King Henry throws away his crutch"
1501,"King Henry VI, the second part","King Henry VI, the second part",NA,NA,William Shakespeare,contents,directions,ACT III,SCENE I. The Abbey at Bury St. Edmund’s,NA,NA,Before his legs be firm to bear his body.
1501,"King Henry VI, the second part","King Henry VI, the second part",NA,NA,William Shakespeare,contents,directions,ACT III,SCENE I. The Abbey at Bury St. Edmund’s,NA,NA,"Thus is the shepherd beaten from thy side,"
1501,"King Henry VI, the second part","King Henry VI, the second part",NA,NA,William Shakespeare,contents,directions,ACT III,SCENE I. The Abbey at Bury St. Edmund’s,NA,NA,And wolves are gnarling who shall gnaw thee first.
1501,"King Henry VI, the second part","King Henry VI, the second part",NA,NA,William Shakespeare,contents,directions,ACT III,SCENE I. The Abbey at Bury St. Edmund’s,NA,NA,"Ah, that my fear were false; ah, that it were!"
1501,"King Henry VI, the second part","King Henry VI, the second part",NA,NA,William Shakespeare,contents,directions,ACT III,SCENE I. The Abbey at Bury St. Edmund’s,NA,NA,"For, good King Henry, thy decay I fear."
1501,"King Henry VI, the second part","King Henry VI, the second part",NA,NA,William Shakespeare,contents,directions,ACT III,SCENE I. The Abbey at Bury St. Edmund’s,NA,NA,"[Exit Gloucester, guarded.]"
1501,"King Henry VI, the second part","King Henry VI, the second part",NA,NA,William Shakespeare,contents,unknown,ACT III,SCENE I. The Abbey at Bury St. Edmund’s,NA,NA,KING HENRY.
1501,"King Henry VI, the second part","King Henry VI, the second part",NA,NA,William Shakespeare,contents,directions,ACT III,SCENE I. The Abbey at Bury St. Edmund’s,NA,NA,"My lords, what to your wisdoms seemeth best"
1501,"King Henry VI, the second part","King Henry VI, the second part",NA,NA,William Shakespeare,contents,directions,ACT III,SCENE I. The Abbey at Bury St. Edmund’s,NA,NA,"Do, or undo, as if ourself were here."
1501,"King Henry VI, the second part","King Henry VI, the second part",NA,NA,William Shakespeare,contents,unknown,ACT III,SCENE I. The Abbey at Bury St. Edmund’s,NA,NA,QUEEN MARGARET.
1501,"King Henry VI, the second part","King Henry VI, the second part",NA,NA,William Shakespeare,contents,directions,ACT III,SCENE I. The Abbey at Bury St. Edmund’s,NA,NA,"What, will your highness leave the parliament?"
1501,"King Henry VI, the second part","King Henry VI, the second part",NA,NA,William Shakespeare,contents,unknown,ACT III,SCENE I. The Abbey at Bury St. Edmund’s,NA,NA,KING HENRY.
1501,"King Henry VI, the second part","King Henry VI, the second part",NA,NA,William Shakespeare,contents,directions,ACT III,SCENE I. The Abbey at Bury St. Edmund’s,NA,NA,"Ay, Margaret; my heart is drowned with grief,"
1501,"King Henry VI, the second part","King Henry VI, the second part",NA,NA,William Shakespeare,contents,directions,ACT III,SCENE I. The Abbey at Bury St. Edmund’s,NA,NA,"Whose flood begins to flow within mine eyes,"
1501,"King Henry VI, the second part","King Henry VI, the second part",NA,NA,William Shakespeare,contents,directions,ACT III,SCENE I. The Abbey at Bury St. Edmund’s,NA,NA,My body round engirt with misery;
1501,"King Henry VI, the second part","King Henry VI, the second part",NA,NA,William Shakespeare,contents,directions,ACT III,SCENE I. The Abbey at Bury St. Edmund’s,NA,NA,For what’s more miserable than discontent?
1501,"King Henry VI, the second part","King Henry VI, the second part",NA,NA,William Shakespeare,contents,directions,ACT III,SCENE I. The Abbey at Bury St. Edmund’s,NA,NA,"Ah, uncle Humphrey, in thy face I see"
1501,"King Henry VI, the second part","King Henry VI, the second part",NA,NA,William Shakespeare,contents,directions,ACT III,SCENE I. The Abbey at Bury St. Edmund’s,NA,NA,"The map of honour, truth, and loyalty;"
1501,"King Henry VI, the second part","King Henry VI, the second part",NA,NA,William Shakespeare,contents,directions,ACT III,SCENE I. The Abbey at Bury St. Edmund’s,NA,NA,"And yet, good Humphrey, is the hour to come"
1501,"King Henry VI, the second part","King Henry VI, the second part",NA,NA,William Shakespeare,contents,directions,ACT III,SCENE I. The Abbey at Bury St. Edmund’s,NA,NA,That e’er I proved thee false or feared thy faith.
1501,"King Henry VI, the second part","King Henry VI, the second part",NA,NA,William Shakespeare,contents,directions,ACT III,SCENE I. The Abbey at Bury St. Edmund’s,NA,NA,What louring star now envies thy estate
1501,"King Henry VI, the second part","King Henry VI, the second part",NA,NA,William Shakespeare,contents,directions,ACT III,SCENE I. The Abbey at Bury St. Edmund’s,NA,NA,That these great lords and Margaret our Queen
1501,"King Henry VI, the second part","King Henry VI, the second part",NA,NA,William Shakespeare,contents,directions,ACT III,SCENE I. The Abbey at Bury St. Edmund’s,NA,NA,Do seek subversion of thy harmless life?
1501,"King Henry VI, the second part","King Henry VI, the second part",NA,NA,William Shakespeare,contents,directions,ACT III,SCENE I. The Abbey at Bury St. Edmund’s,NA,NA,Thou never didst them wrong nor no man wrong.
1501,"King Henry VI, the second part","King Henry VI, the second part",NA,NA,William Shakespeare,contents,directions,ACT III,SCENE I. The Abbey at Bury St. Edmund’s,NA,NA,And as the butcher takes away the calf
1501,"King Henry VI, the second part","King Henry VI, the second part",NA,NA,William Shakespeare,contents,directions,ACT III,SCENE I. The Abbey at Bury St. Edmund’s,NA,NA,"And binds the wretch and beats it when it strains,"
1501,"King Henry VI, the second part","King Henry VI, the second part",NA,NA,William Shakespeare,contents,directions,ACT III,SCENE I. The Abbey at Bury St. Edmund’s,NA,NA,"Bearing it to the bloody slaughterhouse,"
1501,"King Henry VI, the second part","King Henry VI, the second part",NA,NA,William Shakespeare,contents,directions,ACT III,SCENE I. The Abbey at Bury St. Edmund’s,NA,NA,Even so remorseless have they borne him hence;
1501,"King Henry VI, the second part","King Henry VI, the second part",NA,NA,William Shakespeare,contents,directions,ACT III,SCENE I. The Abbey at Bury St. Edmund’s,NA,NA,"And as the dam runs lowing up and down,"
1501,"King Henry VI, the second part","King Henry VI, the second part",NA,NA,William Shakespeare,contents,directions,ACT III,SCENE I. The Abbey at Bury St. Edmund’s,NA,NA,"Looking the way her harmless young one went,"
1501,"King Henry VI, the second part","King Henry VI, the second part",NA,NA,William Shakespeare,contents,directions,ACT III,SCENE I. The Abbey at Bury St. Edmund’s,NA,NA,"And can do naught but wail her darling’s loss,"
1501,"King Henry VI, the second part","King Henry VI, the second part",NA,NA,William Shakespeare,contents,directions,ACT III,SCENE I. The Abbey at Bury St. Edmund’s,NA,NA,Even so myself bewails good Gloucester’s case
1501,"King Henry VI, the second part","King Henry VI, the second part",NA,NA,William Shakespeare,contents,directions,ACT III,SCENE I. The Abbey at Bury St. Edmund’s,NA,NA,"With sad unhelpful tears, and with dimmed eyes"
1501,"King Henry VI, the second part","King Henry VI, the second part",NA,NA,William Shakespeare,contents,directions,ACT III,SCENE I. The Abbey at Bury St. Edmund’s,NA,NA,"Look after him, and cannot do him good,"
1501,"King Henry VI, the second part","King Henry VI, the second part",NA,NA,William Shakespeare,contents,directions,ACT III,SCENE I. The Abbey at Bury St. Edmund’s,NA,NA,So mighty are his vowed enemies.
1501,"King Henry VI, the second part","King Henry VI, the second part",NA,NA,William Shakespeare,contents,directions,ACT III,SCENE I. The Abbey at Bury St. Edmund’s,NA,NA,His fortunes I will weep and ’twixt each groan
1501,"King Henry VI, the second part","King Henry VI, the second part",NA,NA,William Shakespeare,contents,directions,ACT III,SCENE I. The Abbey at Bury St. Edmund’s,NA,NA,Say “Who’s a traitor? Gloucester he is none.”
1501,"King Henry VI, the second part","King Henry VI, the second part",NA,NA,William Shakespeare,contents,directions,ACT III,SCENE I. The Abbey at Bury St. Edmund’s,NA,NA,"[Exeunt all but Queen, Cardinal Beaufort, Suffolk and York; Somerset"
1501,"King Henry VI, the second part","King Henry VI, the second part",NA,NA,William Shakespeare,contents,directions,ACT III,SCENE I. The Abbey at Bury St. Edmund’s,NA,NA,remains apart.]
1501,"King Henry VI, the second part","King Henry VI, the second part",NA,NA,William Shakespeare,contents,unknown,ACT III,SCENE I. The Abbey at Bury St. Edmund’s,NA,NA,QUEEN MARGARET.
1501,"King Henry VI, the second part","King Henry VI, the second part",NA,NA,William Shakespeare,contents,directions,ACT III,SCENE I. The Abbey at Bury St. Edmund’s,NA,NA,"Free lords, cold snow melts with the sun’s hot beams."
1501,"King Henry VI, the second part","King Henry VI, the second part",NA,NA,William Shakespeare,contents,directions,ACT III,SCENE I. The Abbey at Bury St. Edmund’s,NA,NA,"Henry my lord is cold in great affairs,"
1501,"King Henry VI, the second part","King Henry VI, the second part",NA,NA,William Shakespeare,contents,directions,ACT III,SCENE I. The Abbey at Bury St. Edmund’s,NA,NA,Too full of foolish pity; and Gloucester’s show
1501,"King Henry VI, the second part","King Henry VI, the second part",NA,NA,William Shakespeare,contents,directions,ACT III,SCENE I. The Abbey at Bury St. Edmund’s,NA,NA,"Beguiles him, as the mournful crocodile"
1501,"King Henry VI, the second part","King Henry VI, the second part",NA,NA,William Shakespeare,contents,directions,ACT III,SCENE I. The Abbey at Bury St. Edmund’s,NA,NA,"With sorrow snares relenting passengers,"
1501,"King Henry VI, the second part","King Henry VI, the second part",NA,NA,William Shakespeare,contents,directions,ACT III,SCENE I. The Abbey at Bury St. Edmund’s,NA,NA,"Or as the snake, rolled in a flowering bank,"
1501,"King Henry VI, the second part","King Henry VI, the second part",NA,NA,William Shakespeare,contents,directions,ACT III,SCENE I. The Abbey at Bury St. Edmund’s,NA,NA,"With shining checkered slough, doth sting a child"
1501,"King Henry VI, the second part","King Henry VI, the second part",NA,NA,William Shakespeare,contents,directions,ACT III,SCENE I. The Abbey at Bury St. Edmund’s,NA,NA,That for the beauty thinks it excellent.
1501,"King Henry VI, the second part","King Henry VI, the second part",NA,NA,William Shakespeare,contents,directions,ACT III,SCENE I. The Abbey at Bury St. Edmund’s,NA,NA,"Believe me, lords, were none more wise than I—"
1501,"King Henry VI, the second part","King Henry VI, the second part",NA,NA,William Shakespeare,contents,directions,ACT III,SCENE I. The Abbey at Bury St. Edmund’s,NA,NA,And yet herein I judge mine own wit good—
1501,"King Henry VI, the second part","King Henry VI, the second part",NA,NA,William Shakespeare,contents,directions,ACT III,SCENE I. The Abbey at Bury St. Edmund’s,NA,NA,"This Gloucester should be quickly rid the world,"
1501,"King Henry VI, the second part","King Henry VI, the second part",NA,NA,William Shakespeare,contents,directions,ACT III,SCENE I. The Abbey at Bury St. Edmund’s,NA,NA,To rid us from the fear we have of him.
1501,"King Henry VI, the second part","King Henry VI, the second part",NA,NA,William Shakespeare,contents,unknown,ACT III,SCENE I. The Abbey at Bury St. Edmund’s,NA,NA,CARDINAL.
1501,"King Henry VI, the second part","King Henry VI, the second part",NA,NA,William Shakespeare,contents,directions,ACT III,SCENE I. The Abbey at Bury St. Edmund’s,NA,NA,"That he should die is worthy policy,"
1501,"King Henry VI, the second part","King Henry VI, the second part",NA,NA,William Shakespeare,contents,directions,ACT III,SCENE I. The Abbey at Bury St. Edmund’s,NA,NA,But yet we want a colour for his death.
1501,"King Henry VI, the second part","King Henry VI, the second part",NA,NA,William Shakespeare,contents,directions,ACT III,SCENE I. The Abbey at Bury St. Edmund’s,NA,NA,’Tis meet he be condemned by course of law.
1501,"King Henry VI, the second part","King Henry VI, the second part",NA,NA,William Shakespeare,contents,unknown,ACT III,SCENE I. The Abbey at Bury St. Edmund’s,NA,NA,SUFFOLK.
1501,"King Henry VI, the second part","King Henry VI, the second part",NA,NA,William Shakespeare,contents,directions,ACT III,SCENE I. The Abbey at Bury St. Edmund’s,NA,NA,"But, in my mind, that were no policy."
1501,"King Henry VI, the second part","King Henry VI, the second part",NA,NA,William Shakespeare,contents,directions,ACT III,SCENE I. The Abbey at Bury St. Edmund’s,NA,NA,"The King will labour still to save his life,"
1501,"King Henry VI, the second part","King Henry VI, the second part",NA,NA,William Shakespeare,contents,directions,ACT III,SCENE I. The Abbey at Bury St. Edmund’s,NA,NA,"The commons haply rise to save his life,"
1501,"King Henry VI, the second part","King Henry VI, the second part",NA,NA,William Shakespeare,contents,directions,ACT III,SCENE I. The Abbey at Bury St. Edmund’s,NA,NA,"And yet we have but trivial argument,"
1501,"King Henry VI, the second part","King Henry VI, the second part",NA,NA,William Shakespeare,contents,directions,ACT III,SCENE I. The Abbey at Bury St. Edmund’s,NA,NA,"More than mistrust, that shows him worthy death."
1501,"King Henry VI, the second part","King Henry VI, the second part",NA,NA,William Shakespeare,contents,unknown,ACT III,SCENE I. The Abbey at Bury St. Edmund’s,NA,NA,YORK.
1501,"King Henry VI, the second part","King Henry VI, the second part",NA,NA,William Shakespeare,contents,directions,ACT III,SCENE I. The Abbey at Bury St. Edmund’s,NA,NA,"So that, by this, you would not have him die."
1501,"King Henry VI, the second part","King Henry VI, the second part",NA,NA,William Shakespeare,contents,unknown,ACT III,SCENE I. The Abbey at Bury St. Edmund’s,NA,NA,SUFFOLK.
1501,"King Henry VI, the second part","King Henry VI, the second part",NA,NA,William Shakespeare,contents,directions,ACT III,SCENE I. The Abbey at Bury St. Edmund’s,NA,NA,"Ah, York, no man alive so fain as I!"
1501,"King Henry VI, the second part","King Henry VI, the second part",NA,NA,William Shakespeare,contents,unknown,ACT III,SCENE I. The Abbey at Bury St. Edmund’s,NA,NA,YORK.
1501,"King Henry VI, the second part","King Henry VI, the second part",NA,NA,William Shakespeare,contents,directions,ACT III,SCENE I. The Abbey at Bury St. Edmund’s,NA,NA,’Tis York that hath more reason for his death.
1501,"King Henry VI, the second part","King Henry VI, the second part",NA,NA,William Shakespeare,contents,directions,ACT III,SCENE I. The Abbey at Bury St. Edmund’s,NA,NA,"But, my Lord Cardinal, and you, my Lord of Suffolk,"
1501,"King Henry VI, the second part","King Henry VI, the second part",NA,NA,William Shakespeare,contents,directions,ACT III,SCENE I. The Abbey at Bury St. Edmund’s,NA,NA,"Say as you think, and speak it from your souls:"
1501,"King Henry VI, the second part","King Henry VI, the second part",NA,NA,William Shakespeare,contents,directions,ACT III,SCENE I. The Abbey at Bury St. Edmund’s,NA,NA,Were ’t not all one an empty eagle were set
1501,"King Henry VI, the second part","King Henry VI, the second part",NA,NA,William Shakespeare,contents,directions,ACT III,SCENE I. The Abbey at Bury St. Edmund’s,NA,NA,"To guard the chicken from a hungry kite,"
1501,"King Henry VI, the second part","King Henry VI, the second part",NA,NA,William Shakespeare,contents,directions,ACT III,SCENE I. The Abbey at Bury St. Edmund’s,NA,NA,As place Duke Humphrey for the King’s Protector?
1501,"King Henry VI, the second part","King Henry VI, the second part",NA,NA,William Shakespeare,contents,unknown,ACT III,SCENE I. The Abbey at Bury St. Edmund’s,NA,NA,QUEEN MARGARET.
1501,"King Henry VI, the second part","King Henry VI, the second part",NA,NA,William Shakespeare,contents,directions,ACT III,SCENE I. The Abbey at Bury St. Edmund’s,NA,NA,So the poor chicken should be sure of death.
1501,"King Henry VI, the second part","King Henry VI, the second part",NA,NA,William Shakespeare,contents,unknown,ACT III,SCENE I. The Abbey at Bury St. Edmund’s,NA,NA,SUFFOLK.
1501,"King Henry VI, the second part","King Henry VI, the second part",NA,NA,William Shakespeare,contents,directions,ACT III,SCENE I. The Abbey at Bury St. Edmund’s,NA,NA,"Madam, ’tis true; and were ’t not madness then"
1501,"King Henry VI, the second part","King Henry VI, the second part",NA,NA,William Shakespeare,contents,directions,ACT III,SCENE I. The Abbey at Bury St. Edmund’s,NA,NA,"To make the fox surveyor of the fold,"
1501,"King Henry VI, the second part","King Henry VI, the second part",NA,NA,William Shakespeare,contents,directions,ACT III,SCENE I. The Abbey at Bury St. Edmund’s,NA,NA,"Who being accused a crafty murderer,"
1501,"King Henry VI, the second part","King Henry VI, the second part",NA,NA,William Shakespeare,contents,directions,ACT III,SCENE I. The Abbey at Bury St. Edmund’s,NA,NA,His guilt should be but idly posted over
1501,"King Henry VI, the second part","King Henry VI, the second part",NA,NA,William Shakespeare,contents,directions,ACT III,SCENE I. The Abbey at Bury St. Edmund’s,NA,NA,Because his purpose is not executed?
1501,"King Henry VI, the second part","King Henry VI, the second part",NA,NA,William Shakespeare,contents,directions,ACT III,SCENE I. The Abbey at Bury St. Edmund’s,NA,NA,"No, let him die in that he is a fox,"
1501,"King Henry VI, the second part","King Henry VI, the second part",NA,NA,William Shakespeare,contents,directions,ACT III,SCENE I. The Abbey at Bury St. Edmund’s,NA,NA,"By nature proved an enemy to the flock,"
1501,"King Henry VI, the second part","King Henry VI, the second part",NA,NA,William Shakespeare,contents,directions,ACT III,SCENE I. The Abbey at Bury St. Edmund’s,NA,NA,"Before his chaps be stained with crimson blood,"
1501,"King Henry VI, the second part","King Henry VI, the second part",NA,NA,William Shakespeare,contents,directions,ACT III,SCENE I. The Abbey at Bury St. Edmund’s,NA,NA,"As Humphrey, proved by reasons, to my liege."
1501,"King Henry VI, the second part","King Henry VI, the second part",NA,NA,William Shakespeare,contents,directions,ACT III,SCENE I. The Abbey at Bury St. Edmund’s,NA,NA,And do not stand on quillets how to slay him;
1501,"King Henry VI, the second part","King Henry VI, the second part",NA,NA,William Shakespeare,contents,directions,ACT III,SCENE I. The Abbey at Bury St. Edmund’s,NA,NA,"Be it by gins, by snares, by subtlety,"
1501,"King Henry VI, the second part","King Henry VI, the second part",NA,NA,William Shakespeare,contents,directions,ACT III,SCENE I. The Abbey at Bury St. Edmund’s,NA,NA,"Sleeping or waking, ’tis no matter how,"
1501,"King Henry VI, the second part","King Henry VI, the second part",NA,NA,William Shakespeare,contents,directions,ACT III,SCENE I. The Abbey at Bury St. Edmund’s,NA,NA,So he be dead; for that is good deceit
1501,"King Henry VI, the second part","King Henry VI, the second part",NA,NA,William Shakespeare,contents,directions,ACT III,SCENE I. The Abbey at Bury St. Edmund’s,NA,NA,Which mates him first that first intends deceit.
1501,"King Henry VI, the second part","King Henry VI, the second part",NA,NA,William Shakespeare,contents,unknown,ACT III,SCENE I. The Abbey at Bury St. Edmund’s,NA,NA,QUEEN MARGARET.
1501,"King Henry VI, the second part","King Henry VI, the second part",NA,NA,William Shakespeare,contents,directions,ACT III,SCENE I. The Abbey at Bury St. Edmund’s,NA,NA,"Thrice-noble Suffolk, ’tis resolutely spoke."
1501,"King Henry VI, the second part","King Henry VI, the second part",NA,NA,William Shakespeare,contents,unknown,ACT III,SCENE I. The Abbey at Bury St. Edmund’s,NA,NA,SUFFOLK.
1501,"King Henry VI, the second part","King Henry VI, the second part",NA,NA,William Shakespeare,contents,directions,ACT III,SCENE I. The Abbey at Bury St. Edmund’s,NA,NA,"Not resolute, except so much were done,"
1501,"King Henry VI, the second part","King Henry VI, the second part",NA,NA,William Shakespeare,contents,directions,ACT III,SCENE I. The Abbey at Bury St. Edmund’s,NA,NA,For things are often spoke and seldom meant;
1501,"King Henry VI, the second part","King Henry VI, the second part",NA,NA,William Shakespeare,contents,directions,ACT III,SCENE I. The Abbey at Bury St. Edmund’s,NA,NA,"But that my heart accordeth with my tongue,"
1501,"King Henry VI, the second part","King Henry VI, the second part",NA,NA,William Shakespeare,contents,directions,ACT III,SCENE I. The Abbey at Bury St. Edmund’s,NA,NA,"Seeing the deed is meritorious,"
1501,"King Henry VI, the second part","King Henry VI, the second part",NA,NA,William Shakespeare,contents,directions,ACT III,SCENE I. The Abbey at Bury St. Edmund’s,NA,NA,"And to preserve my sovereign from his foe,"
1501,"King Henry VI, the second part","King Henry VI, the second part",NA,NA,William Shakespeare,contents,directions,ACT III,SCENE I. The Abbey at Bury St. Edmund’s,NA,NA,"Say but the word, and I will be his priest."
1501,"King Henry VI, the second part","King Henry VI, the second part",NA,NA,William Shakespeare,contents,unknown,ACT III,SCENE I. The Abbey at Bury St. Edmund’s,NA,NA,CARDINAL.
1501,"King Henry VI, the second part","King Henry VI, the second part",NA,NA,William Shakespeare,contents,directions,ACT III,SCENE I. The Abbey at Bury St. Edmund’s,NA,NA,"But I would have him dead, my Lord of Suffolk,"
1501,"King Henry VI, the second part","King Henry VI, the second part",NA,NA,William Shakespeare,contents,directions,ACT III,SCENE I. The Abbey at Bury St. Edmund’s,NA,NA,Ere you can take due orders for a priest.
1501,"King Henry VI, the second part","King Henry VI, the second part",NA,NA,William Shakespeare,contents,directions,ACT III,SCENE I. The Abbey at Bury St. Edmund’s,NA,NA,"Say you consent and censure well the deed,"
1501,"King Henry VI, the second part","King Henry VI, the second part",NA,NA,William Shakespeare,contents,directions,ACT III,SCENE I. The Abbey at Bury St. Edmund’s,NA,NA,And I’ll provide his executioner.
1501,"King Henry VI, the second part","King Henry VI, the second part",NA,NA,William Shakespeare,contents,directions,ACT III,SCENE I. The Abbey at Bury St. Edmund’s,NA,NA,I tender so the safety of my liege.
1501,"King Henry VI, the second part","King Henry VI, the second part",NA,NA,William Shakespeare,contents,unknown,ACT III,SCENE I. The Abbey at Bury St. Edmund’s,NA,NA,SUFFOLK.
1501,"King Henry VI, the second part","King Henry VI, the second part",NA,NA,William Shakespeare,contents,directions,ACT III,SCENE I. The Abbey at Bury St. Edmund’s,NA,NA,"Here is my hand, the deed is worthy doing."
1501,"King Henry VI, the second part","King Henry VI, the second part",NA,NA,William Shakespeare,contents,unknown,ACT III,SCENE I. The Abbey at Bury St. Edmund’s,NA,NA,QUEEN MARGARET.
1501,"King Henry VI, the second part","King Henry VI, the second part",NA,NA,William Shakespeare,contents,directions,ACT III,SCENE I. The Abbey at Bury St. Edmund’s,NA,NA,And so say I.
1501,"King Henry VI, the second part","King Henry VI, the second part",NA,NA,William Shakespeare,contents,unknown,ACT III,SCENE I. The Abbey at Bury St. Edmund’s,NA,NA,YORK.
1501,"King Henry VI, the second part","King Henry VI, the second part",NA,NA,William Shakespeare,contents,directions,ACT III,SCENE I. The Abbey at Bury St. Edmund’s,NA,NA,"And I. And now we three have spoke it,"
1501,"King Henry VI, the second part","King Henry VI, the second part",NA,NA,William Shakespeare,contents,directions,ACT III,SCENE I. The Abbey at Bury St. Edmund’s,NA,NA,It skills not greatly who impugns our doom.
1501,"King Henry VI, the second part","King Henry VI, the second part",NA,NA,William Shakespeare,contents,directions,ACT III,SCENE I. The Abbey at Bury St. Edmund’s,NA,NA,Enter a Post.
1501,"King Henry VI, the second part","King Henry VI, the second part",NA,NA,William Shakespeare,contents,unknown,ACT III,SCENE I. The Abbey at Bury St. Edmund’s,NA,NA,POST.
1501,"King Henry VI, the second part","King Henry VI, the second part",NA,NA,William Shakespeare,contents,directions,ACT III,SCENE I. The Abbey at Bury St. Edmund’s,NA,NA,"Great lords, from Ireland am I come amain"
1501,"King Henry VI, the second part","King Henry VI, the second part",NA,NA,William Shakespeare,contents,directions,ACT III,SCENE I. The Abbey at Bury St. Edmund’s,NA,NA,To signify that rebels there are up
1501,"King Henry VI, the second part","King Henry VI, the second part",NA,NA,William Shakespeare,contents,directions,ACT III,SCENE I. The Abbey at Bury St. Edmund’s,NA,NA,And put the Englishmen unto the sword.
1501,"King Henry VI, the second part","King Henry VI, the second part",NA,NA,William Shakespeare,contents,directions,ACT III,SCENE I. The Abbey at Bury St. Edmund’s,NA,NA,"Send succours, lords, and stop the rage betime,"
1501,"King Henry VI, the second part","King Henry VI, the second part",NA,NA,William Shakespeare,contents,directions,ACT III,SCENE I. The Abbey at Bury St. Edmund’s,NA,NA,Before the wound do grow uncurable;
1501,"King Henry VI, the second part","King Henry VI, the second part",NA,NA,William Shakespeare,contents,directions,ACT III,SCENE I. The Abbey at Bury St. Edmund’s,NA,NA,"For, being green, there is great hope of help."
1501,"King Henry VI, the second part","King Henry VI, the second part",NA,NA,William Shakespeare,contents,unknown,ACT III,SCENE I. The Abbey at Bury St. Edmund’s,NA,NA,CARDINAL.
1501,"King Henry VI, the second part","King Henry VI, the second part",NA,NA,William Shakespeare,contents,directions,ACT III,SCENE I. The Abbey at Bury St. Edmund’s,NA,NA,A breach that craves a quick expedient stop!
1501,"King Henry VI, the second part","King Henry VI, the second part",NA,NA,William Shakespeare,contents,directions,ACT III,SCENE I. The Abbey at Bury St. Edmund’s,NA,NA,What counsel give you in this weighty cause?
1501,"King Henry VI, the second part","King Henry VI, the second part",NA,NA,William Shakespeare,contents,unknown,ACT III,SCENE I. The Abbey at Bury St. Edmund’s,NA,NA,YORK.
1501,"King Henry VI, the second part","King Henry VI, the second part",NA,NA,William Shakespeare,contents,directions,ACT III,SCENE I. The Abbey at Bury St. Edmund’s,NA,NA,That Somerset be sent as regent thither.
1501,"King Henry VI, the second part","King Henry VI, the second part",NA,NA,William Shakespeare,contents,directions,ACT III,SCENE I. The Abbey at Bury St. Edmund’s,NA,NA,’Tis meet that lucky ruler be employed;
1501,"King Henry VI, the second part","King Henry VI, the second part",NA,NA,William Shakespeare,contents,directions,ACT III,SCENE I. The Abbey at Bury St. Edmund’s,NA,NA,Witness the fortune he hath had in France.
1501,"King Henry VI, the second part","King Henry VI, the second part",NA,NA,William Shakespeare,contents,unknown,ACT III,SCENE I. The Abbey at Bury St. Edmund’s,NA,NA,SOMERSET.
1501,"King Henry VI, the second part","King Henry VI, the second part",NA,NA,William Shakespeare,contents,directions,ACT III,SCENE I. The Abbey at Bury St. Edmund’s,NA,NA,"If York, with all his far-fet policy,"
1501,"King Henry VI, the second part","King Henry VI, the second part",NA,NA,William Shakespeare,contents,directions,ACT III,SCENE I. The Abbey at Bury St. Edmund’s,NA,NA,"Had been the regent there instead of me,"
1501,"King Henry VI, the second part","King Henry VI, the second part",NA,NA,William Shakespeare,contents,directions,ACT III,SCENE I. The Abbey at Bury St. Edmund’s,NA,NA,He never would have stayed in France so long.
1501,"King Henry VI, the second part","King Henry VI, the second part",NA,NA,William Shakespeare,contents,unknown,ACT III,SCENE I. The Abbey at Bury St. Edmund’s,NA,NA,YORK.
1501,"King Henry VI, the second part","King Henry VI, the second part",NA,NA,William Shakespeare,contents,directions,ACT III,SCENE I. The Abbey at Bury St. Edmund’s,NA,NA,"No, not to lose it all as thou hast done."
1501,"King Henry VI, the second part","King Henry VI, the second part",NA,NA,William Shakespeare,contents,directions,ACT III,SCENE I. The Abbey at Bury St. Edmund’s,NA,NA,I rather would have lost my life betimes
1501,"King Henry VI, the second part","King Henry VI, the second part",NA,NA,William Shakespeare,contents,directions,ACT III,SCENE I. The Abbey at Bury St. Edmund’s,NA,NA,Than bring a burden of dishonour home
1501,"King Henry VI, the second part","King Henry VI, the second part",NA,NA,William Shakespeare,contents,directions,ACT III,SCENE I. The Abbey at Bury St. Edmund’s,NA,NA,By staying there so long till all were lost.
1501,"King Henry VI, the second part","King Henry VI, the second part",NA,NA,William Shakespeare,contents,directions,ACT III,SCENE I. The Abbey at Bury St. Edmund’s,NA,NA,Show me one scar charactered on thy skin;
1501,"King Henry VI, the second part","King Henry VI, the second part",NA,NA,William Shakespeare,contents,directions,ACT III,SCENE I. The Abbey at Bury St. Edmund’s,NA,NA,Men’s flesh preserved so whole do seldom win.
1501,"King Henry VI, the second part","King Henry VI, the second part",NA,NA,William Shakespeare,contents,unknown,ACT III,SCENE I. The Abbey at Bury St. Edmund’s,NA,NA,QUEEN MARGARET.
1501,"King Henry VI, the second part","King Henry VI, the second part",NA,NA,William Shakespeare,contents,directions,ACT III,SCENE I. The Abbey at Bury St. Edmund’s,NA,NA,"Nay then, this spark will prove a raging fire"
1501,"King Henry VI, the second part","King Henry VI, the second part",NA,NA,William Shakespeare,contents,directions,ACT III,SCENE I. The Abbey at Bury St. Edmund’s,NA,NA,If wind and fuel be brought to feed it with.
1501,"King Henry VI, the second part","King Henry VI, the second part",NA,NA,William Shakespeare,contents,directions,ACT III,SCENE I. The Abbey at Bury St. Edmund’s,NA,NA,"No more, good York. Sweet Somerset, be still."
1501,"King Henry VI, the second part","King Henry VI, the second part",NA,NA,William Shakespeare,contents,directions,ACT III,SCENE I. The Abbey at Bury St. Edmund’s,NA,NA,"Thy fortune, York, hadst thou been regent there,"
1501,"King Henry VI, the second part","King Henry VI, the second part",NA,NA,William Shakespeare,contents,directions,ACT III,SCENE I. The Abbey at Bury St. Edmund’s,NA,NA,Might happily have proved far worse than his.
1501,"King Henry VI, the second part","King Henry VI, the second part",NA,NA,William Shakespeare,contents,unknown,ACT III,SCENE I. The Abbey at Bury St. Edmund’s,NA,NA,YORK.
1501,"King Henry VI, the second part","King Henry VI, the second part",NA,NA,William Shakespeare,contents,directions,ACT III,SCENE I. The Abbey at Bury St. Edmund’s,NA,NA,"What, worse than naught? Nay, then a shame take all!"
1501,"King Henry VI, the second part","King Henry VI, the second part",NA,NA,William Shakespeare,contents,unknown,ACT III,SCENE I. The Abbey at Bury St. Edmund’s,NA,NA,SOMERSET.
1501,"King Henry VI, the second part","King Henry VI, the second part",NA,NA,William Shakespeare,contents,directions,ACT III,SCENE I. The Abbey at Bury St. Edmund’s,NA,NA,"And, in the number, thee that wishest shame!"
1501,"King Henry VI, the second part","King Henry VI, the second part",NA,NA,William Shakespeare,contents,unknown,ACT III,SCENE I. The Abbey at Bury St. Edmund’s,NA,NA,CARDINAL.
1501,"King Henry VI, the second part","King Henry VI, the second part",NA,NA,William Shakespeare,contents,directions,ACT III,SCENE I. The Abbey at Bury St. Edmund’s,NA,NA,"My Lord of York, try what your fortune is."
1501,"King Henry VI, the second part","King Henry VI, the second part",NA,NA,William Shakespeare,contents,directions,ACT III,SCENE I. The Abbey at Bury St. Edmund’s,NA,NA,Th’ uncivil kerns of Ireland are in arms
1501,"King Henry VI, the second part","King Henry VI, the second part",NA,NA,William Shakespeare,contents,directions,ACT III,SCENE I. The Abbey at Bury St. Edmund’s,NA,NA,And temper clay with blood of Englishmen.
1501,"King Henry VI, the second part","King Henry VI, the second part",NA,NA,William Shakespeare,contents,directions,ACT III,SCENE I. The Abbey at Bury St. Edmund’s,NA,NA,"To Ireland will you lead a band of men,"
1501,"King Henry VI, the second part","King Henry VI, the second part",NA,NA,William Shakespeare,contents,directions,ACT III,SCENE I. The Abbey at Bury St. Edmund’s,NA,NA,"Collected choicely, from each county some,"
1501,"King Henry VI, the second part","King Henry VI, the second part",NA,NA,William Shakespeare,contents,directions,ACT III,SCENE I. The Abbey at Bury St. Edmund’s,NA,NA,And try your hap against the Irishmen?
1501,"King Henry VI, the second part","King Henry VI, the second part",NA,NA,William Shakespeare,contents,unknown,ACT III,SCENE I. The Abbey at Bury St. Edmund’s,NA,NA,YORK.
1501,"King Henry VI, the second part","King Henry VI, the second part",NA,NA,William Shakespeare,contents,directions,ACT III,SCENE I. The Abbey at Bury St. Edmund’s,NA,NA,"I will, my lord, so please his majesty."
1501,"King Henry VI, the second part","King Henry VI, the second part",NA,NA,William Shakespeare,contents,unknown,ACT III,SCENE I. The Abbey at Bury St. Edmund’s,NA,NA,SUFFOLK.
1501,"King Henry VI, the second part","King Henry VI, the second part",NA,NA,William Shakespeare,contents,directions,ACT III,SCENE I. The Abbey at Bury St. Edmund’s,NA,NA,"Why, our authority is his consent,"
1501,"King Henry VI, the second part","King Henry VI, the second part",NA,NA,William Shakespeare,contents,directions,ACT III,SCENE I. The Abbey at Bury St. Edmund’s,NA,NA,And what we do establish he confirms.
1501,"King Henry VI, the second part","King Henry VI, the second part",NA,NA,William Shakespeare,contents,directions,ACT III,SCENE I. The Abbey at Bury St. Edmund’s,NA,NA,"Then, noble York, take thou this task in hand."
1501,"King Henry VI, the second part","King Henry VI, the second part",NA,NA,William Shakespeare,contents,unknown,ACT III,SCENE I. The Abbey at Bury St. Edmund’s,NA,NA,YORK.
1501,"King Henry VI, the second part","King Henry VI, the second part",NA,NA,William Shakespeare,contents,directions,ACT III,SCENE I. The Abbey at Bury St. Edmund’s,NA,NA,"I am content. Provide me soldiers, lords,"
1501,"King Henry VI, the second part","King Henry VI, the second part",NA,NA,William Shakespeare,contents,directions,ACT III,SCENE I. The Abbey at Bury St. Edmund’s,NA,NA,Whiles I take order for mine own affairs.
1501,"King Henry VI, the second part","King Henry VI, the second part",NA,NA,William Shakespeare,contents,unknown,ACT III,SCENE I. The Abbey at Bury St. Edmund’s,NA,NA,SUFFOLK.
1501,"King Henry VI, the second part","King Henry VI, the second part",NA,NA,William Shakespeare,contents,directions,ACT III,SCENE I. The Abbey at Bury St. Edmund’s,NA,NA,"A charge, Lord York, that I will see performed."
1501,"King Henry VI, the second part","King Henry VI, the second part",NA,NA,William Shakespeare,contents,directions,ACT III,SCENE I. The Abbey at Bury St. Edmund’s,NA,NA,But now return we to the false Duke Humphrey.
1501,"King Henry VI, the second part","King Henry VI, the second part",NA,NA,William Shakespeare,contents,unknown,ACT III,SCENE I. The Abbey at Bury St. Edmund’s,NA,NA,CARDINAL.
1501,"King Henry VI, the second part","King Henry VI, the second part",NA,NA,William Shakespeare,contents,directions,ACT III,SCENE I. The Abbey at Bury St. Edmund’s,NA,NA,No more of him; for I will deal with him
1501,"King Henry VI, the second part","King Henry VI, the second part",NA,NA,William Shakespeare,contents,directions,ACT III,SCENE I. The Abbey at Bury St. Edmund’s,NA,NA,That henceforth he shall trouble us no more.
1501,"King Henry VI, the second part","King Henry VI, the second part",NA,NA,William Shakespeare,contents,directions,ACT III,SCENE I. The Abbey at Bury St. Edmund’s,NA,NA,And so break off; the day is almost spent.
1501,"King Henry VI, the second part","King Henry VI, the second part",NA,NA,William Shakespeare,contents,directions,ACT III,SCENE I. The Abbey at Bury St. Edmund’s,NA,NA,"Lord Suffolk, you and I must talk of that event."
1501,"King Henry VI, the second part","King Henry VI, the second part",NA,NA,William Shakespeare,contents,unknown,ACT III,SCENE I. The Abbey at Bury St. Edmund’s,NA,NA,YORK.
1501,"King Henry VI, the second part","King Henry VI, the second part",NA,NA,William Shakespeare,contents,directions,ACT III,SCENE I. The Abbey at Bury St. Edmund’s,NA,NA,"My Lord of Suffolk, within fourteen days"
1501,"King Henry VI, the second part","King Henry VI, the second part",NA,NA,William Shakespeare,contents,directions,ACT III,SCENE I. The Abbey at Bury St. Edmund’s,NA,NA,At Bristol I expect my soldiers;
1501,"King Henry VI, the second part","King Henry VI, the second part",NA,NA,William Shakespeare,contents,directions,ACT III,SCENE I. The Abbey at Bury St. Edmund’s,NA,NA,For there I’ll ship them all for Ireland.
1501,"King Henry VI, the second part","King Henry VI, the second part",NA,NA,William Shakespeare,contents,unknown,ACT III,SCENE I. The Abbey at Bury St. Edmund’s,NA,NA,SUFFOLK.
1501,"King Henry VI, the second part","King Henry VI, the second part",NA,NA,William Shakespeare,contents,directions,ACT III,SCENE I. The Abbey at Bury St. Edmund’s,NA,NA,"I’ll see it truly done, my Lord of York."
1501,"King Henry VI, the second part","King Henry VI, the second part",NA,NA,William Shakespeare,contents,directions,ACT III,SCENE I. The Abbey at Bury St. Edmund’s,NA,NA,[Exeunt all but York.]
1501,"King Henry VI, the second part","King Henry VI, the second part",NA,NA,William Shakespeare,contents,unknown,ACT III,SCENE I. The Abbey at Bury St. Edmund’s,NA,NA,YORK.
1501,"King Henry VI, the second part","King Henry VI, the second part",NA,NA,William Shakespeare,contents,directions,ACT III,SCENE I. The Abbey at Bury St. Edmund’s,NA,NA,"Now, York, or never, steel thy fearful thoughts,"
1501,"King Henry VI, the second part","King Henry VI, the second part",NA,NA,William Shakespeare,contents,directions,ACT III,SCENE I. The Abbey at Bury St. Edmund’s,NA,NA,And change misdoubt to resolution.
1501,"King Henry VI, the second part","King Henry VI, the second part",NA,NA,William Shakespeare,contents,directions,ACT III,SCENE I. The Abbey at Bury St. Edmund’s,NA,NA,"Be that thou hop’st to be, or what thou art"
1501,"King Henry VI, the second part","King Henry VI, the second part",NA,NA,William Shakespeare,contents,directions,ACT III,SCENE I. The Abbey at Bury St. Edmund’s,NA,NA,Resign to death; it is not worth th’ enjoying.
1501,"King Henry VI, the second part","King Henry VI, the second part",NA,NA,William Shakespeare,contents,directions,ACT III,SCENE I. The Abbey at Bury St. Edmund’s,NA,NA,Let pale-faced fear keep with the mean-born man
1501,"King Henry VI, the second part","King Henry VI, the second part",NA,NA,William Shakespeare,contents,directions,ACT III,SCENE I. The Abbey at Bury St. Edmund’s,NA,NA,And find no harbour in a royal heart.
1501,"King Henry VI, the second part","King Henry VI, the second part",NA,NA,William Shakespeare,contents,directions,ACT III,SCENE I. The Abbey at Bury St. Edmund’s,NA,NA,"Faster than springtime showers comes thought on thought,"
1501,"King Henry VI, the second part","King Henry VI, the second part",NA,NA,William Shakespeare,contents,directions,ACT III,SCENE I. The Abbey at Bury St. Edmund’s,NA,NA,And not a thought but thinks on dignity.
1501,"King Henry VI, the second part","King Henry VI, the second part",NA,NA,William Shakespeare,contents,directions,ACT III,SCENE I. The Abbey at Bury St. Edmund’s,NA,NA,"My brain, more busy than the labouring spider"
1501,"King Henry VI, the second part","King Henry VI, the second part",NA,NA,William Shakespeare,contents,directions,ACT III,SCENE I. The Abbey at Bury St. Edmund’s,NA,NA,Weaves tedious snares to trap mine enemies.
1501,"King Henry VI, the second part","King Henry VI, the second part",NA,NA,William Shakespeare,contents,directions,ACT III,SCENE I. The Abbey at Bury St. Edmund’s,NA,NA,"Well, nobles, well, ’tis politicly done,"
1501,"King Henry VI, the second part","King Henry VI, the second part",NA,NA,William Shakespeare,contents,directions,ACT III,SCENE I. The Abbey at Bury St. Edmund’s,NA,NA,To send me packing with an host of men;
1501,"King Henry VI, the second part","King Henry VI, the second part",NA,NA,William Shakespeare,contents,directions,ACT III,SCENE I. The Abbey at Bury St. Edmund’s,NA,NA,"I fear me you but warm the starved snake,"
1501,"King Henry VI, the second part","King Henry VI, the second part",NA,NA,William Shakespeare,contents,directions,ACT III,SCENE I. The Abbey at Bury St. Edmund’s,NA,NA,"Who, cherished in your breasts, will sting your hearts."
1501,"King Henry VI, the second part","King Henry VI, the second part",NA,NA,William Shakespeare,contents,directions,ACT III,SCENE I. The Abbey at Bury St. Edmund’s,NA,NA,"’Twas men I lacked, and you will give them me;"
1501,"King Henry VI, the second part","King Henry VI, the second part",NA,NA,William Shakespeare,contents,directions,ACT III,SCENE I. The Abbey at Bury St. Edmund’s,NA,NA,"I take it kindly, yet be well assured"
1501,"King Henry VI, the second part","King Henry VI, the second part",NA,NA,William Shakespeare,contents,directions,ACT III,SCENE I. The Abbey at Bury St. Edmund’s,NA,NA,You put sharp weapons in a madman’s hands.
1501,"King Henry VI, the second part","King Henry VI, the second part",NA,NA,William Shakespeare,contents,directions,ACT III,SCENE I. The Abbey at Bury St. Edmund’s,NA,NA,"Whiles I in Ireland nourish a mighty band,"
1501,"King Henry VI, the second part","King Henry VI, the second part",NA,NA,William Shakespeare,contents,directions,ACT III,SCENE I. The Abbey at Bury St. Edmund’s,NA,NA,I will stir up in England some black storm
1501,"King Henry VI, the second part","King Henry VI, the second part",NA,NA,William Shakespeare,contents,directions,ACT III,SCENE I. The Abbey at Bury St. Edmund’s,NA,NA,Shall blow ten thousand souls to heaven or hell;
1501,"King Henry VI, the second part","King Henry VI, the second part",NA,NA,William Shakespeare,contents,directions,ACT III,SCENE I. The Abbey at Bury St. Edmund’s,NA,NA,And this fell tempest shall not cease to rage
1501,"King Henry VI, the second part","King Henry VI, the second part",NA,NA,William Shakespeare,contents,directions,ACT III,SCENE I. The Abbey at Bury St. Edmund’s,NA,NA,"Until the golden circuit on my head,"
1501,"King Henry VI, the second part","King Henry VI, the second part",NA,NA,William Shakespeare,contents,directions,ACT III,SCENE I. The Abbey at Bury St. Edmund’s,NA,NA,"Like to the glorious sun’s transparent beams,"
1501,"King Henry VI, the second part","King Henry VI, the second part",NA,NA,William Shakespeare,contents,directions,ACT III,SCENE I. The Abbey at Bury St. Edmund’s,NA,NA,Do calm the fury of this mad-bred flaw.
1501,"King Henry VI, the second part","King Henry VI, the second part",NA,NA,William Shakespeare,contents,directions,ACT III,SCENE I. The Abbey at Bury St. Edmund’s,NA,NA,"And for a minister of my intent,"
1501,"King Henry VI, the second part","King Henry VI, the second part",NA,NA,William Shakespeare,contents,directions,ACT III,SCENE I. The Abbey at Bury St. Edmund’s,NA,NA,"I have seduced a headstrong Kentishman,"
1501,"King Henry VI, the second part","King Henry VI, the second part",NA,NA,William Shakespeare,contents,directions,ACT III,SCENE I. The Abbey at Bury St. Edmund’s,NA,NA,"John Cade of Ashford,"
1501,"King Henry VI, the second part","King Henry VI, the second part",NA,NA,William Shakespeare,contents,directions,ACT III,SCENE I. The Abbey at Bury St. Edmund’s,NA,NA,"To make commotion, as full well he can,"
1501,"King Henry VI, the second part","King Henry VI, the second part",NA,NA,William Shakespeare,contents,directions,ACT III,SCENE I. The Abbey at Bury St. Edmund’s,NA,NA,Under the title of John Mortimer.
1501,"King Henry VI, the second part","King Henry VI, the second part",NA,NA,William Shakespeare,contents,directions,ACT III,SCENE I. The Abbey at Bury St. Edmund’s,NA,NA,In Ireland have I seen this stubborn Cade
1501,"King Henry VI, the second part","King Henry VI, the second part",NA,NA,William Shakespeare,contents,directions,ACT III,SCENE I. The Abbey at Bury St. Edmund’s,NA,NA,"Oppose himself against a troop of kerns,"
1501,"King Henry VI, the second part","King Henry VI, the second part",NA,NA,William Shakespeare,contents,directions,ACT III,SCENE I. The Abbey at Bury St. Edmund’s,NA,NA,And fought so long till that his thighs with darts
1501,"King Henry VI, the second part","King Henry VI, the second part",NA,NA,William Shakespeare,contents,directions,ACT III,SCENE I. The Abbey at Bury St. Edmund’s,NA,NA,Were almost like a sharp-quilled porpentine;
1501,"King Henry VI, the second part","King Henry VI, the second part",NA,NA,William Shakespeare,contents,directions,ACT III,SCENE I. The Abbey at Bury St. Edmund’s,NA,NA,"And in the end being rescued, I have seen"
1501,"King Henry VI, the second part","King Henry VI, the second part",NA,NA,William Shakespeare,contents,directions,ACT III,SCENE I. The Abbey at Bury St. Edmund’s,NA,NA,"Him caper upright like a wild Morisco,"
1501,"King Henry VI, the second part","King Henry VI, the second part",NA,NA,William Shakespeare,contents,directions,ACT III,SCENE I. The Abbey at Bury St. Edmund’s,NA,NA,Shaking the bloody darts as he his bells.
1501,"King Henry VI, the second part","King Henry VI, the second part",NA,NA,William Shakespeare,contents,directions,ACT III,SCENE I. The Abbey at Bury St. Edmund’s,NA,NA,"Full often, like a shag-haired crafty kern,"
1501,"King Henry VI, the second part","King Henry VI, the second part",NA,NA,William Shakespeare,contents,directions,ACT III,SCENE I. The Abbey at Bury St. Edmund’s,NA,NA,"Hath he conversed with the enemy,"
1501,"King Henry VI, the second part","King Henry VI, the second part",NA,NA,William Shakespeare,contents,directions,ACT III,SCENE I. The Abbey at Bury St. Edmund’s,NA,NA,And undiscovered come to me again
1501,"King Henry VI, the second part","King Henry VI, the second part",NA,NA,William Shakespeare,contents,directions,ACT III,SCENE I. The Abbey at Bury St. Edmund’s,NA,NA,And given me notice of their villainies.
1501,"King Henry VI, the second part","King Henry VI, the second part",NA,NA,William Shakespeare,contents,directions,ACT III,SCENE I. The Abbey at Bury St. Edmund’s,NA,NA,This devil here shall be my substitute;
1501,"King Henry VI, the second part","King Henry VI, the second part",NA,NA,William Shakespeare,contents,directions,ACT III,SCENE I. The Abbey at Bury St. Edmund’s,NA,NA,"For that John Mortimer, which now is dead,"
1501,"King Henry VI, the second part","King Henry VI, the second part",NA,NA,William Shakespeare,contents,directions,ACT III,SCENE I. The Abbey at Bury St. Edmund’s,NA,NA,"In face, in gait, in speech, he doth resemble."
1501,"King Henry VI, the second part","King Henry VI, the second part",NA,NA,William Shakespeare,contents,directions,ACT III,SCENE I. The Abbey at Bury St. Edmund’s,NA,NA,"By this I shall perceive the commons’ mind,"
1501,"King Henry VI, the second part","King Henry VI, the second part",NA,NA,William Shakespeare,contents,directions,ACT III,SCENE I. The Abbey at Bury St. Edmund’s,NA,NA,How they affect the house and claim of York.
1501,"King Henry VI, the second part","King Henry VI, the second part",NA,NA,William Shakespeare,contents,directions,ACT III,SCENE I. The Abbey at Bury St. Edmund’s,NA,NA,"Say he be taken, racked, and tortured,"
1501,"King Henry VI, the second part","King Henry VI, the second part",NA,NA,William Shakespeare,contents,directions,ACT III,SCENE I. The Abbey at Bury St. Edmund’s,NA,NA,I know no pain they can inflict upon him
1501,"King Henry VI, the second part","King Henry VI, the second part",NA,NA,William Shakespeare,contents,directions,ACT III,SCENE I. The Abbey at Bury St. Edmund’s,NA,NA,Will make him say I moved him to those arms.
1501,"King Henry VI, the second part","King Henry VI, the second part",NA,NA,William Shakespeare,contents,directions,ACT III,SCENE I. The Abbey at Bury St. Edmund’s,NA,NA,"Say that he thrive, as ’tis great like he will,"
1501,"King Henry VI, the second part","King Henry VI, the second part",NA,NA,William Shakespeare,contents,directions,ACT III,SCENE I. The Abbey at Bury St. Edmund’s,NA,NA,Why then from Ireland come I with my strength
1501,"King Henry VI, the second part","King Henry VI, the second part",NA,NA,William Shakespeare,contents,directions,ACT III,SCENE I. The Abbey at Bury St. Edmund’s,NA,NA,And reap the harvest which that rascal sowed.
1501,"King Henry VI, the second part","King Henry VI, the second part",NA,NA,William Shakespeare,contents,directions,ACT III,SCENE I. The Abbey at Bury St. Edmund’s,NA,NA,"For Humphrey being dead, as he shall be,"
1501,"King Henry VI, the second part","King Henry VI, the second part",NA,NA,William Shakespeare,contents,directions,ACT III,SCENE I. The Abbey at Bury St. Edmund’s,NA,NA,"And Henry put apart, the next for me."
1501,"King Henry VI, the second part","King Henry VI, the second part",NA,NA,William Shakespeare,contents,directions,ACT III,SCENE I. The Abbey at Bury St. Edmund’s,NA,NA,[Exit.]
1501,"King Henry VI, the second part","King Henry VI, the second part",NA,NA,William Shakespeare,contents,reference,ACT III,SCENE II. Bury St. Edmund’s. A Room of State,NA,NA,SCENE II. Bury St. Edmund’s. A Room of State
1501,"King Henry VI, the second part","King Henry VI, the second part",NA,NA,William Shakespeare,contents,directions,ACT III,SCENE II. Bury St. Edmund’s. A Room of State,NA,NA,"Enter two or three Murderers running over the stage, from the murder of"
1501,"King Henry VI, the second part","King Henry VI, the second part",NA,NA,William Shakespeare,contents,directions,ACT III,SCENE II. Bury St. Edmund’s. A Room of State,NA,NA,Duke Humphrey.
1501,"King Henry VI, the second part","King Henry VI, the second part",NA,NA,William Shakespeare,contents,unknown,ACT III,SCENE II. Bury St. Edmund’s. A Room of State,NA,NA,1 MURDERER.
1501,"King Henry VI, the second part","King Henry VI, the second part",NA,NA,William Shakespeare,contents,directions,ACT III,SCENE II. Bury St. Edmund’s. A Room of State,NA,NA,Run to my Lord of Suffolk; let him know
1501,"King Henry VI, the second part","King Henry VI, the second part",NA,NA,William Shakespeare,contents,directions,ACT III,SCENE II. Bury St. Edmund’s. A Room of State,NA,NA,We have dispatched the Duke as he commanded.
1501,"King Henry VI, the second part","King Henry VI, the second part",NA,NA,William Shakespeare,contents,unknown,ACT III,SCENE II. Bury St. Edmund’s. A Room of State,NA,NA,2 MURDERER.
1501,"King Henry VI, the second part","King Henry VI, the second part",NA,NA,William Shakespeare,contents,directions,ACT III,SCENE II. Bury St. Edmund’s. A Room of State,NA,NA,O that it were to do! What have we done?
1501,"King Henry VI, the second part","King Henry VI, the second part",NA,NA,William Shakespeare,contents,directions,ACT III,SCENE II. Bury St. Edmund’s. A Room of State,NA,NA,Didst ever hear a man so penitent?
1501,"King Henry VI, the second part","King Henry VI, the second part",NA,NA,William Shakespeare,contents,directions,ACT III,SCENE II. Bury St. Edmund’s. A Room of State,NA,NA,Enter Suffolk.
1501,"King Henry VI, the second part","King Henry VI, the second part",NA,NA,William Shakespeare,contents,unknown,ACT III,SCENE II. Bury St. Edmund’s. A Room of State,NA,NA,1 MURDERER.
1501,"King Henry VI, the second part","King Henry VI, the second part",NA,NA,William Shakespeare,contents,directions,ACT III,SCENE II. Bury St. Edmund’s. A Room of State,NA,NA,Here comes my lord.
1501,"King Henry VI, the second part","King Henry VI, the second part",NA,NA,William Shakespeare,contents,unknown,ACT III,SCENE II. Bury St. Edmund’s. A Room of State,NA,NA,SUFFOLK.
1501,"King Henry VI, the second part","King Henry VI, the second part",NA,NA,William Shakespeare,contents,directions,ACT III,SCENE II. Bury St. Edmund’s. A Room of State,NA,NA,"Now, sirs, have you dispatched this thing?"
1501,"King Henry VI, the second part","King Henry VI, the second part",NA,NA,William Shakespeare,contents,unknown,ACT III,SCENE II. Bury St. Edmund’s. A Room of State,NA,NA,1 MURDERER.
1501,"King Henry VI, the second part","King Henry VI, the second part",NA,NA,William Shakespeare,contents,directions,ACT III,SCENE II. Bury St. Edmund’s. A Room of State,NA,NA,"Ay, my good lord, he’s dead."
1501,"King Henry VI, the second part","King Henry VI, the second part",NA,NA,William Shakespeare,contents,unknown,ACT III,SCENE II. Bury St. Edmund’s. A Room of State,NA,NA,SUFFOLK.
1501,"King Henry VI, the second part","King Henry VI, the second part",NA,NA,William Shakespeare,contents,directions,ACT III,SCENE II. Bury St. Edmund’s. A Room of State,NA,NA,"Why, that’s well said. Go, get you to my house;"
1501,"King Henry VI, the second part","King Henry VI, the second part",NA,NA,William Shakespeare,contents,directions,ACT III,SCENE II. Bury St. Edmund’s. A Room of State,NA,NA,I will reward you for this venturous deed.
1501,"King Henry VI, the second part","King Henry VI, the second part",NA,NA,William Shakespeare,contents,directions,ACT III,SCENE II. Bury St. Edmund’s. A Room of State,NA,NA,The King and all the peers are here at hand.
1501,"King Henry VI, the second part","King Henry VI, the second part",NA,NA,William Shakespeare,contents,directions,ACT III,SCENE II. Bury St. Edmund’s. A Room of State,NA,NA,"Have you laid fair the bed? Is all things well,"
1501,"King Henry VI, the second part","King Henry VI, the second part",NA,NA,William Shakespeare,contents,directions,ACT III,SCENE II. Bury St. Edmund’s. A Room of State,NA,NA,According as I gave directions?
1501,"King Henry VI, the second part","King Henry VI, the second part",NA,NA,William Shakespeare,contents,unknown,ACT III,SCENE II. Bury St. Edmund’s. A Room of State,NA,NA,1 MURDERER.
1501,"King Henry VI, the second part","King Henry VI, the second part",NA,NA,William Shakespeare,contents,directions,ACT III,SCENE II. Bury St. Edmund’s. A Room of State,NA,NA,"’Tis, my good lord."
1501,"King Henry VI, the second part","King Henry VI, the second part",NA,NA,William Shakespeare,contents,unknown,ACT III,SCENE II. Bury St. Edmund’s. A Room of State,NA,NA,SUFFOLK.
1501,"King Henry VI, the second part","King Henry VI, the second part",NA,NA,William Shakespeare,contents,directions,ACT III,SCENE II. Bury St. Edmund’s. A Room of State,NA,NA,"Away, be gone!"
1501,"King Henry VI, the second part","King Henry VI, the second part",NA,NA,William Shakespeare,contents,directions,ACT III,SCENE II. Bury St. Edmund’s. A Room of State,NA,NA,[Exeunt Murderers.]
1501,"King Henry VI, the second part","King Henry VI, the second part",NA,NA,William Shakespeare,contents,directions,ACT III,SCENE II. Bury St. Edmund’s. A Room of State,NA,NA,"Sound trumpets. Enter the King, the Queen, Cardinal Beaufort, Somerset"
1501,"King Henry VI, the second part","King Henry VI, the second part",NA,NA,William Shakespeare,contents,directions,ACT III,SCENE II. Bury St. Edmund’s. A Room of State,NA,NA,with attendants.
1501,"King Henry VI, the second part","King Henry VI, the second part",NA,NA,William Shakespeare,contents,unknown,ACT III,SCENE II. Bury St. Edmund’s. A Room of State,NA,NA,KING HENRY.
1501,"King Henry VI, the second part","King Henry VI, the second part",NA,NA,William Shakespeare,contents,directions,ACT III,SCENE II. Bury St. Edmund’s. A Room of State,NA,NA,"Go, call our uncle to our presence straight;"
1501,"King Henry VI, the second part","King Henry VI, the second part",NA,NA,William Shakespeare,contents,directions,ACT III,SCENE II. Bury St. Edmund’s. A Room of State,NA,NA,Say we intend to try his grace today
1501,"King Henry VI, the second part","King Henry VI, the second part",NA,NA,William Shakespeare,contents,directions,ACT III,SCENE II. Bury St. Edmund’s. A Room of State,NA,NA,"If he be guilty, as ’tis published."
1501,"King Henry VI, the second part","King Henry VI, the second part",NA,NA,William Shakespeare,contents,unknown,ACT III,SCENE II. Bury St. Edmund’s. A Room of State,NA,NA,SUFFOLK.
1501,"King Henry VI, the second part","King Henry VI, the second part",NA,NA,William Shakespeare,contents,directions,ACT III,SCENE II. Bury St. Edmund’s. A Room of State,NA,NA,"I’ll call him presently, my noble lord."
1501,"King Henry VI, the second part","King Henry VI, the second part",NA,NA,William Shakespeare,contents,directions,ACT III,SCENE II. Bury St. Edmund’s. A Room of State,NA,NA,[Exit.]
1501,"King Henry VI, the second part","King Henry VI, the second part",NA,NA,William Shakespeare,contents,unknown,ACT III,SCENE II. Bury St. Edmund’s. A Room of State,NA,NA,KING HENRY.
1501,"King Henry VI, the second part","King Henry VI, the second part",NA,NA,William Shakespeare,contents,directions,ACT III,SCENE II. Bury St. Edmund’s. A Room of State,NA,NA,"Lords, take your places; and, I pray you all,"
1501,"King Henry VI, the second part","King Henry VI, the second part",NA,NA,William Shakespeare,contents,directions,ACT III,SCENE II. Bury St. Edmund’s. A Room of State,NA,NA,Proceed no straiter ’gainst our uncle Gloucester
1501,"King Henry VI, the second part","King Henry VI, the second part",NA,NA,William Shakespeare,contents,directions,ACT III,SCENE II. Bury St. Edmund’s. A Room of State,NA,NA,Than from true evidence of good esteem
1501,"King Henry VI, the second part","King Henry VI, the second part",NA,NA,William Shakespeare,contents,directions,ACT III,SCENE II. Bury St. Edmund’s. A Room of State,NA,NA,He be approved in practice culpable.
1501,"King Henry VI, the second part","King Henry VI, the second part",NA,NA,William Shakespeare,contents,unknown,ACT III,SCENE II. Bury St. Edmund’s. A Room of State,NA,NA,QUEEN MARGARET.
1501,"King Henry VI, the second part","King Henry VI, the second part",NA,NA,William Shakespeare,contents,directions,ACT III,SCENE II. Bury St. Edmund’s. A Room of State,NA,NA,God forbid any malice should prevail
1501,"King Henry VI, the second part","King Henry VI, the second part",NA,NA,William Shakespeare,contents,directions,ACT III,SCENE II. Bury St. Edmund’s. A Room of State,NA,NA,That faultless may condemn a nobleman!
1501,"King Henry VI, the second part","King Henry VI, the second part",NA,NA,William Shakespeare,contents,directions,ACT III,SCENE II. Bury St. Edmund’s. A Room of State,NA,NA,Pray God he may acquit him of suspicion!
1501,"King Henry VI, the second part","King Henry VI, the second part",NA,NA,William Shakespeare,contents,unknown,ACT III,SCENE II. Bury St. Edmund’s. A Room of State,NA,NA,KING HENRY.
1501,"King Henry VI, the second part","King Henry VI, the second part",NA,NA,William Shakespeare,contents,directions,ACT III,SCENE II. Bury St. Edmund’s. A Room of State,NA,NA,"I thank thee, Meg; these words content me much."
1501,"King Henry VI, the second part","King Henry VI, the second part",NA,NA,William Shakespeare,contents,directions,ACT III,SCENE II. Bury St. Edmund’s. A Room of State,NA,NA,Enter Suffolk.
1501,"King Henry VI, the second part","King Henry VI, the second part",NA,NA,William Shakespeare,contents,directions,ACT III,SCENE II. Bury St. Edmund’s. A Room of State,NA,NA,How now? Why look’st thou pale? Why tremblest thou?
1501,"King Henry VI, the second part","King Henry VI, the second part",NA,NA,William Shakespeare,contents,directions,ACT III,SCENE II. Bury St. Edmund’s. A Room of State,NA,NA,"Where is our uncle? What’s the matter, Suffolk?"
1501,"King Henry VI, the second part","King Henry VI, the second part",NA,NA,William Shakespeare,contents,unknown,ACT III,SCENE II. Bury St. Edmund’s. A Room of State,NA,NA,SUFFOLK.
1501,"King Henry VI, the second part","King Henry VI, the second part",NA,NA,William Shakespeare,contents,directions,ACT III,SCENE II. Bury St. Edmund’s. A Room of State,NA,NA,"Dead in his bed, my lord; Gloucester is dead."
1501,"King Henry VI, the second part","King Henry VI, the second part",NA,NA,William Shakespeare,contents,unknown,ACT III,SCENE II. Bury St. Edmund’s. A Room of State,NA,NA,QUEEN MARGARET.
1501,"King Henry VI, the second part","King Henry VI, the second part",NA,NA,William Shakespeare,contents,directions,ACT III,SCENE II. Bury St. Edmund’s. A Room of State,NA,NA,"Marry, God forfend!"
1501,"King Henry VI, the second part","King Henry VI, the second part",NA,NA,William Shakespeare,contents,unknown,ACT III,SCENE II. Bury St. Edmund’s. A Room of State,NA,NA,CARDINAL.
1501,"King Henry VI, the second part","King Henry VI, the second part",NA,NA,William Shakespeare,contents,directions,ACT III,SCENE II. Bury St. Edmund’s. A Room of State,NA,NA,God’s secret judgment! I did dream tonight
1501,"King Henry VI, the second part","King Henry VI, the second part",NA,NA,William Shakespeare,contents,directions,ACT III,SCENE II. Bury St. Edmund’s. A Room of State,NA,NA,The Duke was dumb and could not speak a word.
1501,"King Henry VI, the second part","King Henry VI, the second part",NA,NA,William Shakespeare,contents,directions,ACT III,SCENE II. Bury St. Edmund’s. A Room of State,NA,NA,[The King swoons.]
1501,"King Henry VI, the second part","King Henry VI, the second part",NA,NA,William Shakespeare,contents,unknown,ACT III,SCENE II. Bury St. Edmund’s. A Room of State,NA,NA,QUEEN MARGARET.
1501,"King Henry VI, the second part","King Henry VI, the second part",NA,NA,William Shakespeare,contents,directions,ACT III,SCENE II. Bury St. Edmund’s. A Room of State,NA,NA,"How fares my lord? Help, lords! the King is dead."
1501,"King Henry VI, the second part","King Henry VI, the second part",NA,NA,William Shakespeare,contents,unknown,ACT III,SCENE II. Bury St. Edmund’s. A Room of State,NA,NA,SOMERSET.
1501,"King Henry VI, the second part","King Henry VI, the second part",NA,NA,William Shakespeare,contents,directions,ACT III,SCENE II. Bury St. Edmund’s. A Room of State,NA,NA,Rear up his body; wring him by the nose.
1501,"King Henry VI, the second part","King Henry VI, the second part",NA,NA,William Shakespeare,contents,unknown,ACT III,SCENE II. Bury St. Edmund’s. A Room of State,NA,NA,QUEEN MARGARET.
1501,"King Henry VI, the second part","King Henry VI, the second part",NA,NA,William Shakespeare,contents,directions,ACT III,SCENE II. Bury St. Edmund’s. A Room of State,NA,NA,"Run, go, help, help! O Henry, ope thine eyes!"
1501,"King Henry VI, the second part","King Henry VI, the second part",NA,NA,William Shakespeare,contents,unknown,ACT III,SCENE II. Bury St. Edmund’s. A Room of State,NA,NA,SUFFOLK.
1501,"King Henry VI, the second part","King Henry VI, the second part",NA,NA,William Shakespeare,contents,directions,ACT III,SCENE II. Bury St. Edmund’s. A Room of State,NA,NA,"He doth revive again. Madam, be patient."
1501,"King Henry VI, the second part","King Henry VI, the second part",NA,NA,William Shakespeare,contents,unknown,ACT III,SCENE II. Bury St. Edmund’s. A Room of State,NA,NA,KING HENRY.
1501,"King Henry VI, the second part","King Henry VI, the second part",NA,NA,William Shakespeare,contents,directions,ACT III,SCENE II. Bury St. Edmund’s. A Room of State,NA,NA,O heavenly God!
1501,"King Henry VI, the second part","King Henry VI, the second part",NA,NA,William Shakespeare,contents,unknown,ACT III,SCENE II. Bury St. Edmund’s. A Room of State,NA,NA,QUEEN MARGARET.
1501,"King Henry VI, the second part","King Henry VI, the second part",NA,NA,William Shakespeare,contents,directions,ACT III,SCENE II. Bury St. Edmund’s. A Room of State,NA,NA,How fares my gracious lord?
1501,"King Henry VI, the second part","King Henry VI, the second part",NA,NA,William Shakespeare,contents,unknown,ACT III,SCENE II. Bury St. Edmund’s. A Room of State,NA,NA,SUFFOLK.
1501,"King Henry VI, the second part","King Henry VI, the second part",NA,NA,William Shakespeare,contents,directions,ACT III,SCENE II. Bury St. Edmund’s. A Room of State,NA,NA,"Comfort, my sovereign! Gracious Henry, comfort!"
1501,"King Henry VI, the second part","King Henry VI, the second part",NA,NA,William Shakespeare,contents,unknown,ACT III,SCENE II. Bury St. Edmund’s. A Room of State,NA,NA,KING HENRY.
1501,"King Henry VI, the second part","King Henry VI, the second part",NA,NA,William Shakespeare,contents,directions,ACT III,SCENE II. Bury St. Edmund’s. A Room of State,NA,NA,"What, doth my Lord of Suffolk comfort me?"
1501,"King Henry VI, the second part","King Henry VI, the second part",NA,NA,William Shakespeare,contents,directions,ACT III,SCENE II. Bury St. Edmund’s. A Room of State,NA,NA,"Came he right now to sing a raven’s note,"
1501,"King Henry VI, the second part","King Henry VI, the second part",NA,NA,William Shakespeare,contents,directions,ACT III,SCENE II. Bury St. Edmund’s. A Room of State,NA,NA,"Whose dismal tune bereft my vital powers,"
1501,"King Henry VI, the second part","King Henry VI, the second part",NA,NA,William Shakespeare,contents,directions,ACT III,SCENE II. Bury St. Edmund’s. A Room of State,NA,NA,"And thinks he that the chirping of a wren,"
1501,"King Henry VI, the second part","King Henry VI, the second part",NA,NA,William Shakespeare,contents,directions,ACT III,SCENE II. Bury St. Edmund’s. A Room of State,NA,NA,"By crying comfort from a hollow breast,"
1501,"King Henry VI, the second part","King Henry VI, the second part",NA,NA,William Shakespeare,contents,directions,ACT III,SCENE II. Bury St. Edmund’s. A Room of State,NA,NA,Can chase away the first-conceived sound?
1501,"King Henry VI, the second part","King Henry VI, the second part",NA,NA,William Shakespeare,contents,directions,ACT III,SCENE II. Bury St. Edmund’s. A Room of State,NA,NA,Hide not thy poison with such sugared words;
1501,"King Henry VI, the second part","King Henry VI, the second part",NA,NA,William Shakespeare,contents,directions,ACT III,SCENE II. Bury St. Edmund’s. A Room of State,NA,NA,"Lay not thy hands on me. Forbear, I say!"
1501,"King Henry VI, the second part","King Henry VI, the second part",NA,NA,William Shakespeare,contents,directions,ACT III,SCENE II. Bury St. Edmund’s. A Room of State,NA,NA,Their touch affrights me as a serpent’s sting.
1501,"King Henry VI, the second part","King Henry VI, the second part",NA,NA,William Shakespeare,contents,directions,ACT III,SCENE II. Bury St. Edmund’s. A Room of State,NA,NA,"Thou baleful messenger, out of my sight!"
1501,"King Henry VI, the second part","King Henry VI, the second part",NA,NA,William Shakespeare,contents,directions,ACT III,SCENE II. Bury St. Edmund’s. A Room of State,NA,NA,Upon thy eyeballs murderous tyranny
1501,"King Henry VI, the second part","King Henry VI, the second part",NA,NA,William Shakespeare,contents,directions,ACT III,SCENE II. Bury St. Edmund’s. A Room of State,NA,NA,Sits in grim majesty to fright the world.
1501,"King Henry VI, the second part","King Henry VI, the second part",NA,NA,William Shakespeare,contents,directions,ACT III,SCENE II. Bury St. Edmund’s. A Room of State,NA,NA,"Look not upon me, for thine eyes are wounding."
1501,"King Henry VI, the second part","King Henry VI, the second part",NA,NA,William Shakespeare,contents,directions,ACT III,SCENE II. Bury St. Edmund’s. A Room of State,NA,NA,"Yet do not go away; come, basilisk,"
1501,"King Henry VI, the second part","King Henry VI, the second part",NA,NA,William Shakespeare,contents,directions,ACT III,SCENE II. Bury St. Edmund’s. A Room of State,NA,NA,And kill the innocent gazer with thy sight.
1501,"King Henry VI, the second part","King Henry VI, the second part",NA,NA,William Shakespeare,contents,directions,ACT III,SCENE II. Bury St. Edmund’s. A Room of State,NA,NA,"For in the shade of death I shall find joy,"
1501,"King Henry VI, the second part","King Henry VI, the second part",NA,NA,William Shakespeare,contents,directions,ACT III,SCENE II. Bury St. Edmund’s. A Room of State,NA,NA,"In life but double death, now Gloucester’s dead."
1501,"King Henry VI, the second part","King Henry VI, the second part",NA,NA,William Shakespeare,contents,unknown,ACT III,SCENE II. Bury St. Edmund’s. A Room of State,NA,NA,QUEEN MARGARET.
1501,"King Henry VI, the second part","King Henry VI, the second part",NA,NA,William Shakespeare,contents,directions,ACT III,SCENE II. Bury St. Edmund’s. A Room of State,NA,NA,Why do you rate my Lord of Suffolk thus?
1501,"King Henry VI, the second part","King Henry VI, the second part",NA,NA,William Shakespeare,contents,directions,ACT III,SCENE II. Bury St. Edmund’s. A Room of State,NA,NA,"Although the Duke was enemy to him,"
1501,"King Henry VI, the second part","King Henry VI, the second part",NA,NA,William Shakespeare,contents,directions,ACT III,SCENE II. Bury St. Edmund’s. A Room of State,NA,NA,Yet he most Christian-like laments his death.
1501,"King Henry VI, the second part","King Henry VI, the second part",NA,NA,William Shakespeare,contents,directions,ACT III,SCENE II. Bury St. Edmund’s. A Room of State,NA,NA,"And for myself, foe as he was to me,"
1501,"King Henry VI, the second part","King Henry VI, the second part",NA,NA,William Shakespeare,contents,directions,ACT III,SCENE II. Bury St. Edmund’s. A Room of State,NA,NA,Might liquid tears or heart-offending groans
1501,"King Henry VI, the second part","King Henry VI, the second part",NA,NA,William Shakespeare,contents,directions,ACT III,SCENE II. Bury St. Edmund’s. A Room of State,NA,NA,"Or blood-consuming sighs recall his life,"
1501,"King Henry VI, the second part","King Henry VI, the second part",NA,NA,William Shakespeare,contents,directions,ACT III,SCENE II. Bury St. Edmund’s. A Room of State,NA,NA,"I would be blind with weeping, sick with groans,"
1501,"King Henry VI, the second part","King Henry VI, the second part",NA,NA,William Shakespeare,contents,directions,ACT III,SCENE II. Bury St. Edmund’s. A Room of State,NA,NA,"Look pale as primrose with blood-drinking sighs,"
1501,"King Henry VI, the second part","King Henry VI, the second part",NA,NA,William Shakespeare,contents,directions,ACT III,SCENE II. Bury St. Edmund’s. A Room of State,NA,NA,And all to have the noble Duke alive.
1501,"King Henry VI, the second part","King Henry VI, the second part",NA,NA,William Shakespeare,contents,directions,ACT III,SCENE II. Bury St. Edmund’s. A Room of State,NA,NA,What know I how the world may deem of me?
1501,"King Henry VI, the second part","King Henry VI, the second part",NA,NA,William Shakespeare,contents,directions,ACT III,SCENE II. Bury St. Edmund’s. A Room of State,NA,NA,For it is known we were but hollow friends.
1501,"King Henry VI, the second part","King Henry VI, the second part",NA,NA,William Shakespeare,contents,directions,ACT III,SCENE II. Bury St. Edmund’s. A Room of State,NA,NA,It may be judged I made the Duke away;
1501,"King Henry VI, the second part","King Henry VI, the second part",NA,NA,William Shakespeare,contents,directions,ACT III,SCENE II. Bury St. Edmund’s. A Room of State,NA,NA,So shall my name with slander’s tongue be wounded
1501,"King Henry VI, the second part","King Henry VI, the second part",NA,NA,William Shakespeare,contents,directions,ACT III,SCENE II. Bury St. Edmund’s. A Room of State,NA,NA,And princes’ courts be filled with my reproach.
1501,"King Henry VI, the second part","King Henry VI, the second part",NA,NA,William Shakespeare,contents,directions,ACT III,SCENE II. Bury St. Edmund’s. A Room of State,NA,NA,"This get I by his death. Ay me, unhappy!"
1501,"King Henry VI, the second part","King Henry VI, the second part",NA,NA,William Shakespeare,contents,directions,ACT III,SCENE II. Bury St. Edmund’s. A Room of State,NA,NA,"To be a queen, and crowned with infamy!"
1501,"King Henry VI, the second part","King Henry VI, the second part",NA,NA,William Shakespeare,contents,unknown,ACT III,SCENE II. Bury St. Edmund’s. A Room of State,NA,NA,KING HENRY.
1501,"King Henry VI, the second part","King Henry VI, the second part",NA,NA,William Shakespeare,contents,directions,ACT III,SCENE II. Bury St. Edmund’s. A Room of State,NA,NA,"Ah, woe is me for Gloucester, wretched man!"
1501,"King Henry VI, the second part","King Henry VI, the second part",NA,NA,William Shakespeare,contents,unknown,ACT III,SCENE II. Bury St. Edmund’s. A Room of State,NA,NA,QUEEN MARGARET.
1501,"King Henry VI, the second part","King Henry VI, the second part",NA,NA,William Shakespeare,contents,directions,ACT III,SCENE II. Bury St. Edmund’s. A Room of State,NA,NA,"Be woe for me, more wretched than he is."
1501,"King Henry VI, the second part","King Henry VI, the second part",NA,NA,William Shakespeare,contents,directions,ACT III,SCENE II. Bury St. Edmund’s. A Room of State,NA,NA,"What, dost thou turn away and hide thy face?"
1501,"King Henry VI, the second part","King Henry VI, the second part",NA,NA,William Shakespeare,contents,directions,ACT III,SCENE II. Bury St. Edmund’s. A Room of State,NA,NA,I am no loathsome leper. Look on me.
1501,"King Henry VI, the second part","King Henry VI, the second part",NA,NA,William Shakespeare,contents,directions,ACT III,SCENE II. Bury St. Edmund’s. A Room of State,NA,NA,"What, art thou, like the adder, waxen deaf?"
1501,"King Henry VI, the second part","King Henry VI, the second part",NA,NA,William Shakespeare,contents,directions,ACT III,SCENE II. Bury St. Edmund’s. A Room of State,NA,NA,Be poisonous too and kill thy forlorn Queen.
1501,"King Henry VI, the second part","King Henry VI, the second part",NA,NA,William Shakespeare,contents,directions,ACT III,SCENE II. Bury St. Edmund’s. A Room of State,NA,NA,Is all thy comfort shut in Gloucester’s tomb?
1501,"King Henry VI, the second part","King Henry VI, the second part",NA,NA,William Shakespeare,contents,directions,ACT III,SCENE II. Bury St. Edmund’s. A Room of State,NA,NA,"Why, then, Dame Margaret was ne’er thy joy."
1501,"King Henry VI, the second part","King Henry VI, the second part",NA,NA,William Shakespeare,contents,directions,ACT III,SCENE II. Bury St. Edmund’s. A Room of State,NA,NA,"Erect his statue and worship it,"
1501,"King Henry VI, the second part","King Henry VI, the second part",NA,NA,William Shakespeare,contents,directions,ACT III,SCENE II. Bury St. Edmund’s. A Room of State,NA,NA,And make my image but an alehouse sign.
1501,"King Henry VI, the second part","King Henry VI, the second part",NA,NA,William Shakespeare,contents,directions,ACT III,SCENE II. Bury St. Edmund’s. A Room of State,NA,NA,Was I for this nigh wracked upon the sea
1501,"King Henry VI, the second part","King Henry VI, the second part",NA,NA,William Shakespeare,contents,directions,ACT III,SCENE II. Bury St. Edmund’s. A Room of State,NA,NA,And twice by awkward wind from England’s bank
1501,"King Henry VI, the second part","King Henry VI, the second part",NA,NA,William Shakespeare,contents,directions,ACT III,SCENE II. Bury St. Edmund’s. A Room of State,NA,NA,Drove back again unto my native clime?
1501,"King Henry VI, the second part","King Henry VI, the second part",NA,NA,William Shakespeare,contents,directions,ACT III,SCENE II. Bury St. Edmund’s. A Room of State,NA,NA,"What boded this, but well forewarning wind"
1501,"King Henry VI, the second part","King Henry VI, the second part",NA,NA,William Shakespeare,contents,directions,ACT III,SCENE II. Bury St. Edmund’s. A Room of State,NA,NA,"Did seem to say “Seek not a scorpion’s nest,"
1501,"King Henry VI, the second part","King Henry VI, the second part",NA,NA,William Shakespeare,contents,directions,ACT III,SCENE II. Bury St. Edmund’s. A Room of State,NA,NA,Nor set no footing on this unkind shore?”
1501,"King Henry VI, the second part","King Henry VI, the second part",NA,NA,William Shakespeare,contents,directions,ACT III,SCENE II. Bury St. Edmund’s. A Room of State,NA,NA,"What did I then, but cursed the gentle gusts"
1501,"King Henry VI, the second part","King Henry VI, the second part",NA,NA,William Shakespeare,contents,directions,ACT III,SCENE II. Bury St. Edmund’s. A Room of State,NA,NA,And he that loosed them forth their brazen caves
1501,"King Henry VI, the second part","King Henry VI, the second part",NA,NA,William Shakespeare,contents,directions,ACT III,SCENE II. Bury St. Edmund’s. A Room of State,NA,NA,And bid them blow towards England’s blessed shore
1501,"King Henry VI, the second part","King Henry VI, the second part",NA,NA,William Shakespeare,contents,directions,ACT III,SCENE II. Bury St. Edmund’s. A Room of State,NA,NA,Or turn our stern upon a dreadful rock?
1501,"King Henry VI, the second part","King Henry VI, the second part",NA,NA,William Shakespeare,contents,directions,ACT III,SCENE II. Bury St. Edmund’s. A Room of State,NA,NA,"Yet Aeolus would not be a murderer,"
1501,"King Henry VI, the second part","King Henry VI, the second part",NA,NA,William Shakespeare,contents,directions,ACT III,SCENE II. Bury St. Edmund’s. A Room of State,NA,NA,But left that hateful office unto thee.
1501,"King Henry VI, the second part","King Henry VI, the second part",NA,NA,William Shakespeare,contents,directions,ACT III,SCENE II. Bury St. Edmund’s. A Room of State,NA,NA,"The pretty-vaulting sea refused to drown me,"
1501,"King Henry VI, the second part","King Henry VI, the second part",NA,NA,William Shakespeare,contents,directions,ACT III,SCENE II. Bury St. Edmund’s. A Room of State,NA,NA,Knowing that thou wouldst have me drowned on shore
1501,"King Henry VI, the second part","King Henry VI, the second part",NA,NA,William Shakespeare,contents,directions,ACT III,SCENE II. Bury St. Edmund’s. A Room of State,NA,NA,"With tears as salt as sea, through thy unkindness."
1501,"King Henry VI, the second part","King Henry VI, the second part",NA,NA,William Shakespeare,contents,directions,ACT III,SCENE II. Bury St. Edmund’s. A Room of State,NA,NA,The splitting rocks cowered in the sinking sands
1501,"King Henry VI, the second part","King Henry VI, the second part",NA,NA,William Shakespeare,contents,directions,ACT III,SCENE II. Bury St. Edmund’s. A Room of State,NA,NA,"And would not dash me with their ragged sides,"
1501,"King Henry VI, the second part","King Henry VI, the second part",NA,NA,William Shakespeare,contents,directions,ACT III,SCENE II. Bury St. Edmund’s. A Room of State,NA,NA,"Because thy flinty heart, more hard than they,"
1501,"King Henry VI, the second part","King Henry VI, the second part",NA,NA,William Shakespeare,contents,directions,ACT III,SCENE II. Bury St. Edmund’s. A Room of State,NA,NA,Might in thy palace perish Margaret.
1501,"King Henry VI, the second part","King Henry VI, the second part",NA,NA,William Shakespeare,contents,directions,ACT III,SCENE II. Bury St. Edmund’s. A Room of State,NA,NA,"As far as I could ken thy chalky cliffs,"
1501,"King Henry VI, the second part","King Henry VI, the second part",NA,NA,William Shakespeare,contents,directions,ACT III,SCENE II. Bury St. Edmund’s. A Room of State,NA,NA,"When from thy shore the tempest beat us back,"
1501,"King Henry VI, the second part","King Henry VI, the second part",NA,NA,William Shakespeare,contents,directions,ACT III,SCENE II. Bury St. Edmund’s. A Room of State,NA,NA,"I stood upon the hatches in the storm,"
1501,"King Henry VI, the second part","King Henry VI, the second part",NA,NA,William Shakespeare,contents,directions,ACT III,SCENE II. Bury St. Edmund’s. A Room of State,NA,NA,And when the dusky sky began to rob
1501,"King Henry VI, the second part","King Henry VI, the second part",NA,NA,William Shakespeare,contents,directions,ACT III,SCENE II. Bury St. Edmund’s. A Room of State,NA,NA,"My earnest-gaping sight of thy land’s view,"
1501,"King Henry VI, the second part","King Henry VI, the second part",NA,NA,William Shakespeare,contents,directions,ACT III,SCENE II. Bury St. Edmund’s. A Room of State,NA,NA,I took a costly jewel from my neck—
1501,"King Henry VI, the second part","King Henry VI, the second part",NA,NA,William Shakespeare,contents,directions,ACT III,SCENE II. Bury St. Edmund’s. A Room of State,NA,NA,"A heart it was, bound in with diamonds—"
1501,"King Henry VI, the second part","King Henry VI, the second part",NA,NA,William Shakespeare,contents,directions,ACT III,SCENE II. Bury St. Edmund’s. A Room of State,NA,NA,"And threw it towards thy land. The sea received it,"
1501,"King Henry VI, the second part","King Henry VI, the second part",NA,NA,William Shakespeare,contents,directions,ACT III,SCENE II. Bury St. Edmund’s. A Room of State,NA,NA,And so I wished thy body might my heart.
1501,"King Henry VI, the second part","King Henry VI, the second part",NA,NA,William Shakespeare,contents,directions,ACT III,SCENE II. Bury St. Edmund’s. A Room of State,NA,NA,"And even with this I lost fair England’s view,"
1501,"King Henry VI, the second part","King Henry VI, the second part",NA,NA,William Shakespeare,contents,directions,ACT III,SCENE II. Bury St. Edmund’s. A Room of State,NA,NA,"And bid mine eyes be packing with my heart,"
1501,"King Henry VI, the second part","King Henry VI, the second part",NA,NA,William Shakespeare,contents,directions,ACT III,SCENE II. Bury St. Edmund’s. A Room of State,NA,NA,"And called them blind and dusky spectacles,"
1501,"King Henry VI, the second part","King Henry VI, the second part",NA,NA,William Shakespeare,contents,directions,ACT III,SCENE II. Bury St. Edmund’s. A Room of State,NA,NA,For losing ken of Albion’s wished coast.
1501,"King Henry VI, the second part","King Henry VI, the second part",NA,NA,William Shakespeare,contents,directions,ACT III,SCENE II. Bury St. Edmund’s. A Room of State,NA,NA,"How often have I tempted Suffolk’s tongue,"
1501,"King Henry VI, the second part","King Henry VI, the second part",NA,NA,William Shakespeare,contents,directions,ACT III,SCENE II. Bury St. Edmund’s. A Room of State,NA,NA,"The agent of thy foul inconstancy,"
1501,"King Henry VI, the second part","King Henry VI, the second part",NA,NA,William Shakespeare,contents,directions,ACT III,SCENE II. Bury St. Edmund’s. A Room of State,NA,NA,"To sit and witch me, as Ascanius did"
1501,"King Henry VI, the second part","King Henry VI, the second part",NA,NA,William Shakespeare,contents,directions,ACT III,SCENE II. Bury St. Edmund’s. A Room of State,NA,NA,When he to madding Dido would unfold
1501,"King Henry VI, the second part","King Henry VI, the second part",NA,NA,William Shakespeare,contents,directions,ACT III,SCENE II. Bury St. Edmund’s. A Room of State,NA,NA,His father’s acts commenced in burning Troy!
1501,"King Henry VI, the second part","King Henry VI, the second part",NA,NA,William Shakespeare,contents,directions,ACT III,SCENE II. Bury St. Edmund’s. A Room of State,NA,NA,Am I not witched like her? Or thou not false like him?
1501,"King Henry VI, the second part","King Henry VI, the second part",NA,NA,William Shakespeare,contents,directions,ACT III,SCENE II. Bury St. Edmund’s. A Room of State,NA,NA,"Ay me, I can no more! Die, Margaret,"
1501,"King Henry VI, the second part","King Henry VI, the second part",NA,NA,William Shakespeare,contents,directions,ACT III,SCENE II. Bury St. Edmund’s. A Room of State,NA,NA,For Henry weeps that thou dost live so long.
1501,"King Henry VI, the second part","King Henry VI, the second part",NA,NA,William Shakespeare,contents,directions,ACT III,SCENE II. Bury St. Edmund’s. A Room of State,NA,NA,"Noise within. Enter Warwick, Salisbury and many Commons."
1501,"King Henry VI, the second part","King Henry VI, the second part",NA,NA,William Shakespeare,contents,unknown,ACT III,SCENE II. Bury St. Edmund’s. A Room of State,NA,NA,WARWICK.
1501,"King Henry VI, the second part","King Henry VI, the second part",NA,NA,William Shakespeare,contents,directions,ACT III,SCENE II. Bury St. Edmund’s. A Room of State,NA,NA,"It is reported, mighty sovereign,"
1501,"King Henry VI, the second part","King Henry VI, the second part",NA,NA,William Shakespeare,contents,directions,ACT III,SCENE II. Bury St. Edmund’s. A Room of State,NA,NA,That good Duke Humphrey traitorously is murdered
1501,"King Henry VI, the second part","King Henry VI, the second part",NA,NA,William Shakespeare,contents,directions,ACT III,SCENE II. Bury St. Edmund’s. A Room of State,NA,NA,By Suffolk and the Cardinal Beaufort’s means.
1501,"King Henry VI, the second part","King Henry VI, the second part",NA,NA,William Shakespeare,contents,directions,ACT III,SCENE II. Bury St. Edmund’s. A Room of State,NA,NA,"The commons, like an angry hive of bees"
1501,"King Henry VI, the second part","King Henry VI, the second part",NA,NA,William Shakespeare,contents,directions,ACT III,SCENE II. Bury St. Edmund’s. A Room of State,NA,NA,"That want their leader, scatter up and down"
1501,"King Henry VI, the second part","King Henry VI, the second part",NA,NA,William Shakespeare,contents,directions,ACT III,SCENE II. Bury St. Edmund’s. A Room of State,NA,NA,And care not who they sting in his revenge.
1501,"King Henry VI, the second part","King Henry VI, the second part",NA,NA,William Shakespeare,contents,directions,ACT III,SCENE II. Bury St. Edmund’s. A Room of State,NA,NA,"Myself have calmed their spleenful mutiny,"
1501,"King Henry VI, the second part","King Henry VI, the second part",NA,NA,William Shakespeare,contents,directions,ACT III,SCENE II. Bury St. Edmund’s. A Room of State,NA,NA,Until they hear the order of his death.
1501,"King Henry VI, the second part","King Henry VI, the second part",NA,NA,William Shakespeare,contents,unknown,ACT III,SCENE II. Bury St. Edmund’s. A Room of State,NA,NA,KING HENRY.
1501,"King Henry VI, the second part","King Henry VI, the second part",NA,NA,William Shakespeare,contents,directions,ACT III,SCENE II. Bury St. Edmund’s. A Room of State,NA,NA,"That he is dead, good Warwick, ’tis too true;"
1501,"King Henry VI, the second part","King Henry VI, the second part",NA,NA,William Shakespeare,contents,directions,ACT III,SCENE II. Bury St. Edmund’s. A Room of State,NA,NA,"But how he died God knows, not Henry."
1501,"King Henry VI, the second part","King Henry VI, the second part",NA,NA,William Shakespeare,contents,directions,ACT III,SCENE II. Bury St. Edmund’s. A Room of State,NA,NA,"Enter his chamber, view his breathless corpse,"
1501,"King Henry VI, the second part","King Henry VI, the second part",NA,NA,William Shakespeare,contents,directions,ACT III,SCENE II. Bury St. Edmund’s. A Room of State,NA,NA,And comment then upon his sudden death.
1501,"King Henry VI, the second part","King Henry VI, the second part",NA,NA,William Shakespeare,contents,unknown,ACT III,SCENE II. Bury St. Edmund’s. A Room of State,NA,NA,WARWICK.
1501,"King Henry VI, the second part","King Henry VI, the second part",NA,NA,William Shakespeare,contents,directions,ACT III,SCENE II. Bury St. Edmund’s. A Room of State,NA,NA,"That shall I do, my liege.—Stay, Salisbury,"
1501,"King Henry VI, the second part","King Henry VI, the second part",NA,NA,William Shakespeare,contents,directions,ACT III,SCENE II. Bury St. Edmund’s. A Room of State,NA,NA,With the rude multitude till I return.
1501,"King Henry VI, the second part","King Henry VI, the second part",NA,NA,William Shakespeare,contents,directions,ACT III,SCENE II. Bury St. Edmund’s. A Room of State,NA,NA,[Warwick exits through one door; Salisbury and Commons exit through
1501,"King Henry VI, the second part","King Henry VI, the second part",NA,NA,William Shakespeare,contents,directions,ACT III,SCENE II. Bury St. Edmund’s. A Room of State,NA,NA,another.]
1501,"King Henry VI, the second part","King Henry VI, the second part",NA,NA,William Shakespeare,contents,unknown,ACT III,SCENE II. Bury St. Edmund’s. A Room of State,NA,NA,KING HENRY.
1501,"King Henry VI, the second part","King Henry VI, the second part",NA,NA,William Shakespeare,contents,directions,ACT III,SCENE II. Bury St. Edmund’s. A Room of State,NA,NA,"O Thou that judgest all things, stay my thoughts,"
1501,"King Henry VI, the second part","King Henry VI, the second part",NA,NA,William Shakespeare,contents,directions,ACT III,SCENE II. Bury St. Edmund’s. A Room of State,NA,NA,My thoughts that labour to persuade my soul
1501,"King Henry VI, the second part","King Henry VI, the second part",NA,NA,William Shakespeare,contents,directions,ACT III,SCENE II. Bury St. Edmund’s. A Room of State,NA,NA,Some violent hands were laid on Humphrey’s life.
1501,"King Henry VI, the second part","King Henry VI, the second part",NA,NA,William Shakespeare,contents,directions,ACT III,SCENE II. Bury St. Edmund’s. A Room of State,NA,NA,"If my suspect be false, forgive me, God,"
1501,"King Henry VI, the second part","King Henry VI, the second part",NA,NA,William Shakespeare,contents,directions,ACT III,SCENE II. Bury St. Edmund’s. A Room of State,NA,NA,For judgment only doth belong to Thee.
1501,"King Henry VI, the second part","King Henry VI, the second part",NA,NA,William Shakespeare,contents,directions,ACT III,SCENE II. Bury St. Edmund’s. A Room of State,NA,NA,Fain would I go to chafe his paly lips
1501,"King Henry VI, the second part","King Henry VI, the second part",NA,NA,William Shakespeare,contents,directions,ACT III,SCENE II. Bury St. Edmund’s. A Room of State,NA,NA,"With twenty thousand kisses, and to drain"
1501,"King Henry VI, the second part","King Henry VI, the second part",NA,NA,William Shakespeare,contents,directions,ACT III,SCENE II. Bury St. Edmund’s. A Room of State,NA,NA,"Upon his face an ocean of salt tears,"
1501,"King Henry VI, the second part","King Henry VI, the second part",NA,NA,William Shakespeare,contents,directions,ACT III,SCENE II. Bury St. Edmund’s. A Room of State,NA,NA,"To tell my love unto his dumb deaf trunk,"
1501,"King Henry VI, the second part","King Henry VI, the second part",NA,NA,William Shakespeare,contents,directions,ACT III,SCENE II. Bury St. Edmund’s. A Room of State,NA,NA,And with my fingers feel his hand unfeeling;
1501,"King Henry VI, the second part","King Henry VI, the second part",NA,NA,William Shakespeare,contents,directions,ACT III,SCENE II. Bury St. Edmund’s. A Room of State,NA,NA,But all in vain are these mean obsequies.
1501,"King Henry VI, the second part","King Henry VI, the second part",NA,NA,William Shakespeare,contents,directions,ACT III,SCENE II. Bury St. Edmund’s. A Room of State,NA,NA,"And to survey his dead and earthy image,"
1501,"King Henry VI, the second part","King Henry VI, the second part",NA,NA,William Shakespeare,contents,directions,ACT III,SCENE II. Bury St. Edmund’s. A Room of State,NA,NA,What were it but to make my sorrow greater?
1501,"King Henry VI, the second part","King Henry VI, the second part",NA,NA,William Shakespeare,contents,directions,ACT III,SCENE II. Bury St. Edmund’s. A Room of State,NA,NA,"Enter Warwick and others, bearing Gloucester’s body on a bed."
1501,"King Henry VI, the second part","King Henry VI, the second part",NA,NA,William Shakespeare,contents,unknown,ACT III,SCENE II. Bury St. Edmund’s. A Room of State,NA,NA,WARWICK.
1501,"King Henry VI, the second part","King Henry VI, the second part",NA,NA,William Shakespeare,contents,directions,ACT III,SCENE II. Bury St. Edmund’s. A Room of State,NA,NA,"Come hither, gracious sovereign, view this body."
1501,"King Henry VI, the second part","King Henry VI, the second part",NA,NA,William Shakespeare,contents,unknown,ACT III,SCENE II. Bury St. Edmund’s. A Room of State,NA,NA,KING HENRY.
1501,"King Henry VI, the second part","King Henry VI, the second part",NA,NA,William Shakespeare,contents,directions,ACT III,SCENE II. Bury St. Edmund’s. A Room of State,NA,NA,"That is to see how deep my grave is made,"
1501,"King Henry VI, the second part","King Henry VI, the second part",NA,NA,William Shakespeare,contents,directions,ACT III,SCENE II. Bury St. Edmund’s. A Room of State,NA,NA,For with his soul fled all my worldly solace;
1501,"King Henry VI, the second part","King Henry VI, the second part",NA,NA,William Shakespeare,contents,directions,ACT III,SCENE II. Bury St. Edmund’s. A Room of State,NA,NA,"For seeing him, I see my life in death."
1501,"King Henry VI, the second part","King Henry VI, the second part",NA,NA,William Shakespeare,contents,unknown,ACT III,SCENE II. Bury St. Edmund’s. A Room of State,NA,NA,WARWICK.
1501,"King Henry VI, the second part","King Henry VI, the second part",NA,NA,William Shakespeare,contents,directions,ACT III,SCENE II. Bury St. Edmund’s. A Room of State,NA,NA,As surely as my soul intends to live
1501,"King Henry VI, the second part","King Henry VI, the second part",NA,NA,William Shakespeare,contents,directions,ACT III,SCENE II. Bury St. Edmund’s. A Room of State,NA,NA,With that dread King that took our state upon Him
1501,"King Henry VI, the second part","King Henry VI, the second part",NA,NA,William Shakespeare,contents,directions,ACT III,SCENE II. Bury St. Edmund’s. A Room of State,NA,NA,"To free us from His Father’s wrathful curse,"
1501,"King Henry VI, the second part","King Henry VI, the second part",NA,NA,William Shakespeare,contents,directions,ACT III,SCENE II. Bury St. Edmund’s. A Room of State,NA,NA,I do believe that violent hands were laid
1501,"King Henry VI, the second part","King Henry VI, the second part",NA,NA,William Shakespeare,contents,directions,ACT III,SCENE II. Bury St. Edmund’s. A Room of State,NA,NA,Upon the life of this thrice-famed duke.
1501,"King Henry VI, the second part","King Henry VI, the second part",NA,NA,William Shakespeare,contents,unknown,ACT III,SCENE II. Bury St. Edmund’s. A Room of State,NA,NA,SUFFOLK.
1501,"King Henry VI, the second part","King Henry VI, the second part",NA,NA,William Shakespeare,contents,directions,ACT III,SCENE II. Bury St. Edmund’s. A Room of State,NA,NA,"A dreadful oath, sworn with a solemn tongue!"
1501,"King Henry VI, the second part","King Henry VI, the second part",NA,NA,William Shakespeare,contents,directions,ACT III,SCENE II. Bury St. Edmund’s. A Room of State,NA,NA,What instance gives Lord Warwick for his vow?
1501,"King Henry VI, the second part","King Henry VI, the second part",NA,NA,William Shakespeare,contents,unknown,ACT III,SCENE II. Bury St. Edmund’s. A Room of State,NA,NA,WARWICK.
1501,"King Henry VI, the second part","King Henry VI, the second part",NA,NA,William Shakespeare,contents,directions,ACT III,SCENE II. Bury St. Edmund’s. A Room of State,NA,NA,See how the blood is settled in his face.
1501,"King Henry VI, the second part","King Henry VI, the second part",NA,NA,William Shakespeare,contents,directions,ACT III,SCENE II. Bury St. Edmund’s. A Room of State,NA,NA,"Oft have I seen a timely-parted ghost,"
1501,"King Henry VI, the second part","King Henry VI, the second part",NA,NA,William Shakespeare,contents,directions,ACT III,SCENE II. Bury St. Edmund’s. A Room of State,NA,NA,"Of ashy semblance, meagre, pale, and bloodless,"
1501,"King Henry VI, the second part","King Henry VI, the second part",NA,NA,William Shakespeare,contents,directions,ACT III,SCENE II. Bury St. Edmund’s. A Room of State,NA,NA,"Being all descended to the labouring heart,"
1501,"King Henry VI, the second part","King Henry VI, the second part",NA,NA,William Shakespeare,contents,directions,ACT III,SCENE II. Bury St. Edmund’s. A Room of State,NA,NA,"Who, in the conflict that it holds with death,"
1501,"King Henry VI, the second part","King Henry VI, the second part",NA,NA,William Shakespeare,contents,directions,ACT III,SCENE II. Bury St. Edmund’s. A Room of State,NA,NA,"Attracts the same for aidance ’gainst the enemy,"
1501,"King Henry VI, the second part","King Henry VI, the second part",NA,NA,William Shakespeare,contents,directions,ACT III,SCENE II. Bury St. Edmund’s. A Room of State,NA,NA,Which with the heart there cools and ne’er returneth
1501,"King Henry VI, the second part","King Henry VI, the second part",NA,NA,William Shakespeare,contents,directions,ACT III,SCENE II. Bury St. Edmund’s. A Room of State,NA,NA,To blush and beautify the cheek again.
1501,"King Henry VI, the second part","King Henry VI, the second part",NA,NA,William Shakespeare,contents,directions,ACT III,SCENE II. Bury St. Edmund’s. A Room of State,NA,NA,"But see, his face is black and full of blood,"
1501,"King Henry VI, the second part","King Henry VI, the second part",NA,NA,William Shakespeare,contents,directions,ACT III,SCENE II. Bury St. Edmund’s. A Room of State,NA,NA,"His eyeballs further out than when he lived,"
1501,"King Henry VI, the second part","King Henry VI, the second part",NA,NA,William Shakespeare,contents,directions,ACT III,SCENE II. Bury St. Edmund’s. A Room of State,NA,NA,Staring full ghastly like a strangled man;
1501,"King Henry VI, the second part","King Henry VI, the second part",NA,NA,William Shakespeare,contents,directions,ACT III,SCENE II. Bury St. Edmund’s. A Room of State,NA,NA,"His hair upreared, his nostrils stretched with struggling,"
1501,"King Henry VI, the second part","King Henry VI, the second part",NA,NA,William Shakespeare,contents,directions,ACT III,SCENE II. Bury St. Edmund’s. A Room of State,NA,NA,"His hands abroad displayed, as one that grasped"
1501,"King Henry VI, the second part","King Henry VI, the second part",NA,NA,William Shakespeare,contents,directions,ACT III,SCENE II. Bury St. Edmund’s. A Room of State,NA,NA,And tugged for life and was by strength subdued.
1501,"King Henry VI, the second part","King Henry VI, the second part",NA,NA,William Shakespeare,contents,directions,ACT III,SCENE II. Bury St. Edmund’s. A Room of State,NA,NA,"Look, on the sheets his hair, you see, is sticking;"
1501,"King Henry VI, the second part","King Henry VI, the second part",NA,NA,William Shakespeare,contents,directions,ACT III,SCENE II. Bury St. Edmund’s. A Room of State,NA,NA,"His well-proportioned beard made rough and rugged,"
1501,"King Henry VI, the second part","King Henry VI, the second part",NA,NA,William Shakespeare,contents,directions,ACT III,SCENE II. Bury St. Edmund’s. A Room of State,NA,NA,Like to the summer’s corn by tempest lodged.
1501,"King Henry VI, the second part","King Henry VI, the second part",NA,NA,William Shakespeare,contents,directions,ACT III,SCENE II. Bury St. Edmund’s. A Room of State,NA,NA,It cannot be but he was murdered here;
1501,"King Henry VI, the second part","King Henry VI, the second part",NA,NA,William Shakespeare,contents,directions,ACT III,SCENE II. Bury St. Edmund’s. A Room of State,NA,NA,The least of all these signs were probable.
1501,"King Henry VI, the second part","King Henry VI, the second part",NA,NA,William Shakespeare,contents,unknown,ACT III,SCENE II. Bury St. Edmund’s. A Room of State,NA,NA,SUFFOLK.
1501,"King Henry VI, the second part","King Henry VI, the second part",NA,NA,William Shakespeare,contents,directions,ACT III,SCENE II. Bury St. Edmund’s. A Room of State,NA,NA,"Why, Warwick, who should do the Duke to death?"
1501,"King Henry VI, the second part","King Henry VI, the second part",NA,NA,William Shakespeare,contents,directions,ACT III,SCENE II. Bury St. Edmund’s. A Room of State,NA,NA,"Myself and Beaufort had him in protection,"
1501,"King Henry VI, the second part","King Henry VI, the second part",NA,NA,William Shakespeare,contents,directions,ACT III,SCENE II. Bury St. Edmund’s. A Room of State,NA,NA,"And we, I hope, sir, are no murderers."
1501,"King Henry VI, the second part","King Henry VI, the second part",NA,NA,William Shakespeare,contents,unknown,ACT III,SCENE II. Bury St. Edmund’s. A Room of State,NA,NA,WARWICK.
1501,"King Henry VI, the second part","King Henry VI, the second part",NA,NA,William Shakespeare,contents,directions,ACT III,SCENE II. Bury St. Edmund’s. A Room of State,NA,NA,"But both of you were vowed Duke Humphrey’s foes,"
1501,"King Henry VI, the second part","King Henry VI, the second part",NA,NA,William Shakespeare,contents,directions,ACT III,SCENE II. Bury St. Edmund’s. A Room of State,NA,NA,"And you, forsooth, had the good Duke to keep."
1501,"King Henry VI, the second part","King Henry VI, the second part",NA,NA,William Shakespeare,contents,directions,ACT III,SCENE II. Bury St. Edmund’s. A Room of State,NA,NA,"’Tis like you would not feast him like a friend,"
1501,"King Henry VI, the second part","King Henry VI, the second part",NA,NA,William Shakespeare,contents,directions,ACT III,SCENE II. Bury St. Edmund’s. A Room of State,NA,NA,And ’tis well seen he found an enemy.
1501,"King Henry VI, the second part","King Henry VI, the second part",NA,NA,William Shakespeare,contents,unknown,ACT III,SCENE II. Bury St. Edmund’s. A Room of State,NA,NA,QUEEN MARGARET.
1501,"King Henry VI, the second part","King Henry VI, the second part",NA,NA,William Shakespeare,contents,directions,ACT III,SCENE II. Bury St. Edmund’s. A Room of State,NA,NA,"Then you, belike, suspect these noblemen"
1501,"King Henry VI, the second part","King Henry VI, the second part",NA,NA,William Shakespeare,contents,directions,ACT III,SCENE II. Bury St. Edmund’s. A Room of State,NA,NA,As guilty of Duke Humphrey’s timeless death.
1501,"King Henry VI, the second part","King Henry VI, the second part",NA,NA,William Shakespeare,contents,unknown,ACT III,SCENE II. Bury St. Edmund’s. A Room of State,NA,NA,WARWICK.
1501,"King Henry VI, the second part","King Henry VI, the second part",NA,NA,William Shakespeare,contents,directions,ACT III,SCENE II. Bury St. Edmund’s. A Room of State,NA,NA,Who finds the heifer dead and bleeding fresh
1501,"King Henry VI, the second part","King Henry VI, the second part",NA,NA,William Shakespeare,contents,directions,ACT III,SCENE II. Bury St. Edmund’s. A Room of State,NA,NA,"And sees fast by a butcher with an axe,"
1501,"King Henry VI, the second part","King Henry VI, the second part",NA,NA,William Shakespeare,contents,directions,ACT III,SCENE II. Bury St. Edmund’s. A Room of State,NA,NA,But will suspect ’twas he that made the slaughter?
1501,"King Henry VI, the second part","King Henry VI, the second part",NA,NA,William Shakespeare,contents,directions,ACT III,SCENE II. Bury St. Edmund’s. A Room of State,NA,NA,Who finds the partridge in the puttock’s nest
1501,"King Henry VI, the second part","King Henry VI, the second part",NA,NA,William Shakespeare,contents,directions,ACT III,SCENE II. Bury St. Edmund’s. A Room of State,NA,NA,"But may imagine how the bird was dead,"
1501,"King Henry VI, the second part","King Henry VI, the second part",NA,NA,William Shakespeare,contents,directions,ACT III,SCENE II. Bury St. Edmund’s. A Room of State,NA,NA,Although the kite soar with unbloodied beak?
1501,"King Henry VI, the second part","King Henry VI, the second part",NA,NA,William Shakespeare,contents,directions,ACT III,SCENE II. Bury St. Edmund’s. A Room of State,NA,NA,Even so suspicious is this tragedy.
1501,"King Henry VI, the second part","King Henry VI, the second part",NA,NA,William Shakespeare,contents,unknown,ACT III,SCENE II. Bury St. Edmund’s. A Room of State,NA,NA,QUEEN MARGARET.
1501,"King Henry VI, the second part","King Henry VI, the second part",NA,NA,William Shakespeare,contents,directions,ACT III,SCENE II. Bury St. Edmund’s. A Room of State,NA,NA,"Are you the butcher, Suffolk? Where’s your knife?"
1501,"King Henry VI, the second part","King Henry VI, the second part",NA,NA,William Shakespeare,contents,directions,ACT III,SCENE II. Bury St. Edmund’s. A Room of State,NA,NA,Is Beaufort termed a kite? Where are his talons?
1501,"King Henry VI, the second part","King Henry VI, the second part",NA,NA,William Shakespeare,contents,unknown,ACT III,SCENE II. Bury St. Edmund’s. A Room of State,NA,NA,SUFFOLK.
1501,"King Henry VI, the second part","King Henry VI, the second part",NA,NA,William Shakespeare,contents,directions,ACT III,SCENE II. Bury St. Edmund’s. A Room of State,NA,NA,"I wear no knife to slaughter sleeping men,"
1501,"King Henry VI, the second part","King Henry VI, the second part",NA,NA,William Shakespeare,contents,directions,ACT III,SCENE II. Bury St. Edmund’s. A Room of State,NA,NA,"But here’s a vengeful sword, rusted with ease,"
1501,"King Henry VI, the second part","King Henry VI, the second part",NA,NA,William Shakespeare,contents,directions,ACT III,SCENE II. Bury St. Edmund’s. A Room of State,NA,NA,That shall be scoured in his rancorous heart
1501,"King Henry VI, the second part","King Henry VI, the second part",NA,NA,William Shakespeare,contents,directions,ACT III,SCENE II. Bury St. Edmund’s. A Room of State,NA,NA,That slanders me with murder’s crimson badge.
1501,"King Henry VI, the second part","King Henry VI, the second part",NA,NA,William Shakespeare,contents,directions,ACT III,SCENE II. Bury St. Edmund’s. A Room of State,NA,NA,"Say, if thou dar’st, proud Lord of Warwickshire,"
1501,"King Henry VI, the second part","King Henry VI, the second part",NA,NA,William Shakespeare,contents,directions,ACT III,SCENE II. Bury St. Edmund’s. A Room of State,NA,NA,That I am faulty in Duke Humphrey’s death.
1501,"King Henry VI, the second part","King Henry VI, the second part",NA,NA,William Shakespeare,contents,directions,ACT III,SCENE II. Bury St. Edmund’s. A Room of State,NA,NA,"[Exeunt Cardinal, Somerset and others.]"
1501,"King Henry VI, the second part","King Henry VI, the second part",NA,NA,William Shakespeare,contents,unknown,ACT III,SCENE II. Bury St. Edmund’s. A Room of State,NA,NA,WARWICK.
1501,"King Henry VI, the second part","King Henry VI, the second part",NA,NA,William Shakespeare,contents,directions,ACT III,SCENE II. Bury St. Edmund’s. A Room of State,NA,NA,"What dares not Warwick, if false Suffolk dare him?"
1501,"King Henry VI, the second part","King Henry VI, the second part",NA,NA,William Shakespeare,contents,unknown,ACT III,SCENE II. Bury St. Edmund’s. A Room of State,NA,NA,QUEEN MARGARET.
1501,"King Henry VI, the second part","King Henry VI, the second part",NA,NA,William Shakespeare,contents,directions,ACT III,SCENE II. Bury St. Edmund’s. A Room of State,NA,NA,"He dares not calm his contumelious spirit,"
1501,"King Henry VI, the second part","King Henry VI, the second part",NA,NA,William Shakespeare,contents,directions,ACT III,SCENE II. Bury St. Edmund’s. A Room of State,NA,NA,"Nor cease to be an arrogant controller,"
1501,"King Henry VI, the second part","King Henry VI, the second part",NA,NA,William Shakespeare,contents,directions,ACT III,SCENE II. Bury St. Edmund’s. A Room of State,NA,NA,Though Suffolk dare him twenty thousand times.
1501,"King Henry VI, the second part","King Henry VI, the second part",NA,NA,William Shakespeare,contents,unknown,ACT III,SCENE II. Bury St. Edmund’s. A Room of State,NA,NA,WARWICK.
1501,"King Henry VI, the second part","King Henry VI, the second part",NA,NA,William Shakespeare,contents,directions,ACT III,SCENE II. Bury St. Edmund’s. A Room of State,NA,NA,"Madam, be still, with reverence may I say;"
1501,"King Henry VI, the second part","King Henry VI, the second part",NA,NA,William Shakespeare,contents,directions,ACT III,SCENE II. Bury St. Edmund’s. A Room of State,NA,NA,For every word you speak in his behalf
1501,"King Henry VI, the second part","King Henry VI, the second part",NA,NA,William Shakespeare,contents,directions,ACT III,SCENE II. Bury St. Edmund’s. A Room of State,NA,NA,Is slander to your royal dignity.
1501,"King Henry VI, the second part","King Henry VI, the second part",NA,NA,William Shakespeare,contents,unknown,ACT III,SCENE II. Bury St. Edmund’s. A Room of State,NA,NA,SUFFOLK.
1501,"King Henry VI, the second part","King Henry VI, the second part",NA,NA,William Shakespeare,contents,directions,ACT III,SCENE II. Bury St. Edmund’s. A Room of State,NA,NA,"Blunt-witted lord, ignoble in demeanour!"
1501,"King Henry VI, the second part","King Henry VI, the second part",NA,NA,William Shakespeare,contents,directions,ACT III,SCENE II. Bury St. Edmund’s. A Room of State,NA,NA,"If ever lady wronged her lord so much,"
1501,"King Henry VI, the second part","King Henry VI, the second part",NA,NA,William Shakespeare,contents,directions,ACT III,SCENE II. Bury St. Edmund’s. A Room of State,NA,NA,Thy mother took into her blameful bed
1501,"King Henry VI, the second part","King Henry VI, the second part",NA,NA,William Shakespeare,contents,directions,ACT III,SCENE II. Bury St. Edmund’s. A Room of State,NA,NA,"Some stern untutored churl, and noble stock"
1501,"King Henry VI, the second part","King Henry VI, the second part",NA,NA,William Shakespeare,contents,directions,ACT III,SCENE II. Bury St. Edmund’s. A Room of State,NA,NA,"Was graft with crab-tree slip, whose fruit thou art,"
1501,"King Henry VI, the second part","King Henry VI, the second part",NA,NA,William Shakespeare,contents,directions,ACT III,SCENE II. Bury St. Edmund’s. A Room of State,NA,NA,And never of the Nevilles’ noble race.
1501,"King Henry VI, the second part","King Henry VI, the second part",NA,NA,William Shakespeare,contents,unknown,ACT III,SCENE II. Bury St. Edmund’s. A Room of State,NA,NA,WARWICK.
1501,"King Henry VI, the second part","King Henry VI, the second part",NA,NA,William Shakespeare,contents,directions,ACT III,SCENE II. Bury St. Edmund’s. A Room of State,NA,NA,But that the guilt of murder bucklers thee
1501,"King Henry VI, the second part","King Henry VI, the second part",NA,NA,William Shakespeare,contents,directions,ACT III,SCENE II. Bury St. Edmund’s. A Room of State,NA,NA,"And I should rob the deathsman of his fee,"
1501,"King Henry VI, the second part","King Henry VI, the second part",NA,NA,William Shakespeare,contents,directions,ACT III,SCENE II. Bury St. Edmund’s. A Room of State,NA,NA,"Quitting thee thereby of ten thousand shames,"
1501,"King Henry VI, the second part","King Henry VI, the second part",NA,NA,William Shakespeare,contents,directions,ACT III,SCENE II. Bury St. Edmund’s. A Room of State,NA,NA,"And that my sovereign’s presence makes me mild,"
1501,"King Henry VI, the second part","King Henry VI, the second part",NA,NA,William Shakespeare,contents,directions,ACT III,SCENE II. Bury St. Edmund’s. A Room of State,NA,NA,"I would, false murderous coward, on thy knee"
1501,"King Henry VI, the second part","King Henry VI, the second part",NA,NA,William Shakespeare,contents,directions,ACT III,SCENE II. Bury St. Edmund’s. A Room of State,NA,NA,Make thee beg pardon for thy passed speech
1501,"King Henry VI, the second part","King Henry VI, the second part",NA,NA,William Shakespeare,contents,directions,ACT III,SCENE II. Bury St. Edmund’s. A Room of State,NA,NA,"And say it was thy mother that thou meant’st,"
1501,"King Henry VI, the second part","King Henry VI, the second part",NA,NA,William Shakespeare,contents,directions,ACT III,SCENE II. Bury St. Edmund’s. A Room of State,NA,NA,That thou thyself wast born in bastardy;
1501,"King Henry VI, the second part","King Henry VI, the second part",NA,NA,William Shakespeare,contents,directions,ACT III,SCENE II. Bury St. Edmund’s. A Room of State,NA,NA,"And after all this fearful homage done,"
1501,"King Henry VI, the second part","King Henry VI, the second part",NA,NA,William Shakespeare,contents,directions,ACT III,SCENE II. Bury St. Edmund’s. A Room of State,NA,NA,"Give thee thy hire and send thy soul to hell,"
1501,"King Henry VI, the second part","King Henry VI, the second part",NA,NA,William Shakespeare,contents,directions,ACT III,SCENE II. Bury St. Edmund’s. A Room of State,NA,NA,Pernicious blood-sucker of sleeping men!
1501,"King Henry VI, the second part","King Henry VI, the second part",NA,NA,William Shakespeare,contents,unknown,ACT III,SCENE II. Bury St. Edmund’s. A Room of State,NA,NA,SUFFOLK.
1501,"King Henry VI, the second part","King Henry VI, the second part",NA,NA,William Shakespeare,contents,directions,ACT III,SCENE II. Bury St. Edmund’s. A Room of State,NA,NA,"Thou shalt be waking while I shed thy blood,"
1501,"King Henry VI, the second part","King Henry VI, the second part",NA,NA,William Shakespeare,contents,directions,ACT III,SCENE II. Bury St. Edmund’s. A Room of State,NA,NA,If from this presence thou dar’st go with me.
1501,"King Henry VI, the second part","King Henry VI, the second part",NA,NA,William Shakespeare,contents,unknown,ACT III,SCENE II. Bury St. Edmund’s. A Room of State,NA,NA,WARWICK.
1501,"King Henry VI, the second part","King Henry VI, the second part",NA,NA,William Shakespeare,contents,directions,ACT III,SCENE II. Bury St. Edmund’s. A Room of State,NA,NA,"Away even now, or I will drag thee hence."
1501,"King Henry VI, the second part","King Henry VI, the second part",NA,NA,William Shakespeare,contents,directions,ACT III,SCENE II. Bury St. Edmund’s. A Room of State,NA,NA,"Unworthy though thou art, I’ll cope with thee"
1501,"King Henry VI, the second part","King Henry VI, the second part",NA,NA,William Shakespeare,contents,directions,ACT III,SCENE II. Bury St. Edmund’s. A Room of State,NA,NA,And do some service to Duke Humphrey’s ghost.
1501,"King Henry VI, the second part","King Henry VI, the second part",NA,NA,William Shakespeare,contents,directions,ACT III,SCENE II. Bury St. Edmund’s. A Room of State,NA,NA,[Exeunt Suffolk and Warwick.]
1501,"King Henry VI, the second part","King Henry VI, the second part",NA,NA,William Shakespeare,contents,unknown,ACT III,SCENE II. Bury St. Edmund’s. A Room of State,NA,NA,KING HENRY.
1501,"King Henry VI, the second part","King Henry VI, the second part",NA,NA,William Shakespeare,contents,directions,ACT III,SCENE II. Bury St. Edmund’s. A Room of State,NA,NA,What stronger breastplate than a heart untainted?
1501,"King Henry VI, the second part","King Henry VI, the second part",NA,NA,William Shakespeare,contents,directions,ACT III,SCENE II. Bury St. Edmund’s. A Room of State,NA,NA,"Thrice is he armed that hath his quarrel just,"
1501,"King Henry VI, the second part","King Henry VI, the second part",NA,NA,William Shakespeare,contents,directions,ACT III,SCENE II. Bury St. Edmund’s. A Room of State,NA,NA,"And he but naked, though locked up in steel,"
1501,"King Henry VI, the second part","King Henry VI, the second part",NA,NA,William Shakespeare,contents,directions,ACT III,SCENE II. Bury St. Edmund’s. A Room of State,NA,NA,Whose conscience with injustice is corrupted.
1501,"King Henry VI, the second part","King Henry VI, the second part",NA,NA,William Shakespeare,contents,directions,ACT III,SCENE II. Bury St. Edmund’s. A Room of State,NA,NA,[A noise within.]
1501,"King Henry VI, the second part","King Henry VI, the second part",NA,NA,William Shakespeare,contents,unknown,ACT III,SCENE II. Bury St. Edmund’s. A Room of State,NA,NA,QUEEN MARGARET.
1501,"King Henry VI, the second part","King Henry VI, the second part",NA,NA,William Shakespeare,contents,directions,ACT III,SCENE II. Bury St. Edmund’s. A Room of State,NA,NA,What noise is this?
1501,"King Henry VI, the second part","King Henry VI, the second part",NA,NA,William Shakespeare,contents,directions,ACT III,SCENE II. Bury St. Edmund’s. A Room of State,NA,NA,Enter Suffolk and Warwick with their weapons drawn.
1501,"King Henry VI, the second part","King Henry VI, the second part",NA,NA,William Shakespeare,contents,unknown,ACT III,SCENE II. Bury St. Edmund’s. A Room of State,NA,NA,KING HENRY.
1501,"King Henry VI, the second part","King Henry VI, the second part",NA,NA,William Shakespeare,contents,directions,ACT III,SCENE II. Bury St. Edmund’s. A Room of State,NA,NA,"Why, how now, lords? Your wrathful weapons drawn"
1501,"King Henry VI, the second part","King Henry VI, the second part",NA,NA,William Shakespeare,contents,directions,ACT III,SCENE II. Bury St. Edmund’s. A Room of State,NA,NA,Here in our presence? Dare you be so bold?
1501,"King Henry VI, the second part","King Henry VI, the second part",NA,NA,William Shakespeare,contents,directions,ACT III,SCENE II. Bury St. Edmund’s. A Room of State,NA,NA,"Why, what tumultuous clamour have we here?"
1501,"King Henry VI, the second part","King Henry VI, the second part",NA,NA,William Shakespeare,contents,unknown,ACT III,SCENE II. Bury St. Edmund’s. A Room of State,NA,NA,SUFFOLK.
1501,"King Henry VI, the second part","King Henry VI, the second part",NA,NA,William Shakespeare,contents,directions,ACT III,SCENE II. Bury St. Edmund’s. A Room of State,NA,NA,The traitorous Warwick with the men of Bury
1501,"King Henry VI, the second part","King Henry VI, the second part",NA,NA,William Shakespeare,contents,directions,ACT III,SCENE II. Bury St. Edmund’s. A Room of State,NA,NA,"Set all upon me, mighty sovereign."
1501,"King Henry VI, the second part","King Henry VI, the second part",NA,NA,William Shakespeare,contents,directions,ACT III,SCENE II. Bury St. Edmund’s. A Room of State,NA,NA,Enter Salisbury.
1501,"King Henry VI, the second part","King Henry VI, the second part",NA,NA,William Shakespeare,contents,unknown,ACT III,SCENE II. Bury St. Edmund’s. A Room of State,NA,NA,SALISBURY.
1501,"King Henry VI, the second part","King Henry VI, the second part",NA,NA,William Shakespeare,contents,directions,ACT III,SCENE II. Bury St. Edmund’s. A Room of State,NA,NA,"[To the Commons, entering.]"
1501,"King Henry VI, the second part","King Henry VI, the second part",NA,NA,William Shakespeare,contents,directions,ACT III,SCENE II. Bury St. Edmund’s. A Room of State,NA,NA,"Sirs, stand apart; the King shall know your mind.—"
1501,"King Henry VI, the second part","King Henry VI, the second part",NA,NA,William Shakespeare,contents,directions,ACT III,SCENE II. Bury St. Edmund’s. A Room of State,NA,NA,"Dread lord, the commons send you word by me,"
1501,"King Henry VI, the second part","King Henry VI, the second part",NA,NA,William Shakespeare,contents,directions,ACT III,SCENE II. Bury St. Edmund’s. A Room of State,NA,NA,"Unless Lord Suffolk straight be done to death,"
1501,"King Henry VI, the second part","King Henry VI, the second part",NA,NA,William Shakespeare,contents,directions,ACT III,SCENE II. Bury St. Edmund’s. A Room of State,NA,NA,"Or banished fair England’s territories,"
1501,"King Henry VI, the second part","King Henry VI, the second part",NA,NA,William Shakespeare,contents,directions,ACT III,SCENE II. Bury St. Edmund’s. A Room of State,NA,NA,They will by violence tear him from your palace
1501,"King Henry VI, the second part","King Henry VI, the second part",NA,NA,William Shakespeare,contents,directions,ACT III,SCENE II. Bury St. Edmund’s. A Room of State,NA,NA,And torture him with grievous lingering death.
1501,"King Henry VI, the second part","King Henry VI, the second part",NA,NA,William Shakespeare,contents,directions,ACT III,SCENE II. Bury St. Edmund’s. A Room of State,NA,NA,"They say, by him the good Duke Humphrey died;"
1501,"King Henry VI, the second part","King Henry VI, the second part",NA,NA,William Shakespeare,contents,directions,ACT III,SCENE II. Bury St. Edmund’s. A Room of State,NA,NA,"They say, in him they fear your highness’ death;"
1501,"King Henry VI, the second part","King Henry VI, the second part",NA,NA,William Shakespeare,contents,directions,ACT III,SCENE II. Bury St. Edmund’s. A Room of State,NA,NA,"And mere instinct of love and loyalty,"
1501,"King Henry VI, the second part","King Henry VI, the second part",NA,NA,William Shakespeare,contents,directions,ACT III,SCENE II. Bury St. Edmund’s. A Room of State,NA,NA,"Free from a stubborn opposite intent,"
1501,"King Henry VI, the second part","King Henry VI, the second part",NA,NA,William Shakespeare,contents,directions,ACT III,SCENE II. Bury St. Edmund’s. A Room of State,NA,NA,"As being thought to contradict your liking,"
1501,"King Henry VI, the second part","King Henry VI, the second part",NA,NA,William Shakespeare,contents,directions,ACT III,SCENE II. Bury St. Edmund’s. A Room of State,NA,NA,Makes them thus forward in his banishment.
1501,"King Henry VI, the second part","King Henry VI, the second part",NA,NA,William Shakespeare,contents,directions,ACT III,SCENE II. Bury St. Edmund’s. A Room of State,NA,NA,"They say, in care of your most royal person,"
1501,"King Henry VI, the second part","King Henry VI, the second part",NA,NA,William Shakespeare,contents,directions,ACT III,SCENE II. Bury St. Edmund’s. A Room of State,NA,NA,That if your highness should intend to sleep
1501,"King Henry VI, the second part","King Henry VI, the second part",NA,NA,William Shakespeare,contents,directions,ACT III,SCENE II. Bury St. Edmund’s. A Room of State,NA,NA,"And charge that no man should disturb your rest,"
1501,"King Henry VI, the second part","King Henry VI, the second part",NA,NA,William Shakespeare,contents,directions,ACT III,SCENE II. Bury St. Edmund’s. A Room of State,NA,NA,"In pain of your dislike or pain of death,"
1501,"King Henry VI, the second part","King Henry VI, the second part",NA,NA,William Shakespeare,contents,directions,ACT III,SCENE II. Bury St. Edmund’s. A Room of State,NA,NA,"Yet, notwithstanding such a strait edict,"
1501,"King Henry VI, the second part","King Henry VI, the second part",NA,NA,William Shakespeare,contents,directions,ACT III,SCENE II. Bury St. Edmund’s. A Room of State,NA,NA,"Were there a serpent seen, with forked tongue,"
1501,"King Henry VI, the second part","King Henry VI, the second part",NA,NA,William Shakespeare,contents,directions,ACT III,SCENE II. Bury St. Edmund’s. A Room of State,NA,NA,"That slyly glided towards your majesty,"
1501,"King Henry VI, the second part","King Henry VI, the second part",NA,NA,William Shakespeare,contents,directions,ACT III,SCENE II. Bury St. Edmund’s. A Room of State,NA,NA,"It were but necessary you were waked,"
1501,"King Henry VI, the second part","King Henry VI, the second part",NA,NA,William Shakespeare,contents,directions,ACT III,SCENE II. Bury St. Edmund’s. A Room of State,NA,NA,"Lest, being suffered in that harmful slumber,"
1501,"King Henry VI, the second part","King Henry VI, the second part",NA,NA,William Shakespeare,contents,directions,ACT III,SCENE II. Bury St. Edmund’s. A Room of State,NA,NA,The mortal worm might make the sleep eternal.
1501,"King Henry VI, the second part","King Henry VI, the second part",NA,NA,William Shakespeare,contents,directions,ACT III,SCENE II. Bury St. Edmund’s. A Room of State,NA,NA,"And therefore do they cry, though you forbid,"
1501,"King Henry VI, the second part","King Henry VI, the second part",NA,NA,William Shakespeare,contents,directions,ACT III,SCENE II. Bury St. Edmund’s. A Room of State,NA,NA,"That they will guard you, whe’er you will or no,"
1501,"King Henry VI, the second part","King Henry VI, the second part",NA,NA,William Shakespeare,contents,directions,ACT III,SCENE II. Bury St. Edmund’s. A Room of State,NA,NA,"From such fell serpents as false Suffolk is,"
1501,"King Henry VI, the second part","King Henry VI, the second part",NA,NA,William Shakespeare,contents,directions,ACT III,SCENE II. Bury St. Edmund’s. A Room of State,NA,NA,With whose envenomed and fatal sting
1501,"King Henry VI, the second part","King Henry VI, the second part",NA,NA,William Shakespeare,contents,directions,ACT III,SCENE II. Bury St. Edmund’s. A Room of State,NA,NA,"Your loving uncle, twenty times his worth,"
1501,"King Henry VI, the second part","King Henry VI, the second part",NA,NA,William Shakespeare,contents,directions,ACT III,SCENE II. Bury St. Edmund’s. A Room of State,NA,NA,"They say, is shamefully bereft of life."
1501,"King Henry VI, the second part","King Henry VI, the second part",NA,NA,William Shakespeare,contents,unknown,ACT III,SCENE II. Bury St. Edmund’s. A Room of State,NA,NA,COMMONS.
1501,"King Henry VI, the second part","King Henry VI, the second part",NA,NA,William Shakespeare,contents,directions,ACT III,SCENE II. Bury St. Edmund’s. A Room of State,NA,NA,"[Within.] An answer from the King, my Lord of Salisbury!"
1501,"King Henry VI, the second part","King Henry VI, the second part",NA,NA,William Shakespeare,contents,unknown,ACT III,SCENE II. Bury St. Edmund’s. A Room of State,NA,NA,SUFFOLK.
1501,"King Henry VI, the second part","King Henry VI, the second part",NA,NA,William Shakespeare,contents,directions,ACT III,SCENE II. Bury St. Edmund’s. A Room of State,NA,NA,"’Tis like the commons, rude unpolished hinds,"
1501,"King Henry VI, the second part","King Henry VI, the second part",NA,NA,William Shakespeare,contents,directions,ACT III,SCENE II. Bury St. Edmund’s. A Room of State,NA,NA,Could send such message to their sovereign.
1501,"King Henry VI, the second part","King Henry VI, the second part",NA,NA,William Shakespeare,contents,directions,ACT III,SCENE II. Bury St. Edmund’s. A Room of State,NA,NA,"But you, my lord, were glad to be employed,"
1501,"King Henry VI, the second part","King Henry VI, the second part",NA,NA,William Shakespeare,contents,directions,ACT III,SCENE II. Bury St. Edmund’s. A Room of State,NA,NA,To show how quaint an orator you are.
1501,"King Henry VI, the second part","King Henry VI, the second part",NA,NA,William Shakespeare,contents,directions,ACT III,SCENE II. Bury St. Edmund’s. A Room of State,NA,NA,But all the honour Salisbury hath won
1501,"King Henry VI, the second part","King Henry VI, the second part",NA,NA,William Shakespeare,contents,directions,ACT III,SCENE II. Bury St. Edmund’s. A Room of State,NA,NA,Is that he was the lord ambassador
1501,"King Henry VI, the second part","King Henry VI, the second part",NA,NA,William Shakespeare,contents,directions,ACT III,SCENE II. Bury St. Edmund’s. A Room of State,NA,NA,Sent from a sort of tinkers to the King.
1501,"King Henry VI, the second part","King Henry VI, the second part",NA,NA,William Shakespeare,contents,unknown,ACT III,SCENE II. Bury St. Edmund’s. A Room of State,NA,NA,COMMONS.
1501,"King Henry VI, the second part","King Henry VI, the second part",NA,NA,William Shakespeare,contents,directions,ACT III,SCENE II. Bury St. Edmund’s. A Room of State,NA,NA,"[Within.] An answer from the King, or we will all break in!"
1501,"King Henry VI, the second part","King Henry VI, the second part",NA,NA,William Shakespeare,contents,unknown,ACT III,SCENE II. Bury St. Edmund’s. A Room of State,NA,NA,KING HENRY.
1501,"King Henry VI, the second part","King Henry VI, the second part",NA,NA,William Shakespeare,contents,directions,ACT III,SCENE II. Bury St. Edmund’s. A Room of State,NA,NA,"Go, Salisbury, and tell them all from me,"
1501,"King Henry VI, the second part","King Henry VI, the second part",NA,NA,William Shakespeare,contents,directions,ACT III,SCENE II. Bury St. Edmund’s. A Room of State,NA,NA,I thank them for their tender loving care;
1501,"King Henry VI, the second part","King Henry VI, the second part",NA,NA,William Shakespeare,contents,directions,ACT III,SCENE II. Bury St. Edmund’s. A Room of State,NA,NA,"And had I not been cited so by them,"
1501,"King Henry VI, the second part","King Henry VI, the second part",NA,NA,William Shakespeare,contents,directions,ACT III,SCENE II. Bury St. Edmund’s. A Room of State,NA,NA,Yet did I purpose as they do entreat.
1501,"King Henry VI, the second part","King Henry VI, the second part",NA,NA,William Shakespeare,contents,directions,ACT III,SCENE II. Bury St. Edmund’s. A Room of State,NA,NA,"For, sure, my thoughts do hourly prophesy"
1501,"King Henry VI, the second part","King Henry VI, the second part",NA,NA,William Shakespeare,contents,directions,ACT III,SCENE II. Bury St. Edmund’s. A Room of State,NA,NA,Mischance unto my state by Suffolk’s means.
1501,"King Henry VI, the second part","King Henry VI, the second part",NA,NA,William Shakespeare,contents,directions,ACT III,SCENE II. Bury St. Edmund’s. A Room of State,NA,NA,"And therefore, by His majesty I swear,"
1501,"King Henry VI, the second part","King Henry VI, the second part",NA,NA,William Shakespeare,contents,directions,ACT III,SCENE II. Bury St. Edmund’s. A Room of State,NA,NA,"Whose far unworthy deputy I am,"
1501,"King Henry VI, the second part","King Henry VI, the second part",NA,NA,William Shakespeare,contents,directions,ACT III,SCENE II. Bury St. Edmund’s. A Room of State,NA,NA,He shall not breathe infection in this air
1501,"King Henry VI, the second part","King Henry VI, the second part",NA,NA,William Shakespeare,contents,directions,ACT III,SCENE II. Bury St. Edmund’s. A Room of State,NA,NA,"But three days longer, on the pain of death."
1501,"King Henry VI, the second part","King Henry VI, the second part",NA,NA,William Shakespeare,contents,directions,ACT III,SCENE II. Bury St. Edmund’s. A Room of State,NA,NA,[Exit Salisbury.]
1501,"King Henry VI, the second part","King Henry VI, the second part",NA,NA,William Shakespeare,contents,unknown,ACT III,SCENE II. Bury St. Edmund’s. A Room of State,NA,NA,QUEEN MARGARET.
1501,"King Henry VI, the second part","King Henry VI, the second part",NA,NA,William Shakespeare,contents,directions,ACT III,SCENE II. Bury St. Edmund’s. A Room of State,NA,NA,"O Henry, let me plead for gentle Suffolk!"
1501,"King Henry VI, the second part","King Henry VI, the second part",NA,NA,William Shakespeare,contents,unknown,ACT III,SCENE II. Bury St. Edmund’s. A Room of State,NA,NA,KING HENRY.
1501,"King Henry VI, the second part","King Henry VI, the second part",NA,NA,William Shakespeare,contents,directions,ACT III,SCENE II. Bury St. Edmund’s. A Room of State,NA,NA,"Ungentle Queen, to call him gentle Suffolk!"
1501,"King Henry VI, the second part","King Henry VI, the second part",NA,NA,William Shakespeare,contents,directions,ACT III,SCENE II. Bury St. Edmund’s. A Room of State,NA,NA,"No more, I say; if thou dost plead for him,"
1501,"King Henry VI, the second part","King Henry VI, the second part",NA,NA,William Shakespeare,contents,directions,ACT III,SCENE II. Bury St. Edmund’s. A Room of State,NA,NA,Thou wilt but add increase unto my wrath.
1501,"King Henry VI, the second part","King Henry VI, the second part",NA,NA,William Shakespeare,contents,directions,ACT III,SCENE II. Bury St. Edmund’s. A Room of State,NA,NA,"Had I but said, I would have kept my word;"
1501,"King Henry VI, the second part","King Henry VI, the second part",NA,NA,William Shakespeare,contents,directions,ACT III,SCENE II. Bury St. Edmund’s. A Room of State,NA,NA,"But when I swear, it is irrevocable."
1501,"King Henry VI, the second part","King Henry VI, the second part",NA,NA,William Shakespeare,contents,directions,ACT III,SCENE II. Bury St. Edmund’s. A Room of State,NA,NA,"If, after three days’ space, thou here be’st found"
1501,"King Henry VI, the second part","King Henry VI, the second part",NA,NA,William Shakespeare,contents,directions,ACT III,SCENE II. Bury St. Edmund’s. A Room of State,NA,NA,"On any ground that I am ruler of,"
1501,"King Henry VI, the second part","King Henry VI, the second part",NA,NA,William Shakespeare,contents,directions,ACT III,SCENE II. Bury St. Edmund’s. A Room of State,NA,NA,The world shall not be ransom for thy life.
1501,"King Henry VI, the second part","King Henry VI, the second part",NA,NA,William Shakespeare,contents,directions,ACT III,SCENE II. Bury St. Edmund’s. A Room of State,NA,NA,"Come, Warwick, come, good Warwick, go with me;"
1501,"King Henry VI, the second part","King Henry VI, the second part",NA,NA,William Shakespeare,contents,directions,ACT III,SCENE II. Bury St. Edmund’s. A Room of State,NA,NA,I have great matters to impart to thee.
1501,"King Henry VI, the second part","King Henry VI, the second part",NA,NA,William Shakespeare,contents,directions,ACT III,SCENE II. Bury St. Edmund’s. A Room of State,NA,NA,[Exeunt all but Queen and Suffolk.]
1501,"King Henry VI, the second part","King Henry VI, the second part",NA,NA,William Shakespeare,contents,unknown,ACT III,SCENE II. Bury St. Edmund’s. A Room of State,NA,NA,QUEEN MARGARET.
1501,"King Henry VI, the second part","King Henry VI, the second part",NA,NA,William Shakespeare,contents,directions,ACT III,SCENE II. Bury St. Edmund’s. A Room of State,NA,NA,Mischance and sorrow go along with you!
1501,"King Henry VI, the second part","King Henry VI, the second part",NA,NA,William Shakespeare,contents,directions,ACT III,SCENE II. Bury St. Edmund’s. A Room of State,NA,NA,Heart’s discontent and sour affliction
1501,"King Henry VI, the second part","King Henry VI, the second part",NA,NA,William Shakespeare,contents,directions,ACT III,SCENE II. Bury St. Edmund’s. A Room of State,NA,NA,Be playfellows to keep you company!
1501,"King Henry VI, the second part","King Henry VI, the second part",NA,NA,William Shakespeare,contents,directions,ACT III,SCENE II. Bury St. Edmund’s. A Room of State,NA,NA,There’s two of you; the devil make a third!
1501,"King Henry VI, the second part","King Henry VI, the second part",NA,NA,William Shakespeare,contents,directions,ACT III,SCENE II. Bury St. Edmund’s. A Room of State,NA,NA,And threefold vengeance tend upon your steps!
1501,"King Henry VI, the second part","King Henry VI, the second part",NA,NA,William Shakespeare,contents,unknown,ACT III,SCENE II. Bury St. Edmund’s. A Room of State,NA,NA,SUFFOLK.
1501,"King Henry VI, the second part","King Henry VI, the second part",NA,NA,William Shakespeare,contents,directions,ACT III,SCENE II. Bury St. Edmund’s. A Room of State,NA,NA,"Cease, gentle Queen, these execrations,"
1501,"King Henry VI, the second part","King Henry VI, the second part",NA,NA,William Shakespeare,contents,directions,ACT III,SCENE II. Bury St. Edmund’s. A Room of State,NA,NA,And let thy Suffolk take his heavy leave.
1501,"King Henry VI, the second part","King Henry VI, the second part",NA,NA,William Shakespeare,contents,unknown,ACT III,SCENE II. Bury St. Edmund’s. A Room of State,NA,NA,QUEEN MARGARET.
1501,"King Henry VI, the second part","King Henry VI, the second part",NA,NA,William Shakespeare,contents,directions,ACT III,SCENE II. Bury St. Edmund’s. A Room of State,NA,NA,"Fie, coward woman and soft-hearted wretch!"
1501,"King Henry VI, the second part","King Henry VI, the second part",NA,NA,William Shakespeare,contents,directions,ACT III,SCENE II. Bury St. Edmund’s. A Room of State,NA,NA,Has thou not spirit to curse thine enemies?
1501,"King Henry VI, the second part","King Henry VI, the second part",NA,NA,William Shakespeare,contents,unknown,ACT III,SCENE II. Bury St. Edmund’s. A Room of State,NA,NA,SUFFOLK.
1501,"King Henry VI, the second part","King Henry VI, the second part",NA,NA,William Shakespeare,contents,directions,ACT III,SCENE II. Bury St. Edmund’s. A Room of State,NA,NA,A plague upon them! Wherefore should I curse them?
1501,"King Henry VI, the second part","King Henry VI, the second part",NA,NA,William Shakespeare,contents,directions,ACT III,SCENE II. Bury St. Edmund’s. A Room of State,NA,NA,"Could curses kill, as doth the mandrake’s groan,"
1501,"King Henry VI, the second part","King Henry VI, the second part",NA,NA,William Shakespeare,contents,directions,ACT III,SCENE II. Bury St. Edmund’s. A Room of State,NA,NA,"I would invent as bitter searching terms,"
1501,"King Henry VI, the second part","King Henry VI, the second part",NA,NA,William Shakespeare,contents,directions,ACT III,SCENE II. Bury St. Edmund’s. A Room of State,NA,NA,"As curst, as harsh and horrible to hear,"
1501,"King Henry VI, the second part","King Henry VI, the second part",NA,NA,William Shakespeare,contents,directions,ACT III,SCENE II. Bury St. Edmund’s. A Room of State,NA,NA,"Delivered strongly through my fixed teeth,"
1501,"King Henry VI, the second part","King Henry VI, the second part",NA,NA,William Shakespeare,contents,directions,ACT III,SCENE II. Bury St. Edmund’s. A Room of State,NA,NA,"With full as many signs of deadly hate,"
1501,"King Henry VI, the second part","King Henry VI, the second part",NA,NA,William Shakespeare,contents,directions,ACT III,SCENE II. Bury St. Edmund’s. A Room of State,NA,NA,As lean-faced Envy in her loathsome cave.
1501,"King Henry VI, the second part","King Henry VI, the second part",NA,NA,William Shakespeare,contents,directions,ACT III,SCENE II. Bury St. Edmund’s. A Room of State,NA,NA,My tongue should stumble in mine earnest words;
1501,"King Henry VI, the second part","King Henry VI, the second part",NA,NA,William Shakespeare,contents,directions,ACT III,SCENE II. Bury St. Edmund’s. A Room of State,NA,NA,Mine eyes should sparkle like the beaten flint;
1501,"King Henry VI, the second part","King Henry VI, the second part",NA,NA,William Shakespeare,contents,directions,ACT III,SCENE II. Bury St. Edmund’s. A Room of State,NA,NA,"Mine hair be fixed on end, as one distract;"
1501,"King Henry VI, the second part","King Henry VI, the second part",NA,NA,William Shakespeare,contents,directions,ACT III,SCENE II. Bury St. Edmund’s. A Room of State,NA,NA,"Ay, every joint should seem to curse and ban;"
1501,"King Henry VI, the second part","King Henry VI, the second part",NA,NA,William Shakespeare,contents,directions,ACT III,SCENE II. Bury St. Edmund’s. A Room of State,NA,NA,And even now my burdened heart would break
1501,"King Henry VI, the second part","King Henry VI, the second part",NA,NA,William Shakespeare,contents,directions,ACT III,SCENE II. Bury St. Edmund’s. A Room of State,NA,NA,Should I not curse them. Poison be their drink!
1501,"King Henry VI, the second part","King Henry VI, the second part",NA,NA,William Shakespeare,contents,directions,ACT III,SCENE II. Bury St. Edmund’s. A Room of State,NA,NA,"Gall, worse than gall, the daintiest that they taste!"
1501,"King Henry VI, the second part","King Henry VI, the second part",NA,NA,William Shakespeare,contents,directions,ACT III,SCENE II. Bury St. Edmund’s. A Room of State,NA,NA,Their sweetest shade a grove of cypress-trees!
1501,"King Henry VI, the second part","King Henry VI, the second part",NA,NA,William Shakespeare,contents,directions,ACT III,SCENE II. Bury St. Edmund’s. A Room of State,NA,NA,Their chiefest prospect murdering basilisks;
1501,"King Henry VI, the second part","King Henry VI, the second part",NA,NA,William Shakespeare,contents,directions,ACT III,SCENE II. Bury St. Edmund’s. A Room of State,NA,NA,Their softest touch as smart as lizards’ stings!
1501,"King Henry VI, the second part","King Henry VI, the second part",NA,NA,William Shakespeare,contents,directions,ACT III,SCENE II. Bury St. Edmund’s. A Room of State,NA,NA,"Their music frightful as the serpent’s hiss,"
1501,"King Henry VI, the second part","King Henry VI, the second part",NA,NA,William Shakespeare,contents,directions,ACT III,SCENE II. Bury St. Edmund’s. A Room of State,NA,NA,And boding screech-owls make the consort full!
1501,"King Henry VI, the second part","King Henry VI, the second part",NA,NA,William Shakespeare,contents,directions,ACT III,SCENE II. Bury St. Edmund’s. A Room of State,NA,NA,All the foul terrors in dark-seated hell—
1501,"King Henry VI, the second part","King Henry VI, the second part",NA,NA,William Shakespeare,contents,unknown,ACT III,SCENE II. Bury St. Edmund’s. A Room of State,NA,NA,QUEEN MARGARET.
1501,"King Henry VI, the second part","King Henry VI, the second part",NA,NA,William Shakespeare,contents,directions,ACT III,SCENE II. Bury St. Edmund’s. A Room of State,NA,NA,"Enough, sweet Suffolk; thou torment’st thyself,"
1501,"King Henry VI, the second part","King Henry VI, the second part",NA,NA,William Shakespeare,contents,directions,ACT III,SCENE II. Bury St. Edmund’s. A Room of State,NA,NA,"And these dread curses, like the sun ’gainst glass,"
1501,"King Henry VI, the second part","King Henry VI, the second part",NA,NA,William Shakespeare,contents,directions,ACT III,SCENE II. Bury St. Edmund’s. A Room of State,NA,NA,"Or like an overcharged gun, recoil"
1501,"King Henry VI, the second part","King Henry VI, the second part",NA,NA,William Shakespeare,contents,directions,ACT III,SCENE II. Bury St. Edmund’s. A Room of State,NA,NA,And turns the force of them upon thyself.
1501,"King Henry VI, the second part","King Henry VI, the second part",NA,NA,William Shakespeare,contents,unknown,ACT III,SCENE II. Bury St. Edmund’s. A Room of State,NA,NA,SUFFOLK.
1501,"King Henry VI, the second part","King Henry VI, the second part",NA,NA,William Shakespeare,contents,directions,ACT III,SCENE II. Bury St. Edmund’s. A Room of State,NA,NA,"You bade me ban, and will you bid me leave?"
1501,"King Henry VI, the second part","King Henry VI, the second part",NA,NA,William Shakespeare,contents,directions,ACT III,SCENE II. Bury St. Edmund’s. A Room of State,NA,NA,"Now, by the ground that I am banished from,"
1501,"King Henry VI, the second part","King Henry VI, the second part",NA,NA,William Shakespeare,contents,directions,ACT III,SCENE II. Bury St. Edmund’s. A Room of State,NA,NA,"Well could I curse away a winter’s night,"
1501,"King Henry VI, the second part","King Henry VI, the second part",NA,NA,William Shakespeare,contents,directions,ACT III,SCENE II. Bury St. Edmund’s. A Room of State,NA,NA,Though standing naked on a mountain top
1501,"King Henry VI, the second part","King Henry VI, the second part",NA,NA,William Shakespeare,contents,directions,ACT III,SCENE II. Bury St. Edmund’s. A Room of State,NA,NA,"Where biting cold would never let grass grow,"
1501,"King Henry VI, the second part","King Henry VI, the second part",NA,NA,William Shakespeare,contents,directions,ACT III,SCENE II. Bury St. Edmund’s. A Room of State,NA,NA,And think it but a minute spent in sport.
1501,"King Henry VI, the second part","King Henry VI, the second part",NA,NA,William Shakespeare,contents,unknown,ACT III,SCENE II. Bury St. Edmund’s. A Room of State,NA,NA,QUEEN MARGARET.
1501,"King Henry VI, the second part","King Henry VI, the second part",NA,NA,William Shakespeare,contents,directions,ACT III,SCENE II. Bury St. Edmund’s. A Room of State,NA,NA,"O, let me entreat thee cease. Give me thy hand,"
1501,"King Henry VI, the second part","King Henry VI, the second part",NA,NA,William Shakespeare,contents,directions,ACT III,SCENE II. Bury St. Edmund’s. A Room of State,NA,NA,That I may dew it with my mournful tears;
1501,"King Henry VI, the second part","King Henry VI, the second part",NA,NA,William Shakespeare,contents,directions,ACT III,SCENE II. Bury St. Edmund’s. A Room of State,NA,NA,Nor let the rain of heaven wet this place
1501,"King Henry VI, the second part","King Henry VI, the second part",NA,NA,William Shakespeare,contents,directions,ACT III,SCENE II. Bury St. Edmund’s. A Room of State,NA,NA,To wash away my woeful monuments.
1501,"King Henry VI, the second part","King Henry VI, the second part",NA,NA,William Shakespeare,contents,directions,ACT III,SCENE II. Bury St. Edmund’s. A Room of State,NA,NA,"O, could this kiss be printed in thy hand,"
1501,"King Henry VI, the second part","King Henry VI, the second part",NA,NA,William Shakespeare,contents,directions,ACT III,SCENE II. Bury St. Edmund’s. A Room of State,NA,NA,"That thou mightst think upon these by the seal,"
1501,"King Henry VI, the second part","King Henry VI, the second part",NA,NA,William Shakespeare,contents,directions,ACT III,SCENE II. Bury St. Edmund’s. A Room of State,NA,NA,Through whom a thousand sighs are breathed for thee!
1501,"King Henry VI, the second part","King Henry VI, the second part",NA,NA,William Shakespeare,contents,directions,ACT III,SCENE II. Bury St. Edmund’s. A Room of State,NA,NA,"So, get thee gone, that I may know my grief;"
1501,"King Henry VI, the second part","King Henry VI, the second part",NA,NA,William Shakespeare,contents,directions,ACT III,SCENE II. Bury St. Edmund’s. A Room of State,NA,NA,"’Tis but surmised whiles thou art standing by,"
1501,"King Henry VI, the second part","King Henry VI, the second part",NA,NA,William Shakespeare,contents,directions,ACT III,SCENE II. Bury St. Edmund’s. A Room of State,NA,NA,As one that surfeits thinking on a want.
1501,"King Henry VI, the second part","King Henry VI, the second part",NA,NA,William Shakespeare,contents,directions,ACT III,SCENE II. Bury St. Edmund’s. A Room of State,NA,NA,"I will repeal thee, or, be well assured,"
1501,"King Henry VI, the second part","King Henry VI, the second part",NA,NA,William Shakespeare,contents,directions,ACT III,SCENE II. Bury St. Edmund’s. A Room of State,NA,NA,Adventure to be banished myself;
1501,"King Henry VI, the second part","King Henry VI, the second part",NA,NA,William Shakespeare,contents,directions,ACT III,SCENE II. Bury St. Edmund’s. A Room of State,NA,NA,"And banished I am, if but from thee."
1501,"King Henry VI, the second part","King Henry VI, the second part",NA,NA,William Shakespeare,contents,directions,ACT III,SCENE II. Bury St. Edmund’s. A Room of State,NA,NA,"Go; speak not to me, even now be gone!"
1501,"King Henry VI, the second part","King Henry VI, the second part",NA,NA,William Shakespeare,contents,directions,ACT III,SCENE II. Bury St. Edmund’s. A Room of State,NA,NA,"O, go not yet! Even thus two friends condemned"
1501,"King Henry VI, the second part","King Henry VI, the second part",NA,NA,William Shakespeare,contents,directions,ACT III,SCENE II. Bury St. Edmund’s. A Room of State,NA,NA,"Embrace and kiss and take ten thousand leaves,"
1501,"King Henry VI, the second part","King Henry VI, the second part",NA,NA,William Shakespeare,contents,directions,ACT III,SCENE II. Bury St. Edmund’s. A Room of State,NA,NA,Loather a hundred times to part than die.
1501,"King Henry VI, the second part","King Henry VI, the second part",NA,NA,William Shakespeare,contents,directions,ACT III,SCENE II. Bury St. Edmund’s. A Room of State,NA,NA,"Yet now farewell, and farewell life with thee."
1501,"King Henry VI, the second part","King Henry VI, the second part",NA,NA,William Shakespeare,contents,unknown,ACT III,SCENE II. Bury St. Edmund’s. A Room of State,NA,NA,SUFFOLK.
1501,"King Henry VI, the second part","King Henry VI, the second part",NA,NA,William Shakespeare,contents,directions,ACT III,SCENE II. Bury St. Edmund’s. A Room of State,NA,NA,"Thus is poor Suffolk ten times banished,"
1501,"King Henry VI, the second part","King Henry VI, the second part",NA,NA,William Shakespeare,contents,directions,ACT III,SCENE II. Bury St. Edmund’s. A Room of State,NA,NA,"Once by the King, and three times thrice by thee."
1501,"King Henry VI, the second part","King Henry VI, the second part",NA,NA,William Shakespeare,contents,directions,ACT III,SCENE II. Bury St. Edmund’s. A Room of State,NA,NA,"’Tis not the land I care for, wert thou thence."
1501,"King Henry VI, the second part","King Henry VI, the second part",NA,NA,William Shakespeare,contents,directions,ACT III,SCENE II. Bury St. Edmund’s. A Room of State,NA,NA,"A wilderness is populous enough,"
1501,"King Henry VI, the second part","King Henry VI, the second part",NA,NA,William Shakespeare,contents,directions,ACT III,SCENE II. Bury St. Edmund’s. A Room of State,NA,NA,So Suffolk had thy heavenly company;
1501,"King Henry VI, the second part","King Henry VI, the second part",NA,NA,William Shakespeare,contents,directions,ACT III,SCENE II. Bury St. Edmund’s. A Room of State,NA,NA,"For where thou art, there is the world itself,"
1501,"King Henry VI, the second part","King Henry VI, the second part",NA,NA,William Shakespeare,contents,directions,ACT III,SCENE II. Bury St. Edmund’s. A Room of State,NA,NA,With every several pleasure in the world;
1501,"King Henry VI, the second part","King Henry VI, the second part",NA,NA,William Shakespeare,contents,directions,ACT III,SCENE II. Bury St. Edmund’s. A Room of State,NA,NA,"And where thou art not, desolation."
1501,"King Henry VI, the second part","King Henry VI, the second part",NA,NA,William Shakespeare,contents,directions,ACT III,SCENE II. Bury St. Edmund’s. A Room of State,NA,NA,"I can no more. Live thou to joy thy life,"
1501,"King Henry VI, the second part","King Henry VI, the second part",NA,NA,William Shakespeare,contents,directions,ACT III,SCENE II. Bury St. Edmund’s. A Room of State,NA,NA,Myself no joy in nought but that thou liv’st.
1501,"King Henry VI, the second part","King Henry VI, the second part",NA,NA,William Shakespeare,contents,directions,ACT III,SCENE II. Bury St. Edmund’s. A Room of State,NA,NA,Enter Vaux.
1501,"King Henry VI, the second part","King Henry VI, the second part",NA,NA,William Shakespeare,contents,unknown,ACT III,SCENE II. Bury St. Edmund’s. A Room of State,NA,NA,QUEEN MARGARET.
1501,"King Henry VI, the second part","King Henry VI, the second part",NA,NA,William Shakespeare,contents,directions,ACT III,SCENE II. Bury St. Edmund’s. A Room of State,NA,NA,"Whither goes Vaux so fast? What news, I prithee?"
1501,"King Henry VI, the second part","King Henry VI, the second part",NA,NA,William Shakespeare,contents,unknown,ACT III,SCENE II. Bury St. Edmund’s. A Room of State,NA,NA,VAUX.
1501,"King Henry VI, the second part","King Henry VI, the second part",NA,NA,William Shakespeare,contents,directions,ACT III,SCENE II. Bury St. Edmund’s. A Room of State,NA,NA,To signify unto his majesty
1501,"King Henry VI, the second part","King Henry VI, the second part",NA,NA,William Shakespeare,contents,directions,ACT III,SCENE II. Bury St. Edmund’s. A Room of State,NA,NA,That Cardinal Beaufort is at point of death;
1501,"King Henry VI, the second part","King Henry VI, the second part",NA,NA,William Shakespeare,contents,directions,ACT III,SCENE II. Bury St. Edmund’s. A Room of State,NA,NA,"For suddenly a grievous sickness took him,"
1501,"King Henry VI, the second part","King Henry VI, the second part",NA,NA,William Shakespeare,contents,directions,ACT III,SCENE II. Bury St. Edmund’s. A Room of State,NA,NA,"That makes him gasp and stare and catch the air,"
1501,"King Henry VI, the second part","King Henry VI, the second part",NA,NA,William Shakespeare,contents,directions,ACT III,SCENE II. Bury St. Edmund’s. A Room of State,NA,NA,Blaspheming God and cursing men on earth.
1501,"King Henry VI, the second part","King Henry VI, the second part",NA,NA,William Shakespeare,contents,directions,ACT III,SCENE II. Bury St. Edmund’s. A Room of State,NA,NA,Sometime he talks as if Duke Humphrey’s ghost
1501,"King Henry VI, the second part","King Henry VI, the second part",NA,NA,William Shakespeare,contents,directions,ACT III,SCENE II. Bury St. Edmund’s. A Room of State,NA,NA,Were by his side; sometime he calls the King
1501,"King Henry VI, the second part","King Henry VI, the second part",NA,NA,William Shakespeare,contents,directions,ACT III,SCENE II. Bury St. Edmund’s. A Room of State,NA,NA,"And whispers to his pillow, as to him,"
1501,"King Henry VI, the second part","King Henry VI, the second part",NA,NA,William Shakespeare,contents,directions,ACT III,SCENE II. Bury St. Edmund’s. A Room of State,NA,NA,The secrets of his overcharged soul.
1501,"King Henry VI, the second part","King Henry VI, the second part",NA,NA,William Shakespeare,contents,directions,ACT III,SCENE II. Bury St. Edmund’s. A Room of State,NA,NA,And I am sent to tell his majesty
1501,"King Henry VI, the second part","King Henry VI, the second part",NA,NA,William Shakespeare,contents,directions,ACT III,SCENE II. Bury St. Edmund’s. A Room of State,NA,NA,That even now he cries aloud for him.
1501,"King Henry VI, the second part","King Henry VI, the second part",NA,NA,William Shakespeare,contents,unknown,ACT III,SCENE II. Bury St. Edmund’s. A Room of State,NA,NA,QUEEN MARGARET.
1501,"King Henry VI, the second part","King Henry VI, the second part",NA,NA,William Shakespeare,contents,directions,ACT III,SCENE II. Bury St. Edmund’s. A Room of State,NA,NA,Go tell this heavy message to the King.
1501,"King Henry VI, the second part","King Henry VI, the second part",NA,NA,William Shakespeare,contents,directions,ACT III,SCENE II. Bury St. Edmund’s. A Room of State,NA,NA,[Exit Vaux.]
1501,"King Henry VI, the second part","King Henry VI, the second part",NA,NA,William Shakespeare,contents,directions,ACT III,SCENE II. Bury St. Edmund’s. A Room of State,NA,NA,Ay me! What is this world? What news are these!
1501,"King Henry VI, the second part","King Henry VI, the second part",NA,NA,William Shakespeare,contents,directions,ACT III,SCENE II. Bury St. Edmund’s. A Room of State,NA,NA,"But wherefore grieve I at an hour’s poor loss,"
1501,"King Henry VI, the second part","King Henry VI, the second part",NA,NA,William Shakespeare,contents,directions,ACT III,SCENE II. Bury St. Edmund’s. A Room of State,NA,NA,"Omitting Suffolk’s exile, my soul’s treasure?"
1501,"King Henry VI, the second part","King Henry VI, the second part",NA,NA,William Shakespeare,contents,directions,ACT III,SCENE II. Bury St. Edmund’s. A Room of State,NA,NA,"Why only, Suffolk, mourn I not for thee,"
1501,"King Henry VI, the second part","King Henry VI, the second part",NA,NA,William Shakespeare,contents,directions,ACT III,SCENE II. Bury St. Edmund’s. A Room of State,NA,NA,"And with the southern clouds contend in tears,"
1501,"King Henry VI, the second part","King Henry VI, the second part",NA,NA,William Shakespeare,contents,directions,ACT III,SCENE II. Bury St. Edmund’s. A Room of State,NA,NA,"Theirs for the earth’s increase, mine for my sorrows’?"
1501,"King Henry VI, the second part","King Henry VI, the second part",NA,NA,William Shakespeare,contents,directions,ACT III,SCENE II. Bury St. Edmund’s. A Room of State,NA,NA,"Now get thee hence. The King, thou know’st, is coming;"
1501,"King Henry VI, the second part","King Henry VI, the second part",NA,NA,William Shakespeare,contents,directions,ACT III,SCENE II. Bury St. Edmund’s. A Room of State,NA,NA,If thou be found by me thou art but dead.
1501,"King Henry VI, the second part","King Henry VI, the second part",NA,NA,William Shakespeare,contents,unknown,ACT III,SCENE II. Bury St. Edmund’s. A Room of State,NA,NA,SUFFOLK.
1501,"King Henry VI, the second part","King Henry VI, the second part",NA,NA,William Shakespeare,contents,directions,ACT III,SCENE II. Bury St. Edmund’s. A Room of State,NA,NA,"If I depart from thee, I cannot live;"
1501,"King Henry VI, the second part","King Henry VI, the second part",NA,NA,William Shakespeare,contents,directions,ACT III,SCENE II. Bury St. Edmund’s. A Room of State,NA,NA,"And in thy sight to die, what were it else"
1501,"King Henry VI, the second part","King Henry VI, the second part",NA,NA,William Shakespeare,contents,directions,ACT III,SCENE II. Bury St. Edmund’s. A Room of State,NA,NA,But like a pleasant slumber in thy lap?
1501,"King Henry VI, the second part","King Henry VI, the second part",NA,NA,William Shakespeare,contents,directions,ACT III,SCENE II. Bury St. Edmund’s. A Room of State,NA,NA,"Here could I breathe my soul into the air,"
1501,"King Henry VI, the second part","King Henry VI, the second part",NA,NA,William Shakespeare,contents,directions,ACT III,SCENE II. Bury St. Edmund’s. A Room of State,NA,NA,As mild and gentle as the cradle-babe
1501,"King Henry VI, the second part","King Henry VI, the second part",NA,NA,William Shakespeare,contents,directions,ACT III,SCENE II. Bury St. Edmund’s. A Room of State,NA,NA,Dying with mother’s dug between its lips;
1501,"King Henry VI, the second part","King Henry VI, the second part",NA,NA,William Shakespeare,contents,directions,ACT III,SCENE II. Bury St. Edmund’s. A Room of State,NA,NA,"Where, from thy sight, I should be raging mad"
1501,"King Henry VI, the second part","King Henry VI, the second part",NA,NA,William Shakespeare,contents,directions,ACT III,SCENE II. Bury St. Edmund’s. A Room of State,NA,NA,"And cry out for thee to close up mine eyes,"
1501,"King Henry VI, the second part","King Henry VI, the second part",NA,NA,William Shakespeare,contents,directions,ACT III,SCENE II. Bury St. Edmund’s. A Room of State,NA,NA,To have thee with thy lips to stop my mouth.
1501,"King Henry VI, the second part","King Henry VI, the second part",NA,NA,William Shakespeare,contents,directions,ACT III,SCENE II. Bury St. Edmund’s. A Room of State,NA,NA,"So shouldst thou either turn my flying soul,"
1501,"King Henry VI, the second part","King Henry VI, the second part",NA,NA,William Shakespeare,contents,directions,ACT III,SCENE II. Bury St. Edmund’s. A Room of State,NA,NA,"Or I should breathe it so into thy body,"
1501,"King Henry VI, the second part","King Henry VI, the second part",NA,NA,William Shakespeare,contents,directions,ACT III,SCENE II. Bury St. Edmund’s. A Room of State,NA,NA,And then it lived in sweet Elysium.
1501,"King Henry VI, the second part","King Henry VI, the second part",NA,NA,William Shakespeare,contents,directions,ACT III,SCENE II. Bury St. Edmund’s. A Room of State,NA,NA,To die by thee were but to die in jest;
1501,"King Henry VI, the second part","King Henry VI, the second part",NA,NA,William Shakespeare,contents,directions,ACT III,SCENE II. Bury St. Edmund’s. A Room of State,NA,NA,From thee to die were torture more than death.
1501,"King Henry VI, the second part","King Henry VI, the second part",NA,NA,William Shakespeare,contents,directions,ACT III,SCENE II. Bury St. Edmund’s. A Room of State,NA,NA,"O, let me stay, befall what may befall!"
1501,"King Henry VI, the second part","King Henry VI, the second part",NA,NA,William Shakespeare,contents,unknown,ACT III,SCENE II. Bury St. Edmund’s. A Room of State,NA,NA,QUEEN MARGARET.
1501,"King Henry VI, the second part","King Henry VI, the second part",NA,NA,William Shakespeare,contents,directions,ACT III,SCENE II. Bury St. Edmund’s. A Room of State,NA,NA,"Away! Though parting be a fretful corrosive,"
1501,"King Henry VI, the second part","King Henry VI, the second part",NA,NA,William Shakespeare,contents,directions,ACT III,SCENE II. Bury St. Edmund’s. A Room of State,NA,NA,It is applied to a deathful wound.
1501,"King Henry VI, the second part","King Henry VI, the second part",NA,NA,William Shakespeare,contents,directions,ACT III,SCENE II. Bury St. Edmund’s. A Room of State,NA,NA,"To France, sweet Suffolk! Let me hear from thee,"
1501,"King Henry VI, the second part","King Henry VI, the second part",NA,NA,William Shakespeare,contents,directions,ACT III,SCENE II. Bury St. Edmund’s. A Room of State,NA,NA,For whereso’er thou art in this world’s globe
1501,"King Henry VI, the second part","King Henry VI, the second part",NA,NA,William Shakespeare,contents,directions,ACT III,SCENE II. Bury St. Edmund’s. A Room of State,NA,NA,I’ll have an Iris that shall find thee out.
1501,"King Henry VI, the second part","King Henry VI, the second part",NA,NA,William Shakespeare,contents,unknown,ACT III,SCENE II. Bury St. Edmund’s. A Room of State,NA,NA,SUFFOLK.
1501,"King Henry VI, the second part","King Henry VI, the second part",NA,NA,William Shakespeare,contents,directions,ACT III,SCENE II. Bury St. Edmund’s. A Room of State,NA,NA,I go.
1501,"King Henry VI, the second part","King Henry VI, the second part",NA,NA,William Shakespeare,contents,unknown,ACT III,SCENE II. Bury St. Edmund’s. A Room of State,NA,NA,QUEEN MARGARET.
1501,"King Henry VI, the second part","King Henry VI, the second part",NA,NA,William Shakespeare,contents,directions,ACT III,SCENE II. Bury St. Edmund’s. A Room of State,NA,NA,And take my heart with thee.
1501,"King Henry VI, the second part","King Henry VI, the second part",NA,NA,William Shakespeare,contents,unknown,ACT III,SCENE II. Bury St. Edmund’s. A Room of State,NA,NA,SUFFOLK.
1501,"King Henry VI, the second part","King Henry VI, the second part",NA,NA,William Shakespeare,contents,directions,ACT III,SCENE II. Bury St. Edmund’s. A Room of State,NA,NA,"A jewel, locked into the woefull’st cask"
1501,"King Henry VI, the second part","King Henry VI, the second part",NA,NA,William Shakespeare,contents,directions,ACT III,SCENE II. Bury St. Edmund’s. A Room of State,NA,NA,That ever did contain a thing of worth.
1501,"King Henry VI, the second part","King Henry VI, the second part",NA,NA,William Shakespeare,contents,directions,ACT III,SCENE II. Bury St. Edmund’s. A Room of State,NA,NA,"Even as a splitted bark, so sunder we."
1501,"King Henry VI, the second part","King Henry VI, the second part",NA,NA,William Shakespeare,contents,directions,ACT III,SCENE II. Bury St. Edmund’s. A Room of State,NA,NA,This way fall I to death.
1501,"King Henry VI, the second part","King Henry VI, the second part",NA,NA,William Shakespeare,contents,unknown,ACT III,SCENE II. Bury St. Edmund’s. A Room of State,NA,NA,QUEEN MARGARET.
1501,"King Henry VI, the second part","King Henry VI, the second part",NA,NA,William Shakespeare,contents,directions,ACT III,SCENE II. Bury St. Edmund’s. A Room of State,NA,NA,This way for me.
1501,"King Henry VI, the second part","King Henry VI, the second part",NA,NA,William Shakespeare,contents,directions,ACT III,SCENE II. Bury St. Edmund’s. A Room of State,NA,NA,[Exeunt severally.]
1501,"King Henry VI, the second part","King Henry VI, the second part",NA,NA,William Shakespeare,contents,reference,ACT III,SCENE III. A Bedchamber,NA,NA,SCENE III. A Bedchamber
1501,"King Henry VI, the second part","King Henry VI, the second part",NA,NA,William Shakespeare,contents,directions,ACT III,SCENE III. A Bedchamber,NA,NA,"Enter the King, Salisbury and Warwick, to the Cardinal in bed."
1501,"King Henry VI, the second part","King Henry VI, the second part",NA,NA,William Shakespeare,contents,unknown,ACT III,SCENE III. A Bedchamber,NA,NA,KING HENRY.
1501,"King Henry VI, the second part","King Henry VI, the second part",NA,NA,William Shakespeare,contents,directions,ACT III,SCENE III. A Bedchamber,NA,NA,"How fares my lord? Speak, Beaufort, to thy sovereign."
1501,"King Henry VI, the second part","King Henry VI, the second part",NA,NA,William Shakespeare,contents,unknown,ACT III,SCENE III. A Bedchamber,NA,NA,CARDINAL.
1501,"King Henry VI, the second part","King Henry VI, the second part",NA,NA,William Shakespeare,contents,directions,ACT III,SCENE III. A Bedchamber,NA,NA,"If thou be’st Death, I’ll give thee England’s treasure,"
1501,"King Henry VI, the second part","King Henry VI, the second part",NA,NA,William Shakespeare,contents,directions,ACT III,SCENE III. A Bedchamber,NA,NA,"Enough to purchase such another island,"
1501,"King Henry VI, the second part","King Henry VI, the second part",NA,NA,William Shakespeare,contents,directions,ACT III,SCENE III. A Bedchamber,NA,NA,So thou wilt let me live and feel no pain.
1501,"King Henry VI, the second part","King Henry VI, the second part",NA,NA,William Shakespeare,contents,unknown,ACT III,SCENE III. A Bedchamber,NA,NA,KING HENRY.
1501,"King Henry VI, the second part","King Henry VI, the second part",NA,NA,William Shakespeare,contents,directions,ACT III,SCENE III. A Bedchamber,NA,NA,"Ah, what a sign it is of evil life"
1501,"King Henry VI, the second part","King Henry VI, the second part",NA,NA,William Shakespeare,contents,directions,ACT III,SCENE III. A Bedchamber,NA,NA,Where death’s approach is seen so terrible!
1501,"King Henry VI, the second part","King Henry VI, the second part",NA,NA,William Shakespeare,contents,unknown,ACT III,SCENE III. A Bedchamber,NA,NA,WARWICK.
1501,"King Henry VI, the second part","King Henry VI, the second part",NA,NA,William Shakespeare,contents,directions,ACT III,SCENE III. A Bedchamber,NA,NA,"Beaufort, it is thy sovereign speaks to thee."
1501,"King Henry VI, the second part","King Henry VI, the second part",NA,NA,William Shakespeare,contents,unknown,ACT III,SCENE III. A Bedchamber,NA,NA,CARDINAL.
1501,"King Henry VI, the second part","King Henry VI, the second part",NA,NA,William Shakespeare,contents,directions,ACT III,SCENE III. A Bedchamber,NA,NA,Bring me unto my trial when you will.
1501,"King Henry VI, the second part","King Henry VI, the second part",NA,NA,William Shakespeare,contents,directions,ACT III,SCENE III. A Bedchamber,NA,NA,Died he not in his bed? Where should he die?
1501,"King Henry VI, the second part","King Henry VI, the second part",NA,NA,William Shakespeare,contents,directions,ACT III,SCENE III. A Bedchamber,NA,NA,"Can I make men live, whe’er they will or no?"
1501,"King Henry VI, the second part","King Henry VI, the second part",NA,NA,William Shakespeare,contents,directions,ACT III,SCENE III. A Bedchamber,NA,NA,"O, torture me no more! I will confess."
1501,"King Henry VI, the second part","King Henry VI, the second part",NA,NA,William Shakespeare,contents,directions,ACT III,SCENE III. A Bedchamber,NA,NA,Alive again? Then show me where he is.
1501,"King Henry VI, the second part","King Henry VI, the second part",NA,NA,William Shakespeare,contents,directions,ACT III,SCENE III. A Bedchamber,NA,NA,I’ll give a thousand pound to look upon him.
1501,"King Henry VI, the second part","King Henry VI, the second part",NA,NA,William Shakespeare,contents,directions,ACT III,SCENE III. A Bedchamber,NA,NA,"He hath no eyes, the dust hath blinded them."
1501,"King Henry VI, the second part","King Henry VI, the second part",NA,NA,William Shakespeare,contents,directions,ACT III,SCENE III. A Bedchamber,NA,NA,"Comb down his hair; look, look, it stands upright,"
1501,"King Henry VI, the second part","King Henry VI, the second part",NA,NA,William Shakespeare,contents,directions,ACT III,SCENE III. A Bedchamber,NA,NA,Like lime-twigs set to catch my winged soul.
1501,"King Henry VI, the second part","King Henry VI, the second part",NA,NA,William Shakespeare,contents,directions,ACT III,SCENE III. A Bedchamber,NA,NA,"Give me some drink, and bid the apothecary"
1501,"King Henry VI, the second part","King Henry VI, the second part",NA,NA,William Shakespeare,contents,directions,ACT III,SCENE III. A Bedchamber,NA,NA,Bring the strong poison that I bought of him.
1501,"King Henry VI, the second part","King Henry VI, the second part",NA,NA,William Shakespeare,contents,unknown,ACT III,SCENE III. A Bedchamber,NA,NA,KING HENRY.
1501,"King Henry VI, the second part","King Henry VI, the second part",NA,NA,William Shakespeare,contents,directions,ACT III,SCENE III. A Bedchamber,NA,NA,"O Thou eternal mover of the heavens,"
1501,"King Henry VI, the second part","King Henry VI, the second part",NA,NA,William Shakespeare,contents,directions,ACT III,SCENE III. A Bedchamber,NA,NA,Look with a gentle eye upon this wretch!
1501,"King Henry VI, the second part","King Henry VI, the second part",NA,NA,William Shakespeare,contents,directions,ACT III,SCENE III. A Bedchamber,NA,NA,"O, beat away the busy meddling fiend"
1501,"King Henry VI, the second part","King Henry VI, the second part",NA,NA,William Shakespeare,contents,directions,ACT III,SCENE III. A Bedchamber,NA,NA,"That lays strong siege unto this wretch’s soul,"
1501,"King Henry VI, the second part","King Henry VI, the second part",NA,NA,William Shakespeare,contents,directions,ACT III,SCENE III. A Bedchamber,NA,NA,And from his bosom purge this black despair!
1501,"King Henry VI, the second part","King Henry VI, the second part",NA,NA,William Shakespeare,contents,unknown,ACT III,SCENE III. A Bedchamber,NA,NA,WARWICK.
1501,"King Henry VI, the second part","King Henry VI, the second part",NA,NA,William Shakespeare,contents,directions,ACT III,SCENE III. A Bedchamber,NA,NA,See how the pangs of death do make him grin!
1501,"King Henry VI, the second part","King Henry VI, the second part",NA,NA,William Shakespeare,contents,unknown,ACT III,SCENE III. A Bedchamber,NA,NA,SALISBURY.
1501,"King Henry VI, the second part","King Henry VI, the second part",NA,NA,William Shakespeare,contents,directions,ACT III,SCENE III. A Bedchamber,NA,NA,Disturb him not; let him pass peaceably.
1501,"King Henry VI, the second part","King Henry VI, the second part",NA,NA,William Shakespeare,contents,unknown,ACT III,SCENE III. A Bedchamber,NA,NA,KING HENRY.
1501,"King Henry VI, the second part","King Henry VI, the second part",NA,NA,William Shakespeare,contents,directions,ACT III,SCENE III. A Bedchamber,NA,NA,"Peace to his soul, if God’s good pleasure be!"
1501,"King Henry VI, the second part","King Henry VI, the second part",NA,NA,William Shakespeare,contents,directions,ACT III,SCENE III. A Bedchamber,NA,NA,"Lord Cardinal, if thou think’st on heaven’s bliss,"
1501,"King Henry VI, the second part","King Henry VI, the second part",NA,NA,William Shakespeare,contents,directions,ACT III,SCENE III. A Bedchamber,NA,NA,"Hold up thy hand, make signal of thy hope."
1501,"King Henry VI, the second part","King Henry VI, the second part",NA,NA,William Shakespeare,contents,directions,ACT III,SCENE III. A Bedchamber,NA,NA,"He dies and makes no sign. O God, forgive him!"
1501,"King Henry VI, the second part","King Henry VI, the second part",NA,NA,William Shakespeare,contents,unknown,ACT III,SCENE III. A Bedchamber,NA,NA,WARWICK.
1501,"King Henry VI, the second part","King Henry VI, the second part",NA,NA,William Shakespeare,contents,directions,ACT III,SCENE III. A Bedchamber,NA,NA,So bad a death argues a monstrous life.
1501,"King Henry VI, the second part","King Henry VI, the second part",NA,NA,William Shakespeare,contents,unknown,ACT III,SCENE III. A Bedchamber,NA,NA,KING HENRY.
1501,"King Henry VI, the second part","King Henry VI, the second part",NA,NA,William Shakespeare,contents,directions,ACT III,SCENE III. A Bedchamber,NA,NA,"Forbear to judge, for we are sinners all."
1501,"King Henry VI, the second part","King Henry VI, the second part",NA,NA,William Shakespeare,contents,directions,ACT III,SCENE III. A Bedchamber,NA,NA,"Close up his eyes, and draw the curtain close,"
1501,"King Henry VI, the second part","King Henry VI, the second part",NA,NA,William Shakespeare,contents,directions,ACT III,SCENE III. A Bedchamber,NA,NA,And let us all to meditation.
1501,"King Henry VI, the second part","King Henry VI, the second part",NA,NA,William Shakespeare,contents,directions,ACT III,SCENE III. A Bedchamber,NA,NA,[Exeunt.]
1501,"King Henry VI, the second part","King Henry VI, the second part",NA,NA,William Shakespeare,contents,reference,ACT IV,SCENE III. A Bedchamber,NA,NA,ACT IV
1501,"King Henry VI, the second part","King Henry VI, the second part",NA,NA,William Shakespeare,contents,reference,ACT IV,SCENE I. The Coast of Kent,NA,NA,SCENE I. The Coast of Kent
1501,"King Henry VI, the second part","King Henry VI, the second part",NA,NA,William Shakespeare,contents,directions,ACT IV,SCENE I. The Coast of Kent,NA,NA,"Alarum. Fight at sea. Ordnance goes off. Enter a Lieutenant, Suffolk,"
1501,"King Henry VI, the second part","King Henry VI, the second part",NA,NA,William Shakespeare,contents,directions,ACT IV,SCENE I. The Coast of Kent,NA,NA,"disguised, a prisoner. The Master, a Master’s Mate, Walter Whitmore,"
1501,"King Henry VI, the second part","King Henry VI, the second part",NA,NA,William Shakespeare,contents,directions,ACT IV,SCENE I. The Coast of Kent,NA,NA,and prisoners.
1501,"King Henry VI, the second part","King Henry VI, the second part",NA,NA,William Shakespeare,contents,unknown,ACT IV,SCENE I. The Coast of Kent,NA,NA,LIEUTENANT.
1501,"King Henry VI, the second part","King Henry VI, the second part",NA,NA,William Shakespeare,contents,directions,ACT IV,SCENE I. The Coast of Kent,NA,NA,"The gaudy, blabbing, and remorseful day"
1501,"King Henry VI, the second part","King Henry VI, the second part",NA,NA,William Shakespeare,contents,directions,ACT IV,SCENE I. The Coast of Kent,NA,NA,Is crept into the bosom of the sea;
1501,"King Henry VI, the second part","King Henry VI, the second part",NA,NA,William Shakespeare,contents,directions,ACT IV,SCENE I. The Coast of Kent,NA,NA,And now loud-howling wolves arouse the jades
1501,"King Henry VI, the second part","King Henry VI, the second part",NA,NA,William Shakespeare,contents,directions,ACT IV,SCENE I. The Coast of Kent,NA,NA,"That drag the tragic melancholy night,"
1501,"King Henry VI, the second part","King Henry VI, the second part",NA,NA,William Shakespeare,contents,directions,ACT IV,SCENE I. The Coast of Kent,NA,NA,"Who, with their drowsy, slow, and flagging wings"
1501,"King Henry VI, the second part","King Henry VI, the second part",NA,NA,William Shakespeare,contents,directions,ACT IV,SCENE I. The Coast of Kent,NA,NA,Clip dead men’s graves and from their misty jaws
1501,"King Henry VI, the second part","King Henry VI, the second part",NA,NA,William Shakespeare,contents,directions,ACT IV,SCENE I. The Coast of Kent,NA,NA,Breathe foul contagious darkness in the air.
1501,"King Henry VI, the second part","King Henry VI, the second part",NA,NA,William Shakespeare,contents,directions,ACT IV,SCENE I. The Coast of Kent,NA,NA,Therefore bring forth the soldiers of our prize;
1501,"King Henry VI, the second part","King Henry VI, the second part",NA,NA,William Shakespeare,contents,directions,ACT IV,SCENE I. The Coast of Kent,NA,NA,"For, whilst our pinnace anchors in the Downs,"
1501,"King Henry VI, the second part","King Henry VI, the second part",NA,NA,William Shakespeare,contents,directions,ACT IV,SCENE I. The Coast of Kent,NA,NA,"Here shall they make their ransom on the sand,"
1501,"King Henry VI, the second part","King Henry VI, the second part",NA,NA,William Shakespeare,contents,directions,ACT IV,SCENE I. The Coast of Kent,NA,NA,Or with their blood stain this discoloured shore.
1501,"King Henry VI, the second part","King Henry VI, the second part",NA,NA,William Shakespeare,contents,directions,ACT IV,SCENE I. The Coast of Kent,NA,NA,"Master, this prisoner freely give I thee,"
1501,"King Henry VI, the second part","King Henry VI, the second part",NA,NA,William Shakespeare,contents,directions,ACT IV,SCENE I. The Coast of Kent,NA,NA,"And thou that art his mate, make boot of this;"
1501,"King Henry VI, the second part","King Henry VI, the second part",NA,NA,William Shakespeare,contents,directions,ACT IV,SCENE I. The Coast of Kent,NA,NA,"The other, Walter Whitmore, is thy share."
1501,"King Henry VI, the second part","King Henry VI, the second part",NA,NA,William Shakespeare,contents,unknown,ACT IV,SCENE I. The Coast of Kent,NA,NA,1 GENTLEMAN.
1501,"King Henry VI, the second part","King Henry VI, the second part",NA,NA,William Shakespeare,contents,directions,ACT IV,SCENE I. The Coast of Kent,NA,NA,"What is my ransom, master? Let me know."
1501,"King Henry VI, the second part","King Henry VI, the second part",NA,NA,William Shakespeare,contents,unknown,ACT IV,SCENE I. The Coast of Kent,NA,NA,MASTER.
1501,"King Henry VI, the second part","King Henry VI, the second part",NA,NA,William Shakespeare,contents,directions,ACT IV,SCENE I. The Coast of Kent,NA,NA,"A thousand crowns, or else lay down your head."
1501,"King Henry VI, the second part","King Henry VI, the second part",NA,NA,William Shakespeare,contents,unknown,ACT IV,SCENE I. The Coast of Kent,NA,NA,MATE.
1501,"King Henry VI, the second part","King Henry VI, the second part",NA,NA,William Shakespeare,contents,directions,ACT IV,SCENE I. The Coast of Kent,NA,NA,"And so much shall you give, or off goes yours."
1501,"King Henry VI, the second part","King Henry VI, the second part",NA,NA,William Shakespeare,contents,unknown,ACT IV,SCENE I. The Coast of Kent,NA,NA,LIEUTENANT.
1501,"King Henry VI, the second part","King Henry VI, the second part",NA,NA,William Shakespeare,contents,directions,ACT IV,SCENE I. The Coast of Kent,NA,NA,"What, think you much to pay two thousand crowns,"
1501,"King Henry VI, the second part","King Henry VI, the second part",NA,NA,William Shakespeare,contents,directions,ACT IV,SCENE I. The Coast of Kent,NA,NA,And bear the name and port of gentlemen?
1501,"King Henry VI, the second part","King Henry VI, the second part",NA,NA,William Shakespeare,contents,directions,ACT IV,SCENE I. The Coast of Kent,NA,NA,Cut both the villains’ throats—for die you shall.
1501,"King Henry VI, the second part","King Henry VI, the second part",NA,NA,William Shakespeare,contents,directions,ACT IV,SCENE I. The Coast of Kent,NA,NA,The lives of those which we have lost in fight
1501,"King Henry VI, the second part","King Henry VI, the second part",NA,NA,William Shakespeare,contents,directions,ACT IV,SCENE I. The Coast of Kent,NA,NA,Be counterpoised with such a petty sum!
1501,"King Henry VI, the second part","King Henry VI, the second part",NA,NA,William Shakespeare,contents,unknown,ACT IV,SCENE I. The Coast of Kent,NA,NA,1 GENTLEMAN.
1501,"King Henry VI, the second part","King Henry VI, the second part",NA,NA,William Shakespeare,contents,directions,ACT IV,SCENE I. The Coast of Kent,NA,NA,"I’ll give it, sir, and therefore spare my life."
1501,"King Henry VI, the second part","King Henry VI, the second part",NA,NA,William Shakespeare,contents,unknown,ACT IV,SCENE I. The Coast of Kent,NA,NA,2 GENTLEMAN.
1501,"King Henry VI, the second part","King Henry VI, the second part",NA,NA,William Shakespeare,contents,directions,ACT IV,SCENE I. The Coast of Kent,NA,NA,"And so will I, and write home for it straight."
1501,"King Henry VI, the second part","King Henry VI, the second part",NA,NA,William Shakespeare,contents,unknown,ACT IV,SCENE I. The Coast of Kent,NA,NA,WHITMORE.
1501,"King Henry VI, the second part","King Henry VI, the second part",NA,NA,William Shakespeare,contents,directions,ACT IV,SCENE I. The Coast of Kent,NA,NA,"[To Suffolk.] I lost mine eye in laying the prize aboard,"
1501,"King Henry VI, the second part","King Henry VI, the second part",NA,NA,William Shakespeare,contents,directions,ACT IV,SCENE I. The Coast of Kent,NA,NA,And therefore to revenge it shalt thou die;
1501,"King Henry VI, the second part","King Henry VI, the second part",NA,NA,William Shakespeare,contents,directions,ACT IV,SCENE I. The Coast of Kent,NA,NA,"And so should these, if I might have my will."
1501,"King Henry VI, the second part","King Henry VI, the second part",NA,NA,William Shakespeare,contents,unknown,ACT IV,SCENE I. The Coast of Kent,NA,NA,LIEUTENANT.
1501,"King Henry VI, the second part","King Henry VI, the second part",NA,NA,William Shakespeare,contents,directions,ACT IV,SCENE I. The Coast of Kent,NA,NA,"Be not so rash; take ransom, let him live."
1501,"King Henry VI, the second part","King Henry VI, the second part",NA,NA,William Shakespeare,contents,unknown,ACT IV,SCENE I. The Coast of Kent,NA,NA,SUFFOLK.
1501,"King Henry VI, the second part","King Henry VI, the second part",NA,NA,William Shakespeare,contents,directions,ACT IV,SCENE I. The Coast of Kent,NA,NA,Look on my George; I am a gentleman.
1501,"King Henry VI, the second part","King Henry VI, the second part",NA,NA,William Shakespeare,contents,directions,ACT IV,SCENE I. The Coast of Kent,NA,NA,"Rate me at what thou wilt, thou shalt be paid."
1501,"King Henry VI, the second part","King Henry VI, the second part",NA,NA,William Shakespeare,contents,unknown,ACT IV,SCENE I. The Coast of Kent,NA,NA,WHITMORE.
1501,"King Henry VI, the second part","King Henry VI, the second part",NA,NA,William Shakespeare,contents,directions,ACT IV,SCENE I. The Coast of Kent,NA,NA,And so am I; my name is Walter Whitmore.
1501,"King Henry VI, the second part","King Henry VI, the second part",NA,NA,William Shakespeare,contents,directions,ACT IV,SCENE I. The Coast of Kent,NA,NA,"How now! Why starts thou? What, doth death affright?"
1501,"King Henry VI, the second part","King Henry VI, the second part",NA,NA,William Shakespeare,contents,unknown,ACT IV,SCENE I. The Coast of Kent,NA,NA,SUFFOLK.
1501,"King Henry VI, the second part","King Henry VI, the second part",NA,NA,William Shakespeare,contents,directions,ACT IV,SCENE I. The Coast of Kent,NA,NA,"Thy name affrights me, in whose sound is death."
1501,"King Henry VI, the second part","King Henry VI, the second part",NA,NA,William Shakespeare,contents,directions,ACT IV,SCENE I. The Coast of Kent,NA,NA,A cunning man did calculate my birth
1501,"King Henry VI, the second part","King Henry VI, the second part",NA,NA,William Shakespeare,contents,directions,ACT IV,SCENE I. The Coast of Kent,NA,NA,And told me that by water I should die.
1501,"King Henry VI, the second part","King Henry VI, the second part",NA,NA,William Shakespeare,contents,directions,ACT IV,SCENE I. The Coast of Kent,NA,NA,Yet let not this make thee be bloody-minded;
1501,"King Henry VI, the second part","King Henry VI, the second part",NA,NA,William Shakespeare,contents,directions,ACT IV,SCENE I. The Coast of Kent,NA,NA,"Thy name is Gaultier, being rightly sounded."
1501,"King Henry VI, the second part","King Henry VI, the second part",NA,NA,William Shakespeare,contents,unknown,ACT IV,SCENE I. The Coast of Kent,NA,NA,WHITMORE.
1501,"King Henry VI, the second part","King Henry VI, the second part",NA,NA,William Shakespeare,contents,directions,ACT IV,SCENE I. The Coast of Kent,NA,NA,"Gaultier or Walter, which it is, I care not."
1501,"King Henry VI, the second part","King Henry VI, the second part",NA,NA,William Shakespeare,contents,directions,ACT IV,SCENE I. The Coast of Kent,NA,NA,Never yet did base dishonour blur our name
1501,"King Henry VI, the second part","King Henry VI, the second part",NA,NA,William Shakespeare,contents,directions,ACT IV,SCENE I. The Coast of Kent,NA,NA,But with our sword we wiped away the blot.
1501,"King Henry VI, the second part","King Henry VI, the second part",NA,NA,William Shakespeare,contents,directions,ACT IV,SCENE I. The Coast of Kent,NA,NA,"Therefore, when merchant-like I sell revenge,"
1501,"King Henry VI, the second part","King Henry VI, the second part",NA,NA,William Shakespeare,contents,directions,ACT IV,SCENE I. The Coast of Kent,NA,NA,"Broke be my sword, my arms torn and defaced,"
1501,"King Henry VI, the second part","King Henry VI, the second part",NA,NA,William Shakespeare,contents,directions,ACT IV,SCENE I. The Coast of Kent,NA,NA,And I proclaimed a coward through the world!
1501,"King Henry VI, the second part","King Henry VI, the second part",NA,NA,William Shakespeare,contents,unknown,ACT IV,SCENE I. The Coast of Kent,NA,NA,SUFFOLK.
1501,"King Henry VI, the second part","King Henry VI, the second part",NA,NA,William Shakespeare,contents,directions,ACT IV,SCENE I. The Coast of Kent,NA,NA,"Stay, Whitmore, for thy prisoner is a prince,"
1501,"King Henry VI, the second part","King Henry VI, the second part",NA,NA,William Shakespeare,contents,directions,ACT IV,SCENE I. The Coast of Kent,NA,NA,"The Duke of Suffolk, William de la Pole."
1501,"King Henry VI, the second part","King Henry VI, the second part",NA,NA,William Shakespeare,contents,unknown,ACT IV,SCENE I. The Coast of Kent,NA,NA,WHITMORE.
1501,"King Henry VI, the second part","King Henry VI, the second part",NA,NA,William Shakespeare,contents,directions,ACT IV,SCENE I. The Coast of Kent,NA,NA,"The Duke of Suffolk, muffled up in rags?"
1501,"King Henry VI, the second part","King Henry VI, the second part",NA,NA,William Shakespeare,contents,unknown,ACT IV,SCENE I. The Coast of Kent,NA,NA,SUFFOLK.
1501,"King Henry VI, the second part","King Henry VI, the second part",NA,NA,William Shakespeare,contents,directions,ACT IV,SCENE I. The Coast of Kent,NA,NA,"Ay, but these rags are no part of the Duke."
1501,"King Henry VI, the second part","King Henry VI, the second part",NA,NA,William Shakespeare,contents,directions,ACT IV,SCENE I. The Coast of Kent,NA,NA,"Jove sometime went disguised, and why not I?"
1501,"King Henry VI, the second part","King Henry VI, the second part",NA,NA,William Shakespeare,contents,unknown,ACT IV,SCENE I. The Coast of Kent,NA,NA,LIEUTENANT.
1501,"King Henry VI, the second part","King Henry VI, the second part",NA,NA,William Shakespeare,contents,directions,ACT IV,SCENE I. The Coast of Kent,NA,NA,"But Jove was never slain, as thou shalt be."
1501,"King Henry VI, the second part","King Henry VI, the second part",NA,NA,William Shakespeare,contents,unknown,ACT IV,SCENE I. The Coast of Kent,NA,NA,SUFFOLK.
1501,"King Henry VI, the second part","King Henry VI, the second part",NA,NA,William Shakespeare,contents,directions,ACT IV,SCENE I. The Coast of Kent,NA,NA,"Obscure and lowly swain, King Henry’s blood,"
1501,"King Henry VI, the second part","King Henry VI, the second part",NA,NA,William Shakespeare,contents,directions,ACT IV,SCENE I. The Coast of Kent,NA,NA,"The honourable blood of Lancaster,"
1501,"King Henry VI, the second part","King Henry VI, the second part",NA,NA,William Shakespeare,contents,directions,ACT IV,SCENE I. The Coast of Kent,NA,NA,Must not be shed by such a jaded groom.
1501,"King Henry VI, the second part","King Henry VI, the second part",NA,NA,William Shakespeare,contents,directions,ACT IV,SCENE I. The Coast of Kent,NA,NA,Hast thou not kissed thy hand and held my stirrup?
1501,"King Henry VI, the second part","King Henry VI, the second part",NA,NA,William Shakespeare,contents,directions,ACT IV,SCENE I. The Coast of Kent,NA,NA,"Bareheaded plodded by my foot-cloth mule,"
1501,"King Henry VI, the second part","King Henry VI, the second part",NA,NA,William Shakespeare,contents,directions,ACT IV,SCENE I. The Coast of Kent,NA,NA,And thought thee happy when I shook my head?
1501,"King Henry VI, the second part","King Henry VI, the second part",NA,NA,William Shakespeare,contents,directions,ACT IV,SCENE I. The Coast of Kent,NA,NA,"How often hast thou waited at my cup,"
1501,"King Henry VI, the second part","King Henry VI, the second part",NA,NA,William Shakespeare,contents,directions,ACT IV,SCENE I. The Coast of Kent,NA,NA,"Fed from my trencher, kneeled down at the board,"
1501,"King Henry VI, the second part","King Henry VI, the second part",NA,NA,William Shakespeare,contents,directions,ACT IV,SCENE I. The Coast of Kent,NA,NA,When I have feasted with Queen Margaret?
1501,"King Henry VI, the second part","King Henry VI, the second part",NA,NA,William Shakespeare,contents,directions,ACT IV,SCENE I. The Coast of Kent,NA,NA,"Remember it, and let it make thee crestfallen,"
1501,"King Henry VI, the second part","King Henry VI, the second part",NA,NA,William Shakespeare,contents,directions,ACT IV,SCENE I. The Coast of Kent,NA,NA,"Ay, and allay thus thy abortive pride."
1501,"King Henry VI, the second part","King Henry VI, the second part",NA,NA,William Shakespeare,contents,directions,ACT IV,SCENE I. The Coast of Kent,NA,NA,How in our voiding lobby hast thou stood
1501,"King Henry VI, the second part","King Henry VI, the second part",NA,NA,William Shakespeare,contents,directions,ACT IV,SCENE I. The Coast of Kent,NA,NA,And duly waited for my coming forth?
1501,"King Henry VI, the second part","King Henry VI, the second part",NA,NA,William Shakespeare,contents,directions,ACT IV,SCENE I. The Coast of Kent,NA,NA,"This hand of mine hath writ in thy behalf,"
1501,"King Henry VI, the second part","King Henry VI, the second part",NA,NA,William Shakespeare,contents,directions,ACT IV,SCENE I. The Coast of Kent,NA,NA,And therefore shall it charm thy riotous tongue.
1501,"King Henry VI, the second part","King Henry VI, the second part",NA,NA,William Shakespeare,contents,unknown,ACT IV,SCENE I. The Coast of Kent,NA,NA,WHITMORE.
1501,"King Henry VI, the second part","King Henry VI, the second part",NA,NA,William Shakespeare,contents,directions,ACT IV,SCENE I. The Coast of Kent,NA,NA,"Speak, captain, shall I stab the forlorn swain?"
1501,"King Henry VI, the second part","King Henry VI, the second part",NA,NA,William Shakespeare,contents,unknown,ACT IV,SCENE I. The Coast of Kent,NA,NA,LIEUTENANT.
1501,"King Henry VI, the second part","King Henry VI, the second part",NA,NA,William Shakespeare,contents,directions,ACT IV,SCENE I. The Coast of Kent,NA,NA,"First let my words stab him, as he hath me."
1501,"King Henry VI, the second part","King Henry VI, the second part",NA,NA,William Shakespeare,contents,unknown,ACT IV,SCENE I. The Coast of Kent,NA,NA,SUFFOLK.
1501,"King Henry VI, the second part","King Henry VI, the second part",NA,NA,William Shakespeare,contents,directions,ACT IV,SCENE I. The Coast of Kent,NA,NA,"Base slave, thy words are blunt, and so art thou."
1501,"King Henry VI, the second part","King Henry VI, the second part",NA,NA,William Shakespeare,contents,unknown,ACT IV,SCENE I. The Coast of Kent,NA,NA,LIEUTENANT.
1501,"King Henry VI, the second part","King Henry VI, the second part",NA,NA,William Shakespeare,contents,directions,ACT IV,SCENE I. The Coast of Kent,NA,NA,"Convey him hence, and on our longboat’s side"
1501,"King Henry VI, the second part","King Henry VI, the second part",NA,NA,William Shakespeare,contents,directions,ACT IV,SCENE I. The Coast of Kent,NA,NA,Strike off his head.
1501,"King Henry VI, the second part","King Henry VI, the second part",NA,NA,William Shakespeare,contents,unknown,ACT IV,SCENE I. The Coast of Kent,NA,NA,SUFFOLK.
1501,"King Henry VI, the second part","King Henry VI, the second part",NA,NA,William Shakespeare,contents,directions,ACT IV,SCENE I. The Coast of Kent,NA,NA,"Thou dar’st not, for thy own."
1501,"King Henry VI, the second part","King Henry VI, the second part",NA,NA,William Shakespeare,contents,unknown,ACT IV,SCENE I. The Coast of Kent,NA,NA,LIEUTENANT.
1501,"King Henry VI, the second part","King Henry VI, the second part",NA,NA,William Shakespeare,contents,directions,ACT IV,SCENE I. The Coast of Kent,NA,NA,"Yes, poll!"
1501,"King Henry VI, the second part","King Henry VI, the second part",NA,NA,William Shakespeare,contents,unknown,ACT IV,SCENE I. The Coast of Kent,NA,NA,SUFFOLK.
1501,"King Henry VI, the second part","King Henry VI, the second part",NA,NA,William Shakespeare,contents,directions,ACT IV,SCENE I. The Coast of Kent,NA,NA,Pole!
1501,"King Henry VI, the second part","King Henry VI, the second part",NA,NA,William Shakespeare,contents,unknown,ACT IV,SCENE I. The Coast of Kent,NA,NA,LIEUTENANT.
1501,"King Henry VI, the second part","King Henry VI, the second part",NA,NA,William Shakespeare,contents,directions,ACT IV,SCENE I. The Coast of Kent,NA,NA,Pool! Sir Pool! Lord!
1501,"King Henry VI, the second part","King Henry VI, the second part",NA,NA,William Shakespeare,contents,directions,ACT IV,SCENE I. The Coast of Kent,NA,NA,"Ay, kennel, puddle, sink, whose filth and dirt"
1501,"King Henry VI, the second part","King Henry VI, the second part",NA,NA,William Shakespeare,contents,directions,ACT IV,SCENE I. The Coast of Kent,NA,NA,Troubles the silver spring where England drinks;
1501,"King Henry VI, the second part","King Henry VI, the second part",NA,NA,William Shakespeare,contents,directions,ACT IV,SCENE I. The Coast of Kent,NA,NA,Now will I dam up this thy yawning mouth
1501,"King Henry VI, the second part","King Henry VI, the second part",NA,NA,William Shakespeare,contents,directions,ACT IV,SCENE I. The Coast of Kent,NA,NA,For swallowing the treasure of the realm.
1501,"King Henry VI, the second part","King Henry VI, the second part",NA,NA,William Shakespeare,contents,directions,ACT IV,SCENE I. The Coast of Kent,NA,NA,Thy lips that kissed the Queen shall sweep the ground;
1501,"King Henry VI, the second part","King Henry VI, the second part",NA,NA,William Shakespeare,contents,directions,ACT IV,SCENE I. The Coast of Kent,NA,NA,And thou that smiledst at good Duke Humphrey’s death
1501,"King Henry VI, the second part","King Henry VI, the second part",NA,NA,William Shakespeare,contents,directions,ACT IV,SCENE I. The Coast of Kent,NA,NA,"Against the senseless winds shalt grin in vain,"
1501,"King Henry VI, the second part","King Henry VI, the second part",NA,NA,William Shakespeare,contents,directions,ACT IV,SCENE I. The Coast of Kent,NA,NA,Who in contempt shall hiss at thee again.
1501,"King Henry VI, the second part","King Henry VI, the second part",NA,NA,William Shakespeare,contents,directions,ACT IV,SCENE I. The Coast of Kent,NA,NA,"And wedded be thou to the hags of hell,"
1501,"King Henry VI, the second part","King Henry VI, the second part",NA,NA,William Shakespeare,contents,directions,ACT IV,SCENE I. The Coast of Kent,NA,NA,For daring to affy a mighty lord
1501,"King Henry VI, the second part","King Henry VI, the second part",NA,NA,William Shakespeare,contents,directions,ACT IV,SCENE I. The Coast of Kent,NA,NA,"Unto the daughter of a worthless king,"
1501,"King Henry VI, the second part","King Henry VI, the second part",NA,NA,William Shakespeare,contents,directions,ACT IV,SCENE I. The Coast of Kent,NA,NA,"Having neither subject, wealth, nor diadem."
1501,"King Henry VI, the second part","King Henry VI, the second part",NA,NA,William Shakespeare,contents,directions,ACT IV,SCENE I. The Coast of Kent,NA,NA,By devilish policy art thou grown great
1501,"King Henry VI, the second part","King Henry VI, the second part",NA,NA,William Shakespeare,contents,directions,ACT IV,SCENE I. The Coast of Kent,NA,NA,"And, like ambitious Sylla, overgorged"
1501,"King Henry VI, the second part","King Henry VI, the second part",NA,NA,William Shakespeare,contents,directions,ACT IV,SCENE I. The Coast of Kent,NA,NA,With gobbets of thy mother’s bleeding heart.
1501,"King Henry VI, the second part","King Henry VI, the second part",NA,NA,William Shakespeare,contents,directions,ACT IV,SCENE I. The Coast of Kent,NA,NA,"By thee Anjou and Maine were sold to France,"
1501,"King Henry VI, the second part","King Henry VI, the second part",NA,NA,William Shakespeare,contents,directions,ACT IV,SCENE I. The Coast of Kent,NA,NA,The false revolting Normans thorough thee
1501,"King Henry VI, the second part","King Henry VI, the second part",NA,NA,William Shakespeare,contents,directions,ACT IV,SCENE I. The Coast of Kent,NA,NA,"Disdain to call us lord, and Picardy"
1501,"King Henry VI, the second part","King Henry VI, the second part",NA,NA,William Shakespeare,contents,directions,ACT IV,SCENE I. The Coast of Kent,NA,NA,"Hath slain their governors, surprised our forts,"
1501,"King Henry VI, the second part","King Henry VI, the second part",NA,NA,William Shakespeare,contents,directions,ACT IV,SCENE I. The Coast of Kent,NA,NA,And sent the ragged soldiers wounded home.
1501,"King Henry VI, the second part","King Henry VI, the second part",NA,NA,William Shakespeare,contents,directions,ACT IV,SCENE I. The Coast of Kent,NA,NA,"The princely Warwick, and the Nevilles all,"
1501,"King Henry VI, the second part","King Henry VI, the second part",NA,NA,William Shakespeare,contents,directions,ACT IV,SCENE I. The Coast of Kent,NA,NA,"Whose dreadful swords were never drawn in vain,"
1501,"King Henry VI, the second part","King Henry VI, the second part",NA,NA,William Shakespeare,contents,directions,ACT IV,SCENE I. The Coast of Kent,NA,NA,As hating thee are rising up in arms.
1501,"King Henry VI, the second part","King Henry VI, the second part",NA,NA,William Shakespeare,contents,directions,ACT IV,SCENE I. The Coast of Kent,NA,NA,"And now the house of York, thrust from the crown"
1501,"King Henry VI, the second part","King Henry VI, the second part",NA,NA,William Shakespeare,contents,directions,ACT IV,SCENE I. The Coast of Kent,NA,NA,By shameful murder of a guiltless king
1501,"King Henry VI, the second part","King Henry VI, the second part",NA,NA,William Shakespeare,contents,directions,ACT IV,SCENE I. The Coast of Kent,NA,NA,"And lofty, proud, encroaching tyranny,"
1501,"King Henry VI, the second part","King Henry VI, the second part",NA,NA,William Shakespeare,contents,directions,ACT IV,SCENE I. The Coast of Kent,NA,NA,"Burns with revenging fire, whose hopeful colours"
1501,"King Henry VI, the second part","King Henry VI, the second part",NA,NA,William Shakespeare,contents,directions,ACT IV,SCENE I. The Coast of Kent,NA,NA,"Advance our half-faced sun, striving to shine,"
1501,"King Henry VI, the second part","King Henry VI, the second part",NA,NA,William Shakespeare,contents,directions,ACT IV,SCENE I. The Coast of Kent,NA,NA,Under the which is writ “Invitis nubibus.”
1501,"King Henry VI, the second part","King Henry VI, the second part",NA,NA,William Shakespeare,contents,directions,ACT IV,SCENE I. The Coast of Kent,NA,NA,The commons here in Kent are up in arms;
1501,"King Henry VI, the second part","King Henry VI, the second part",NA,NA,William Shakespeare,contents,directions,ACT IV,SCENE I. The Coast of Kent,NA,NA,"And, to conclude, reproach and beggary"
1501,"King Henry VI, the second part","King Henry VI, the second part",NA,NA,William Shakespeare,contents,directions,ACT IV,SCENE I. The Coast of Kent,NA,NA,"Is crept into the palace of our King,"
1501,"King Henry VI, the second part","King Henry VI, the second part",NA,NA,William Shakespeare,contents,directions,ACT IV,SCENE I. The Coast of Kent,NA,NA,And all by thee.—Away! Convey him hence.
1501,"King Henry VI, the second part","King Henry VI, the second part",NA,NA,William Shakespeare,contents,unknown,ACT IV,SCENE I. The Coast of Kent,NA,NA,SUFFOLK.
1501,"King Henry VI, the second part","King Henry VI, the second part",NA,NA,William Shakespeare,contents,directions,ACT IV,SCENE I. The Coast of Kent,NA,NA,"O that I were a god, to shoot forth thunder"
1501,"King Henry VI, the second part","King Henry VI, the second part",NA,NA,William Shakespeare,contents,directions,ACT IV,SCENE I. The Coast of Kent,NA,NA,"Upon these paltry, servile, abject drudges!"
1501,"King Henry VI, the second part","King Henry VI, the second part",NA,NA,William Shakespeare,contents,directions,ACT IV,SCENE I. The Coast of Kent,NA,NA,"Small things make base men proud. This villain here,"
1501,"King Henry VI, the second part","King Henry VI, the second part",NA,NA,William Shakespeare,contents,directions,ACT IV,SCENE I. The Coast of Kent,NA,NA,"Being captain of a pinnace, threatens more"
1501,"King Henry VI, the second part","King Henry VI, the second part",NA,NA,William Shakespeare,contents,directions,ACT IV,SCENE I. The Coast of Kent,NA,NA,Than Bargulus the strong Illyrian pirate.
1501,"King Henry VI, the second part","King Henry VI, the second part",NA,NA,William Shakespeare,contents,directions,ACT IV,SCENE I. The Coast of Kent,NA,NA,Drones suck not eagles’ blood but rob beehives.
1501,"King Henry VI, the second part","King Henry VI, the second part",NA,NA,William Shakespeare,contents,directions,ACT IV,SCENE I. The Coast of Kent,NA,NA,It is impossible that I should die
1501,"King Henry VI, the second part","King Henry VI, the second part",NA,NA,William Shakespeare,contents,directions,ACT IV,SCENE I. The Coast of Kent,NA,NA,By such a lowly vassal as thyself.
1501,"King Henry VI, the second part","King Henry VI, the second part",NA,NA,William Shakespeare,contents,directions,ACT IV,SCENE I. The Coast of Kent,NA,NA,Thy words move rage and not remorse in me.
1501,"King Henry VI, the second part","King Henry VI, the second part",NA,NA,William Shakespeare,contents,directions,ACT IV,SCENE I. The Coast of Kent,NA,NA,I go of message from the Queen to France;
1501,"King Henry VI, the second part","King Henry VI, the second part",NA,NA,William Shakespeare,contents,directions,ACT IV,SCENE I. The Coast of Kent,NA,NA,I charge thee waft me safely ’cross the Channel.
1501,"King Henry VI, the second part","King Henry VI, the second part",NA,NA,William Shakespeare,contents,unknown,ACT IV,SCENE I. The Coast of Kent,NA,NA,LIEUTENANT.
1501,"King Henry VI, the second part","King Henry VI, the second part",NA,NA,William Shakespeare,contents,directions,ACT IV,SCENE I. The Coast of Kent,NA,NA,Walter.
1501,"King Henry VI, the second part","King Henry VI, the second part",NA,NA,William Shakespeare,contents,unknown,ACT IV,SCENE I. The Coast of Kent,NA,NA,WHITMORE.
1501,"King Henry VI, the second part","King Henry VI, the second part",NA,NA,William Shakespeare,contents,directions,ACT IV,SCENE I. The Coast of Kent,NA,NA,"Come, Suffolk, I must waft thee to thy death."
1501,"King Henry VI, the second part","King Henry VI, the second part",NA,NA,William Shakespeare,contents,unknown,ACT IV,SCENE I. The Coast of Kent,NA,NA,SUFFOLK.
1501,"King Henry VI, the second part","King Henry VI, the second part",NA,NA,William Shakespeare,contents,directions,ACT IV,SCENE I. The Coast of Kent,NA,NA,Pene gelidus timor occupat artus.
1501,"King Henry VI, the second part","King Henry VI, the second part",NA,NA,William Shakespeare,contents,directions,ACT IV,SCENE I. The Coast of Kent,NA,NA,It is thee I fear.
1501,"King Henry VI, the second part","King Henry VI, the second part",NA,NA,William Shakespeare,contents,unknown,ACT IV,SCENE I. The Coast of Kent,NA,NA,WHITMORE.
1501,"King Henry VI, the second part","King Henry VI, the second part",NA,NA,William Shakespeare,contents,directions,ACT IV,SCENE I. The Coast of Kent,NA,NA,Thou shalt have cause to fear before I leave thee.
1501,"King Henry VI, the second part","King Henry VI, the second part",NA,NA,William Shakespeare,contents,directions,ACT IV,SCENE I. The Coast of Kent,NA,NA,"What, are ye daunted now? Now will ye stoop?"
1501,"King Henry VI, the second part","King Henry VI, the second part",NA,NA,William Shakespeare,contents,unknown,ACT IV,SCENE I. The Coast of Kent,NA,NA,1 GENTLEMAN.
1501,"King Henry VI, the second part","King Henry VI, the second part",NA,NA,William Shakespeare,contents,directions,ACT IV,SCENE I. The Coast of Kent,NA,NA,"My gracious lord, entreat him, speak him fair."
1501,"King Henry VI, the second part","King Henry VI, the second part",NA,NA,William Shakespeare,contents,unknown,ACT IV,SCENE I. The Coast of Kent,NA,NA,SUFFOLK.
1501,"King Henry VI, the second part","King Henry VI, the second part",NA,NA,William Shakespeare,contents,directions,ACT IV,SCENE I. The Coast of Kent,NA,NA,"Suffolk’s imperial tongue is stern and rough,"
1501,"King Henry VI, the second part","King Henry VI, the second part",NA,NA,William Shakespeare,contents,directions,ACT IV,SCENE I. The Coast of Kent,NA,NA,"Used to command, untaught to plead for favour."
1501,"King Henry VI, the second part","King Henry VI, the second part",NA,NA,William Shakespeare,contents,directions,ACT IV,SCENE I. The Coast of Kent,NA,NA,Far be it we should honour such as these
1501,"King Henry VI, the second part","King Henry VI, the second part",NA,NA,William Shakespeare,contents,directions,ACT IV,SCENE I. The Coast of Kent,NA,NA,"With humble suit. No, rather let my head"
1501,"King Henry VI, the second part","King Henry VI, the second part",NA,NA,William Shakespeare,contents,directions,ACT IV,SCENE I. The Coast of Kent,NA,NA,Stoop to the block than these knees bow to any
1501,"King Henry VI, the second part","King Henry VI, the second part",NA,NA,William Shakespeare,contents,directions,ACT IV,SCENE I. The Coast of Kent,NA,NA,Save to the God of heaven and to my King;
1501,"King Henry VI, the second part","King Henry VI, the second part",NA,NA,William Shakespeare,contents,directions,ACT IV,SCENE I. The Coast of Kent,NA,NA,And sooner dance upon a bloody pole
1501,"King Henry VI, the second part","King Henry VI, the second part",NA,NA,William Shakespeare,contents,directions,ACT IV,SCENE I. The Coast of Kent,NA,NA,Than stand uncovered to the vulgar groom.
1501,"King Henry VI, the second part","King Henry VI, the second part",NA,NA,William Shakespeare,contents,directions,ACT IV,SCENE I. The Coast of Kent,NA,NA,True nobility is exempt from fear;
1501,"King Henry VI, the second part","King Henry VI, the second part",NA,NA,William Shakespeare,contents,directions,ACT IV,SCENE I. The Coast of Kent,NA,NA,More can I bear than you dare execute.
1501,"King Henry VI, the second part","King Henry VI, the second part",NA,NA,William Shakespeare,contents,unknown,ACT IV,SCENE I. The Coast of Kent,NA,NA,LIEUTENANT.
1501,"King Henry VI, the second part","King Henry VI, the second part",NA,NA,William Shakespeare,contents,directions,ACT IV,SCENE I. The Coast of Kent,NA,NA,"Hale him away, and let him talk no more."
1501,"King Henry VI, the second part","King Henry VI, the second part",NA,NA,William Shakespeare,contents,unknown,ACT IV,SCENE I. The Coast of Kent,NA,NA,SUFFOLK.
1501,"King Henry VI, the second part","King Henry VI, the second part",NA,NA,William Shakespeare,contents,directions,ACT IV,SCENE I. The Coast of Kent,NA,NA,"Come, soldiers, show what cruelty ye can,"
1501,"King Henry VI, the second part","King Henry VI, the second part",NA,NA,William Shakespeare,contents,directions,ACT IV,SCENE I. The Coast of Kent,NA,NA,That this my death may never be forgot!
1501,"King Henry VI, the second part","King Henry VI, the second part",NA,NA,William Shakespeare,contents,directions,ACT IV,SCENE I. The Coast of Kent,NA,NA,Great men oft die by vile Bezonians.
1501,"King Henry VI, the second part","King Henry VI, the second part",NA,NA,William Shakespeare,contents,directions,ACT IV,SCENE I. The Coast of Kent,NA,NA,A Roman sworder and banditto slave
1501,"King Henry VI, the second part","King Henry VI, the second part",NA,NA,William Shakespeare,contents,directions,ACT IV,SCENE I. The Coast of Kent,NA,NA,Murdered sweet Tully; Brutus’ bastard hand
1501,"King Henry VI, the second part","King Henry VI, the second part",NA,NA,William Shakespeare,contents,directions,ACT IV,SCENE I. The Coast of Kent,NA,NA,Stabbed Julius Caesar; savage islanders
1501,"King Henry VI, the second part","King Henry VI, the second part",NA,NA,William Shakespeare,contents,directions,ACT IV,SCENE I. The Coast of Kent,NA,NA,Pompey the Great; and Suffolk dies by pirates.
1501,"King Henry VI, the second part","King Henry VI, the second part",NA,NA,William Shakespeare,contents,directions,ACT IV,SCENE I. The Coast of Kent,NA,NA,[Exeunt Whitmore and others with Suffolk.]
1501,"King Henry VI, the second part","King Henry VI, the second part",NA,NA,William Shakespeare,contents,unknown,ACT IV,SCENE I. The Coast of Kent,NA,NA,LIEUTENANT.
1501,"King Henry VI, the second part","King Henry VI, the second part",NA,NA,William Shakespeare,contents,directions,ACT IV,SCENE I. The Coast of Kent,NA,NA,"And as for these whose ransom we have set,"
1501,"King Henry VI, the second part","King Henry VI, the second part",NA,NA,William Shakespeare,contents,directions,ACT IV,SCENE I. The Coast of Kent,NA,NA,It is our pleasure one of them depart.
1501,"King Henry VI, the second part","King Henry VI, the second part",NA,NA,William Shakespeare,contents,directions,ACT IV,SCENE I. The Coast of Kent,NA,NA,"Therefore come you with us, and let him go."
1501,"King Henry VI, the second part","King Henry VI, the second part",NA,NA,William Shakespeare,contents,directions,ACT IV,SCENE I. The Coast of Kent,NA,NA,[Exeunt all but the 1 Gentleman.]
1501,"King Henry VI, the second part","King Henry VI, the second part",NA,NA,William Shakespeare,contents,directions,ACT IV,SCENE I. The Coast of Kent,NA,NA,Enter Whitmore with Suffolk’s body and head.
1501,"King Henry VI, the second part","King Henry VI, the second part",NA,NA,William Shakespeare,contents,unknown,ACT IV,SCENE I. The Coast of Kent,NA,NA,WHITMORE.
1501,"King Henry VI, the second part","King Henry VI, the second part",NA,NA,William Shakespeare,contents,directions,ACT IV,SCENE I. The Coast of Kent,NA,NA,"There let his head and lifeless body lie,"
1501,"King Henry VI, the second part","King Henry VI, the second part",NA,NA,William Shakespeare,contents,directions,ACT IV,SCENE I. The Coast of Kent,NA,NA,Until the Queen his mistress bury it.
1501,"King Henry VI, the second part","King Henry VI, the second part",NA,NA,William Shakespeare,contents,directions,ACT IV,SCENE I. The Coast of Kent,NA,NA,[Exit.]
1501,"King Henry VI, the second part","King Henry VI, the second part",NA,NA,William Shakespeare,contents,unknown,ACT IV,SCENE I. The Coast of Kent,NA,NA,1 GENTLEMAN.
1501,"King Henry VI, the second part","King Henry VI, the second part",NA,NA,William Shakespeare,contents,directions,ACT IV,SCENE I. The Coast of Kent,NA,NA,O barbarous and bloody spectacle!
1501,"King Henry VI, the second part","King Henry VI, the second part",NA,NA,William Shakespeare,contents,directions,ACT IV,SCENE I. The Coast of Kent,NA,NA,His body will I bear unto the King.
1501,"King Henry VI, the second part","King Henry VI, the second part",NA,NA,William Shakespeare,contents,directions,ACT IV,SCENE I. The Coast of Kent,NA,NA,"If he revenge it not, yet will his friends;"
1501,"King Henry VI, the second part","King Henry VI, the second part",NA,NA,William Shakespeare,contents,directions,ACT IV,SCENE I. The Coast of Kent,NA,NA,"So will the Queen, that living held him dear."
1501,"King Henry VI, the second part","King Henry VI, the second part",NA,NA,William Shakespeare,contents,directions,ACT IV,SCENE I. The Coast of Kent,NA,NA,[Exit with the body.]
1501,"King Henry VI, the second part","King Henry VI, the second part",NA,NA,William Shakespeare,contents,reference,ACT IV,SCENE II. Blackheath,NA,NA,SCENE II. Blackheath
1501,"King Henry VI, the second part","King Henry VI, the second part",NA,NA,William Shakespeare,contents,directions,ACT IV,SCENE II. Blackheath,NA,NA,Enter George Bevis and John Holland.
1501,"King Henry VI, the second part","King Henry VI, the second part",NA,NA,William Shakespeare,contents,unknown,ACT IV,SCENE II. Blackheath,NA,NA,BEVIS.
1501,"King Henry VI, the second part","King Henry VI, the second part",NA,NA,William Shakespeare,contents,directions,ACT IV,SCENE II. Blackheath,NA,NA,"Come, and get thee a sword, though made of a lath; they have been up"
1501,"King Henry VI, the second part","King Henry VI, the second part",NA,NA,William Shakespeare,contents,directions,ACT IV,SCENE II. Blackheath,NA,NA,these two days.
1501,"King Henry VI, the second part","King Henry VI, the second part",NA,NA,William Shakespeare,contents,unknown,ACT IV,SCENE II. Blackheath,NA,NA,HOLLAND.
1501,"King Henry VI, the second part","King Henry VI, the second part",NA,NA,William Shakespeare,contents,directions,ACT IV,SCENE II. Blackheath,NA,NA,"They have the more need to sleep now, then."
1501,"King Henry VI, the second part","King Henry VI, the second part",NA,NA,William Shakespeare,contents,unknown,ACT IV,SCENE II. Blackheath,NA,NA,BEVIS.
1501,"King Henry VI, the second part","King Henry VI, the second part",NA,NA,William Shakespeare,contents,directions,ACT IV,SCENE II. Blackheath,NA,NA,"I tell thee, Jack Cade the clothier means to dress the commonwealth,"
1501,"King Henry VI, the second part","King Henry VI, the second part",NA,NA,William Shakespeare,contents,directions,ACT IV,SCENE II. Blackheath,NA,NA,"and turn it, and set a new nap upon it."
1501,"King Henry VI, the second part","King Henry VI, the second part",NA,NA,William Shakespeare,contents,unknown,ACT IV,SCENE II. Blackheath,NA,NA,HOLLAND.
1501,"King Henry VI, the second part","King Henry VI, the second part",NA,NA,William Shakespeare,contents,directions,ACT IV,SCENE II. Blackheath,NA,NA,"So he had need, for ’tis threadbare. Well, I say it was never merry"
1501,"King Henry VI, the second part","King Henry VI, the second part",NA,NA,William Shakespeare,contents,directions,ACT IV,SCENE II. Blackheath,NA,NA,world in England since gentlemen came up.
1501,"King Henry VI, the second part","King Henry VI, the second part",NA,NA,William Shakespeare,contents,unknown,ACT IV,SCENE II. Blackheath,NA,NA,BEVIS.
1501,"King Henry VI, the second part","King Henry VI, the second part",NA,NA,William Shakespeare,contents,directions,ACT IV,SCENE II. Blackheath,NA,NA,O miserable age! Virtue is not regarded in handicraftsmen.
1501,"King Henry VI, the second part","King Henry VI, the second part",NA,NA,William Shakespeare,contents,unknown,ACT IV,SCENE II. Blackheath,NA,NA,HOLLAND.
1501,"King Henry VI, the second part","King Henry VI, the second part",NA,NA,William Shakespeare,contents,directions,ACT IV,SCENE II. Blackheath,NA,NA,The nobility think scorn to go in leather aprons.
1501,"King Henry VI, the second part","King Henry VI, the second part",NA,NA,William Shakespeare,contents,unknown,ACT IV,SCENE II. Blackheath,NA,NA,BEVIS.
1501,"King Henry VI, the second part","King Henry VI, the second part",NA,NA,William Shakespeare,contents,directions,ACT IV,SCENE II. Blackheath,NA,NA,"Nay, more, the King’s Council are no good workmen."
1501,"King Henry VI, the second part","King Henry VI, the second part",NA,NA,William Shakespeare,contents,unknown,ACT IV,SCENE II. Blackheath,NA,NA,HOLLAND.
1501,"King Henry VI, the second part","King Henry VI, the second part",NA,NA,William Shakespeare,contents,directions,ACT IV,SCENE II. Blackheath,NA,NA,"True; and yet it is said, “Labour in thy vocation,” which is as much to"
1501,"King Henry VI, the second part","King Henry VI, the second part",NA,NA,William Shakespeare,contents,directions,ACT IV,SCENE II. Blackheath,NA,NA,"say as, “Let the magistrates be labouring men;” and therefore should we"
1501,"King Henry VI, the second part","King Henry VI, the second part",NA,NA,William Shakespeare,contents,directions,ACT IV,SCENE II. Blackheath,NA,NA,be magistrates.
1501,"King Henry VI, the second part","King Henry VI, the second part",NA,NA,William Shakespeare,contents,unknown,ACT IV,SCENE II. Blackheath,NA,NA,BEVIS.
1501,"King Henry VI, the second part","King Henry VI, the second part",NA,NA,William Shakespeare,contents,directions,ACT IV,SCENE II. Blackheath,NA,NA,Thou hast hit it; for there’s no better sign of a brave mind than a
1501,"King Henry VI, the second part","King Henry VI, the second part",NA,NA,William Shakespeare,contents,directions,ACT IV,SCENE II. Blackheath,NA,NA,hard hand.
1501,"King Henry VI, the second part","King Henry VI, the second part",NA,NA,William Shakespeare,contents,unknown,ACT IV,SCENE II. Blackheath,NA,NA,HOLLAND.
1501,"King Henry VI, the second part","King Henry VI, the second part",NA,NA,William Shakespeare,contents,directions,ACT IV,SCENE II. Blackheath,NA,NA,"I see them! I see them! There’s Best’s son, the tanner of Wingham."
1501,"King Henry VI, the second part","King Henry VI, the second part",NA,NA,William Shakespeare,contents,unknown,ACT IV,SCENE II. Blackheath,NA,NA,BEVIS.
1501,"King Henry VI, the second part","King Henry VI, the second part",NA,NA,William Shakespeare,contents,directions,ACT IV,SCENE II. Blackheath,NA,NA,"He shall have the skin of our enemies, to make dog’s leather of."
1501,"King Henry VI, the second part","King Henry VI, the second part",NA,NA,William Shakespeare,contents,unknown,ACT IV,SCENE II. Blackheath,NA,NA,HOLLAND.
1501,"King Henry VI, the second part","King Henry VI, the second part",NA,NA,William Shakespeare,contents,directions,ACT IV,SCENE II. Blackheath,NA,NA,And Dick the butcher.
1501,"King Henry VI, the second part","King Henry VI, the second part",NA,NA,William Shakespeare,contents,unknown,ACT IV,SCENE II. Blackheath,NA,NA,BEVIS.
1501,"King Henry VI, the second part","King Henry VI, the second part",NA,NA,William Shakespeare,contents,directions,ACT IV,SCENE II. Blackheath,NA,NA,"Then is sin struck down like an ox, and iniquity’s throat cut like a"
1501,"King Henry VI, the second part","King Henry VI, the second part",NA,NA,William Shakespeare,contents,directions,ACT IV,SCENE II. Blackheath,NA,NA,calf.
1501,"King Henry VI, the second part","King Henry VI, the second part",NA,NA,William Shakespeare,contents,unknown,ACT IV,SCENE II. Blackheath,NA,NA,HOLLAND.
1501,"King Henry VI, the second part","King Henry VI, the second part",NA,NA,William Shakespeare,contents,directions,ACT IV,SCENE II. Blackheath,NA,NA,And Smith the weaver.
1501,"King Henry VI, the second part","King Henry VI, the second part",NA,NA,William Shakespeare,contents,unknown,ACT IV,SCENE II. Blackheath,NA,NA,BEVIS.
1501,"King Henry VI, the second part","King Henry VI, the second part",NA,NA,William Shakespeare,contents,directions,ACT IV,SCENE II. Blackheath,NA,NA,"Argo, their thread of life is spun."
1501,"King Henry VI, the second part","King Henry VI, the second part",NA,NA,William Shakespeare,contents,unknown,ACT IV,SCENE II. Blackheath,NA,NA,HOLLAND.
1501,"King Henry VI, the second part","King Henry VI, the second part",NA,NA,William Shakespeare,contents,directions,ACT IV,SCENE II. Blackheath,NA,NA,"Come, come, let’s fall in with them."
1501,"King Henry VI, the second part","King Henry VI, the second part",NA,NA,William Shakespeare,contents,directions,ACT IV,SCENE II. Blackheath,NA,NA,"Drum. Enter Cade, Dick the Butcher, Smith the Weaver and a  Sawyer with"
1501,"King Henry VI, the second part","King Henry VI, the second part",NA,NA,William Shakespeare,contents,directions,ACT IV,SCENE II. Blackheath,NA,NA,infinite numbers carrying long staves.
1501,"King Henry VI, the second part","King Henry VI, the second part",NA,NA,William Shakespeare,contents,unknown,ACT IV,SCENE II. Blackheath,NA,NA,CADE.
1501,"King Henry VI, the second part","King Henry VI, the second part",NA,NA,William Shakespeare,contents,directions,ACT IV,SCENE II. Blackheath,NA,NA,"We, John Cade, so termed of our supposed father—"
1501,"King Henry VI, the second part","King Henry VI, the second part",NA,NA,William Shakespeare,contents,unknown,ACT IV,SCENE II. Blackheath,NA,NA,DICK.
1501,"King Henry VI, the second part","King Henry VI, the second part",NA,NA,William Shakespeare,contents,directions,ACT IV,SCENE II. Blackheath,NA,NA,"[Aside.] Or rather, of stealing a cade of herrings."
1501,"King Henry VI, the second part","King Henry VI, the second part",NA,NA,William Shakespeare,contents,unknown,ACT IV,SCENE II. Blackheath,NA,NA,CADE.
1501,"King Henry VI, the second part","King Henry VI, the second part",NA,NA,William Shakespeare,contents,directions,ACT IV,SCENE II. Blackheath,NA,NA,"For our enemies shall fall before us, inspired with the spirit of"
1501,"King Henry VI, the second part","King Henry VI, the second part",NA,NA,William Shakespeare,contents,directions,ACT IV,SCENE II. Blackheath,NA,NA,putting down kings and princes. Command silence.
1501,"King Henry VI, the second part","King Henry VI, the second part",NA,NA,William Shakespeare,contents,unknown,ACT IV,SCENE II. Blackheath,NA,NA,DICK.
1501,"King Henry VI, the second part","King Henry VI, the second part",NA,NA,William Shakespeare,contents,directions,ACT IV,SCENE II. Blackheath,NA,NA,Silence!
1501,"King Henry VI, the second part","King Henry VI, the second part",NA,NA,William Shakespeare,contents,unknown,ACT IV,SCENE II. Blackheath,NA,NA,CADE.
1501,"King Henry VI, the second part","King Henry VI, the second part",NA,NA,William Shakespeare,contents,directions,ACT IV,SCENE II. Blackheath,NA,NA,My father was a Mortimer—
1501,"King Henry VI, the second part","King Henry VI, the second part",NA,NA,William Shakespeare,contents,unknown,ACT IV,SCENE II. Blackheath,NA,NA,DICK.
1501,"King Henry VI, the second part","King Henry VI, the second part",NA,NA,William Shakespeare,contents,directions,ACT IV,SCENE II. Blackheath,NA,NA,[Aside.] He was an honest man and a good bricklayer.
1501,"King Henry VI, the second part","King Henry VI, the second part",NA,NA,William Shakespeare,contents,unknown,ACT IV,SCENE II. Blackheath,NA,NA,CADE.
1501,"King Henry VI, the second part","King Henry VI, the second part",NA,NA,William Shakespeare,contents,directions,ACT IV,SCENE II. Blackheath,NA,NA,My mother a Plantagenet—
1501,"King Henry VI, the second part","King Henry VI, the second part",NA,NA,William Shakespeare,contents,unknown,ACT IV,SCENE II. Blackheath,NA,NA,DICK.
1501,"King Henry VI, the second part","King Henry VI, the second part",NA,NA,William Shakespeare,contents,directions,ACT IV,SCENE II. Blackheath,NA,NA,[Aside.] I knew her well; she was a midwife.
1501,"King Henry VI, the second part","King Henry VI, the second part",NA,NA,William Shakespeare,contents,unknown,ACT IV,SCENE II. Blackheath,NA,NA,CADE.
1501,"King Henry VI, the second part","King Henry VI, the second part",NA,NA,William Shakespeare,contents,directions,ACT IV,SCENE II. Blackheath,NA,NA,My wife descended of the Lacies—
1501,"King Henry VI, the second part","King Henry VI, the second part",NA,NA,William Shakespeare,contents,unknown,ACT IV,SCENE II. Blackheath,NA,NA,DICK.
1501,"King Henry VI, the second part","King Henry VI, the second part",NA,NA,William Shakespeare,contents,directions,ACT IV,SCENE II. Blackheath,NA,NA,"[Aside.] She was indeed a pedler’s daughter, and sold many laces."
1501,"King Henry VI, the second part","King Henry VI, the second part",NA,NA,William Shakespeare,contents,unknown,ACT IV,SCENE II. Blackheath,NA,NA,SMITH.
1501,"King Henry VI, the second part","King Henry VI, the second part",NA,NA,William Shakespeare,contents,directions,ACT IV,SCENE II. Blackheath,NA,NA,"[Aside.] But now of late, not able to travel with her furred pack,"
1501,"King Henry VI, the second part","King Henry VI, the second part",NA,NA,William Shakespeare,contents,directions,ACT IV,SCENE II. Blackheath,NA,NA,she washes bucks here at home.
1501,"King Henry VI, the second part","King Henry VI, the second part",NA,NA,William Shakespeare,contents,unknown,ACT IV,SCENE II. Blackheath,NA,NA,CADE.
1501,"King Henry VI, the second part","King Henry VI, the second part",NA,NA,William Shakespeare,contents,directions,ACT IV,SCENE II. Blackheath,NA,NA,Therefore am I of an honourable house.
1501,"King Henry VI, the second part","King Henry VI, the second part",NA,NA,William Shakespeare,contents,unknown,ACT IV,SCENE II. Blackheath,NA,NA,DICK.
1501,"King Henry VI, the second part","King Henry VI, the second part",NA,NA,William Shakespeare,contents,directions,ACT IV,SCENE II. Blackheath,NA,NA,"[Aside.] Ay, by my faith, the field is honourable; and there was he"
1501,"King Henry VI, the second part","King Henry VI, the second part",NA,NA,William Shakespeare,contents,directions,ACT IV,SCENE II. Blackheath,NA,NA,"born, under a hedge, for his father had never a house but the cage."
1501,"King Henry VI, the second part","King Henry VI, the second part",NA,NA,William Shakespeare,contents,unknown,ACT IV,SCENE II. Blackheath,NA,NA,CADE.
1501,"King Henry VI, the second part","King Henry VI, the second part",NA,NA,William Shakespeare,contents,directions,ACT IV,SCENE II. Blackheath,NA,NA,Valiant I am.
1501,"King Henry VI, the second part","King Henry VI, the second part",NA,NA,William Shakespeare,contents,unknown,ACT IV,SCENE II. Blackheath,NA,NA,SMITH.
1501,"King Henry VI, the second part","King Henry VI, the second part",NA,NA,William Shakespeare,contents,directions,ACT IV,SCENE II. Blackheath,NA,NA,[Aside.] He must needs; for beggary is valiant.
1501,"King Henry VI, the second part","King Henry VI, the second part",NA,NA,William Shakespeare,contents,unknown,ACT IV,SCENE II. Blackheath,NA,NA,CADE.
1501,"King Henry VI, the second part","King Henry VI, the second part",NA,NA,William Shakespeare,contents,directions,ACT IV,SCENE II. Blackheath,NA,NA,I am able to endure much.
1501,"King Henry VI, the second part","King Henry VI, the second part",NA,NA,William Shakespeare,contents,unknown,ACT IV,SCENE II. Blackheath,NA,NA,DICK.
1501,"King Henry VI, the second part","King Henry VI, the second part",NA,NA,William Shakespeare,contents,directions,ACT IV,SCENE II. Blackheath,NA,NA,[Aside.] No question of that; for I have seen him whipped three
1501,"King Henry VI, the second part","King Henry VI, the second part",NA,NA,William Shakespeare,contents,directions,ACT IV,SCENE II. Blackheath,NA,NA,market-days together.
1501,"King Henry VI, the second part","King Henry VI, the second part",NA,NA,William Shakespeare,contents,unknown,ACT IV,SCENE II. Blackheath,NA,NA,CADE.
1501,"King Henry VI, the second part","King Henry VI, the second part",NA,NA,William Shakespeare,contents,directions,ACT IV,SCENE II. Blackheath,NA,NA,I fear neither sword nor fire.
1501,"King Henry VI, the second part","King Henry VI, the second part",NA,NA,William Shakespeare,contents,unknown,ACT IV,SCENE II. Blackheath,NA,NA,SMITH.
1501,"King Henry VI, the second part","King Henry VI, the second part",NA,NA,William Shakespeare,contents,directions,ACT IV,SCENE II. Blackheath,NA,NA,"[Aside.] He need not fear the sword, for his coat is of proof."
1501,"King Henry VI, the second part","King Henry VI, the second part",NA,NA,William Shakespeare,contents,unknown,ACT IV,SCENE II. Blackheath,NA,NA,DICK.
1501,"King Henry VI, the second part","King Henry VI, the second part",NA,NA,William Shakespeare,contents,directions,ACT IV,SCENE II. Blackheath,NA,NA,"[Aside.] But methinks he should stand in fear of fire, being burnt i’"
1501,"King Henry VI, the second part","King Henry VI, the second part",NA,NA,William Shakespeare,contents,directions,ACT IV,SCENE II. Blackheath,NA,NA,th’ hand for stealing of sheep.
1501,"King Henry VI, the second part","King Henry VI, the second part",NA,NA,William Shakespeare,contents,unknown,ACT IV,SCENE II. Blackheath,NA,NA,CADE.
1501,"King Henry VI, the second part","King Henry VI, the second part",NA,NA,William Shakespeare,contents,directions,ACT IV,SCENE II. Blackheath,NA,NA,"Be brave, then, for your captain is brave, and vows reformation. There"
1501,"King Henry VI, the second part","King Henry VI, the second part",NA,NA,William Shakespeare,contents,directions,ACT IV,SCENE II. Blackheath,NA,NA,shall be in England seven halfpenny loaves sold for a penny; the
1501,"King Henry VI, the second part","King Henry VI, the second part",NA,NA,William Shakespeare,contents,directions,ACT IV,SCENE II. Blackheath,NA,NA,"three-hooped pot shall have ten hoops, and I will make it felony to"
1501,"King Henry VI, the second part","King Henry VI, the second part",NA,NA,William Shakespeare,contents,directions,ACT IV,SCENE II. Blackheath,NA,NA,"drink small beer. All the realm shall be in common, and in Cheapside"
1501,"King Henry VI, the second part","King Henry VI, the second part",NA,NA,William Shakespeare,contents,directions,ACT IV,SCENE II. Blackheath,NA,NA,"shall my palfrey go to grass. And when I am king, as king I will be—"
1501,"King Henry VI, the second part","King Henry VI, the second part",NA,NA,William Shakespeare,contents,unknown,ACT IV,SCENE II. Blackheath,NA,NA,ALL.
1501,"King Henry VI, the second part","King Henry VI, the second part",NA,NA,William Shakespeare,contents,directions,ACT IV,SCENE II. Blackheath,NA,NA,God save your majesty!
1501,"King Henry VI, the second part","King Henry VI, the second part",NA,NA,William Shakespeare,contents,unknown,ACT IV,SCENE II. Blackheath,NA,NA,CADE.
1501,"King Henry VI, the second part","King Henry VI, the second part",NA,NA,William Shakespeare,contents,directions,ACT IV,SCENE II. Blackheath,NA,NA,"I thank you, good people.—There shall be no money; all shall eat and"
1501,"King Henry VI, the second part","King Henry VI, the second part",NA,NA,William Shakespeare,contents,directions,ACT IV,SCENE II. Blackheath,NA,NA,"drink on my score, and I will apparel them all in one livery, that they"
1501,"King Henry VI, the second part","King Henry VI, the second part",NA,NA,William Shakespeare,contents,directions,ACT IV,SCENE II. Blackheath,NA,NA,may agree like brothers and worship me their lord.
1501,"King Henry VI, the second part","King Henry VI, the second part",NA,NA,William Shakespeare,contents,unknown,ACT IV,SCENE II. Blackheath,NA,NA,DICK.
1501,"King Henry VI, the second part","King Henry VI, the second part",NA,NA,William Shakespeare,contents,directions,ACT IV,SCENE II. Blackheath,NA,NA,"The first thing we do, let’s kill all the lawyers."
1501,"King Henry VI, the second part","King Henry VI, the second part",NA,NA,William Shakespeare,contents,unknown,ACT IV,SCENE II. Blackheath,NA,NA,CADE.
1501,"King Henry VI, the second part","King Henry VI, the second part",NA,NA,William Shakespeare,contents,directions,ACT IV,SCENE II. Blackheath,NA,NA,"Nay, that I mean to do. Is not this a lamentable thing, that of the"
1501,"King Henry VI, the second part","King Henry VI, the second part",NA,NA,William Shakespeare,contents,directions,ACT IV,SCENE II. Blackheath,NA,NA,"skin of an innocent lamb should be made parchment; that parchment,"
1501,"King Henry VI, the second part","King Henry VI, the second part",NA,NA,William Shakespeare,contents,directions,ACT IV,SCENE II. Blackheath,NA,NA,"being scribbled o’er, should undo a man? Some say the bee stings, but I"
1501,"King Henry VI, the second part","King Henry VI, the second part",NA,NA,William Shakespeare,contents,directions,ACT IV,SCENE II. Blackheath,NA,NA,"say ’tis the bee’s wax; for I did but seal once to a thing, and I was"
1501,"King Henry VI, the second part","King Henry VI, the second part",NA,NA,William Shakespeare,contents,directions,ACT IV,SCENE II. Blackheath,NA,NA,never mine own man since. How now? Who’s there?
1501,"King Henry VI, the second part","King Henry VI, the second part",NA,NA,William Shakespeare,contents,directions,ACT IV,SCENE II. Blackheath,NA,NA,"Enter some, bringing in the Clerk of Chartham."
1501,"King Henry VI, the second part","King Henry VI, the second part",NA,NA,William Shakespeare,contents,unknown,ACT IV,SCENE II. Blackheath,NA,NA,SMITH.
1501,"King Henry VI, the second part","King Henry VI, the second part",NA,NA,William Shakespeare,contents,directions,ACT IV,SCENE II. Blackheath,NA,NA,The clerk of Chartham. He can write and read and cast account.
1501,"King Henry VI, the second part","King Henry VI, the second part",NA,NA,William Shakespeare,contents,unknown,ACT IV,SCENE II. Blackheath,NA,NA,CADE.
1501,"King Henry VI, the second part","King Henry VI, the second part",NA,NA,William Shakespeare,contents,directions,ACT IV,SCENE II. Blackheath,NA,NA,"O, monstrous!"
1501,"King Henry VI, the second part","King Henry VI, the second part",NA,NA,William Shakespeare,contents,unknown,ACT IV,SCENE II. Blackheath,NA,NA,SMITH.
1501,"King Henry VI, the second part","King Henry VI, the second part",NA,NA,William Shakespeare,contents,directions,ACT IV,SCENE II. Blackheath,NA,NA,We took him setting of boys’ copies.
1501,"King Henry VI, the second part","King Henry VI, the second part",NA,NA,William Shakespeare,contents,unknown,ACT IV,SCENE II. Blackheath,NA,NA,CADE.
1501,"King Henry VI, the second part","King Henry VI, the second part",NA,NA,William Shakespeare,contents,directions,ACT IV,SCENE II. Blackheath,NA,NA,Here’s a villain!
1501,"King Henry VI, the second part","King Henry VI, the second part",NA,NA,William Shakespeare,contents,unknown,ACT IV,SCENE II. Blackheath,NA,NA,SMITH.
1501,"King Henry VI, the second part","King Henry VI, the second part",NA,NA,William Shakespeare,contents,directions,ACT IV,SCENE II. Blackheath,NA,NA,H’as a book in his pocket with red letters in ’t.
1501,"King Henry VI, the second part","King Henry VI, the second part",NA,NA,William Shakespeare,contents,unknown,ACT IV,SCENE II. Blackheath,NA,NA,CADE.
1501,"King Henry VI, the second part","King Henry VI, the second part",NA,NA,William Shakespeare,contents,directions,ACT IV,SCENE II. Blackheath,NA,NA,"Nay, then, he is a conjurer."
1501,"King Henry VI, the second part","King Henry VI, the second part",NA,NA,William Shakespeare,contents,unknown,ACT IV,SCENE II. Blackheath,NA,NA,DICK.
1501,"King Henry VI, the second part","King Henry VI, the second part",NA,NA,William Shakespeare,contents,directions,ACT IV,SCENE II. Blackheath,NA,NA,"Nay, he can make obligations and write court-hand."
1501,"King Henry VI, the second part","King Henry VI, the second part",NA,NA,William Shakespeare,contents,unknown,ACT IV,SCENE II. Blackheath,NA,NA,CADE.
1501,"King Henry VI, the second part","King Henry VI, the second part",NA,NA,William Shakespeare,contents,directions,ACT IV,SCENE II. Blackheath,NA,NA,"I am sorry for ’t. The man is a proper man, of mine honour; unless I"
1501,"King Henry VI, the second part","King Henry VI, the second part",NA,NA,William Shakespeare,contents,directions,ACT IV,SCENE II. Blackheath,NA,NA,"find him guilty, he shall not die.—Come hither, sirrah, I must examine"
1501,"King Henry VI, the second part","King Henry VI, the second part",NA,NA,William Shakespeare,contents,directions,ACT IV,SCENE II. Blackheath,NA,NA,thee. What is thy name?
1501,"King Henry VI, the second part","King Henry VI, the second part",NA,NA,William Shakespeare,contents,unknown,ACT IV,SCENE II. Blackheath,NA,NA,CLERK.
1501,"King Henry VI, the second part","King Henry VI, the second part",NA,NA,William Shakespeare,contents,directions,ACT IV,SCENE II. Blackheath,NA,NA,Emmanuel.
1501,"King Henry VI, the second part","King Henry VI, the second part",NA,NA,William Shakespeare,contents,unknown,ACT IV,SCENE II. Blackheath,NA,NA,DICK.
1501,"King Henry VI, the second part","King Henry VI, the second part",NA,NA,William Shakespeare,contents,directions,ACT IV,SCENE II. Blackheath,NA,NA,They use to write it on the top of letters. ’Twill go hard with you.
1501,"King Henry VI, the second part","King Henry VI, the second part",NA,NA,William Shakespeare,contents,unknown,ACT IV,SCENE II. Blackheath,NA,NA,CADE.
1501,"King Henry VI, the second part","King Henry VI, the second part",NA,NA,William Shakespeare,contents,directions,ACT IV,SCENE II. Blackheath,NA,NA,Let me alone. Dost thou use to write thy name? Or hast thou a mark to
1501,"King Henry VI, the second part","King Henry VI, the second part",NA,NA,William Shakespeare,contents,directions,ACT IV,SCENE II. Blackheath,NA,NA,"thyself, like a honest, plain-dealing man?"
1501,"King Henry VI, the second part","King Henry VI, the second part",NA,NA,William Shakespeare,contents,unknown,ACT IV,SCENE II. Blackheath,NA,NA,CLERK.
1501,"King Henry VI, the second part","King Henry VI, the second part",NA,NA,William Shakespeare,contents,directions,ACT IV,SCENE II. Blackheath,NA,NA,"Sir, I thank God, I have been so well brought up that I can write my"
1501,"King Henry VI, the second part","King Henry VI, the second part",NA,NA,William Shakespeare,contents,directions,ACT IV,SCENE II. Blackheath,NA,NA,name.
1501,"King Henry VI, the second part","King Henry VI, the second part",NA,NA,William Shakespeare,contents,unknown,ACT IV,SCENE II. Blackheath,NA,NA,ALL.
1501,"King Henry VI, the second part","King Henry VI, the second part",NA,NA,William Shakespeare,contents,directions,ACT IV,SCENE II. Blackheath,NA,NA,He hath confessed. Away with him! He’s a villain and a traitor.
1501,"King Henry VI, the second part","King Henry VI, the second part",NA,NA,William Shakespeare,contents,unknown,ACT IV,SCENE II. Blackheath,NA,NA,CADE.
1501,"King Henry VI, the second part","King Henry VI, the second part",NA,NA,William Shakespeare,contents,directions,ACT IV,SCENE II. Blackheath,NA,NA,"Away with him, I say! Hang him with his pen and inkhorn about his neck."
1501,"King Henry VI, the second part","King Henry VI, the second part",NA,NA,William Shakespeare,contents,directions,ACT IV,SCENE II. Blackheath,NA,NA,[Exit one with the Clerk.]
1501,"King Henry VI, the second part","King Henry VI, the second part",NA,NA,William Shakespeare,contents,directions,ACT IV,SCENE II. Blackheath,NA,NA,Enter Michael.
1501,"King Henry VI, the second part","King Henry VI, the second part",NA,NA,William Shakespeare,contents,unknown,ACT IV,SCENE II. Blackheath,NA,NA,MICHAEL.
1501,"King Henry VI, the second part","King Henry VI, the second part",NA,NA,William Shakespeare,contents,directions,ACT IV,SCENE II. Blackheath,NA,NA,Where’s our general?
1501,"King Henry VI, the second part","King Henry VI, the second part",NA,NA,William Shakespeare,contents,unknown,ACT IV,SCENE II. Blackheath,NA,NA,CADE.
1501,"King Henry VI, the second part","King Henry VI, the second part",NA,NA,William Shakespeare,contents,directions,ACT IV,SCENE II. Blackheath,NA,NA,"Here I am, thou particular fellow."
1501,"King Henry VI, the second part","King Henry VI, the second part",NA,NA,William Shakespeare,contents,unknown,ACT IV,SCENE II. Blackheath,NA,NA,MICHAEL.
1501,"King Henry VI, the second part","King Henry VI, the second part",NA,NA,William Shakespeare,contents,directions,ACT IV,SCENE II. Blackheath,NA,NA,"Fly, fly, fly! Sir Humphrey Stafford and his brother are hard by, with"
1501,"King Henry VI, the second part","King Henry VI, the second part",NA,NA,William Shakespeare,contents,directions,ACT IV,SCENE II. Blackheath,NA,NA,the King’s forces.
1501,"King Henry VI, the second part","King Henry VI, the second part",NA,NA,William Shakespeare,contents,unknown,ACT IV,SCENE II. Blackheath,NA,NA,CADE.
1501,"King Henry VI, the second part","King Henry VI, the second part",NA,NA,William Shakespeare,contents,directions,ACT IV,SCENE II. Blackheath,NA,NA,"Stand, villain, stand, or I’ll fell thee down. He shall be encountered"
1501,"King Henry VI, the second part","King Henry VI, the second part",NA,NA,William Shakespeare,contents,directions,ACT IV,SCENE II. Blackheath,NA,NA,"with a man as good as himself. He is but a knight, is he?"
1501,"King Henry VI, the second part","King Henry VI, the second part",NA,NA,William Shakespeare,contents,unknown,ACT IV,SCENE II. Blackheath,NA,NA,MICHAEL.
1501,"King Henry VI, the second part","King Henry VI, the second part",NA,NA,William Shakespeare,contents,directions,ACT IV,SCENE II. Blackheath,NA,NA,No.
1501,"King Henry VI, the second part","King Henry VI, the second part",NA,NA,William Shakespeare,contents,unknown,ACT IV,SCENE II. Blackheath,NA,NA,CADE.
1501,"King Henry VI, the second part","King Henry VI, the second part",NA,NA,William Shakespeare,contents,directions,ACT IV,SCENE II. Blackheath,NA,NA,"To equal him, I will make myself a knight presently."
1501,"King Henry VI, the second part","King Henry VI, the second part",NA,NA,William Shakespeare,contents,directions,ACT IV,SCENE II. Blackheath,NA,NA,[Kneels.] Rise up Sir John Mortimer.
1501,"King Henry VI, the second part","King Henry VI, the second part",NA,NA,William Shakespeare,contents,directions,ACT IV,SCENE II. Blackheath,NA,NA,[Rises.] Now have at him!
1501,"King Henry VI, the second part","King Henry VI, the second part",NA,NA,William Shakespeare,contents,directions,ACT IV,SCENE II. Blackheath,NA,NA,Enter Sir Humphrey Stafford and his Brother with Drum and soldiers.
1501,"King Henry VI, the second part","King Henry VI, the second part",NA,NA,William Shakespeare,contents,unknown,ACT IV,SCENE II. Blackheath,NA,NA,STAFFORD.
1501,"King Henry VI, the second part","King Henry VI, the second part",NA,NA,William Shakespeare,contents,directions,ACT IV,SCENE II. Blackheath,NA,NA,"Rebellious hinds, the filth and scum of Kent,"
1501,"King Henry VI, the second part","King Henry VI, the second part",NA,NA,William Shakespeare,contents,directions,ACT IV,SCENE II. Blackheath,NA,NA,"Marked for the gallows, lay your weapons down;"
1501,"King Henry VI, the second part","King Henry VI, the second part",NA,NA,William Shakespeare,contents,directions,ACT IV,SCENE II. Blackheath,NA,NA,"Home to your cottages, forsake this groom."
1501,"King Henry VI, the second part","King Henry VI, the second part",NA,NA,William Shakespeare,contents,directions,ACT IV,SCENE II. Blackheath,NA,NA,"The King is merciful, if you revolt."
1501,"King Henry VI, the second part","King Henry VI, the second part",NA,NA,William Shakespeare,contents,unknown,ACT IV,SCENE II. Blackheath,NA,NA,BROTHER.
1501,"King Henry VI, the second part","King Henry VI, the second part",NA,NA,William Shakespeare,contents,directions,ACT IV,SCENE II. Blackheath,NA,NA,"But angry, wrathful, and inclined to blood,"
1501,"King Henry VI, the second part","King Henry VI, the second part",NA,NA,William Shakespeare,contents,directions,ACT IV,SCENE II. Blackheath,NA,NA,"If you go forward. Therefore yield, or die."
1501,"King Henry VI, the second part","King Henry VI, the second part",NA,NA,William Shakespeare,contents,unknown,ACT IV,SCENE II. Blackheath,NA,NA,CADE.
1501,"King Henry VI, the second part","King Henry VI, the second part",NA,NA,William Shakespeare,contents,directions,ACT IV,SCENE II. Blackheath,NA,NA,"As for these silken-coated slaves, I pass not."
1501,"King Henry VI, the second part","King Henry VI, the second part",NA,NA,William Shakespeare,contents,directions,ACT IV,SCENE II. Blackheath,NA,NA,"It is to you, good people, that I speak,"
1501,"King Henry VI, the second part","King Henry VI, the second part",NA,NA,William Shakespeare,contents,directions,ACT IV,SCENE II. Blackheath,NA,NA,"Over whom, in time to come, I hope to reign,"
1501,"King Henry VI, the second part","King Henry VI, the second part",NA,NA,William Shakespeare,contents,directions,ACT IV,SCENE II. Blackheath,NA,NA,For I am rightful heir unto the crown.
1501,"King Henry VI, the second part","King Henry VI, the second part",NA,NA,William Shakespeare,contents,unknown,ACT IV,SCENE II. Blackheath,NA,NA,STAFFORD.
1501,"King Henry VI, the second part","King Henry VI, the second part",NA,NA,William Shakespeare,contents,directions,ACT IV,SCENE II. Blackheath,NA,NA,"Villain, thy father was a plasterer,"
1501,"King Henry VI, the second part","King Henry VI, the second part",NA,NA,William Shakespeare,contents,directions,ACT IV,SCENE II. Blackheath,NA,NA,"And thou thyself a shearman, art thou not?"
1501,"King Henry VI, the second part","King Henry VI, the second part",NA,NA,William Shakespeare,contents,unknown,ACT IV,SCENE II. Blackheath,NA,NA,CADE.
1501,"King Henry VI, the second part","King Henry VI, the second part",NA,NA,William Shakespeare,contents,directions,ACT IV,SCENE II. Blackheath,NA,NA,And Adam was a gardener.
1501,"King Henry VI, the second part","King Henry VI, the second part",NA,NA,William Shakespeare,contents,unknown,ACT IV,SCENE II. Blackheath,NA,NA,BROTHER.
1501,"King Henry VI, the second part","King Henry VI, the second part",NA,NA,William Shakespeare,contents,directions,ACT IV,SCENE II. Blackheath,NA,NA,And what of that?
1501,"King Henry VI, the second part","King Henry VI, the second part",NA,NA,William Shakespeare,contents,unknown,ACT IV,SCENE II. Blackheath,NA,NA,CADE.
1501,"King Henry VI, the second part","King Henry VI, the second part",NA,NA,William Shakespeare,contents,directions,ACT IV,SCENE II. Blackheath,NA,NA,"Marry, this: Edmund Mortimer, Earl of March,"
1501,"King Henry VI, the second part","King Henry VI, the second part",NA,NA,William Shakespeare,contents,directions,ACT IV,SCENE II. Blackheath,NA,NA,"Married the Duke of Clarence’ daughter, did he not?"
1501,"King Henry VI, the second part","King Henry VI, the second part",NA,NA,William Shakespeare,contents,unknown,ACT IV,SCENE II. Blackheath,NA,NA,STAFFORD.
1501,"King Henry VI, the second part","King Henry VI, the second part",NA,NA,William Shakespeare,contents,directions,ACT IV,SCENE II. Blackheath,NA,NA,"Ay, sir."
1501,"King Henry VI, the second part","King Henry VI, the second part",NA,NA,William Shakespeare,contents,unknown,ACT IV,SCENE II. Blackheath,NA,NA,CADE.
1501,"King Henry VI, the second part","King Henry VI, the second part",NA,NA,William Shakespeare,contents,directions,ACT IV,SCENE II. Blackheath,NA,NA,By her he had two children at one birth.
1501,"King Henry VI, the second part","King Henry VI, the second part",NA,NA,William Shakespeare,contents,unknown,ACT IV,SCENE II. Blackheath,NA,NA,BROTHER.
1501,"King Henry VI, the second part","King Henry VI, the second part",NA,NA,William Shakespeare,contents,directions,ACT IV,SCENE II. Blackheath,NA,NA,That’s false.
1501,"King Henry VI, the second part","King Henry VI, the second part",NA,NA,William Shakespeare,contents,unknown,ACT IV,SCENE II. Blackheath,NA,NA,CADE.
1501,"King Henry VI, the second part","King Henry VI, the second part",NA,NA,William Shakespeare,contents,directions,ACT IV,SCENE II. Blackheath,NA,NA,"Ay, there’s the question; but I say ’tis true."
1501,"King Henry VI, the second part","King Henry VI, the second part",NA,NA,William Shakespeare,contents,directions,ACT IV,SCENE II. Blackheath,NA,NA,"The elder of them, being put to nurse,"
1501,"King Henry VI, the second part","King Henry VI, the second part",NA,NA,William Shakespeare,contents,directions,ACT IV,SCENE II. Blackheath,NA,NA,"Was by a beggar-woman stolen away,"
1501,"King Henry VI, the second part","King Henry VI, the second part",NA,NA,William Shakespeare,contents,directions,ACT IV,SCENE II. Blackheath,NA,NA,"And, ignorant of his birth and parentage,"
1501,"King Henry VI, the second part","King Henry VI, the second part",NA,NA,William Shakespeare,contents,directions,ACT IV,SCENE II. Blackheath,NA,NA,Became a bricklayer when he came to age.
1501,"King Henry VI, the second part","King Henry VI, the second part",NA,NA,William Shakespeare,contents,directions,ACT IV,SCENE II. Blackheath,NA,NA,His son am I; deny it if you can.
1501,"King Henry VI, the second part","King Henry VI, the second part",NA,NA,William Shakespeare,contents,unknown,ACT IV,SCENE II. Blackheath,NA,NA,DICK.
1501,"King Henry VI, the second part","King Henry VI, the second part",NA,NA,William Shakespeare,contents,directions,ACT IV,SCENE II. Blackheath,NA,NA,"Nay, ’tis too true; therefore he shall be King."
1501,"King Henry VI, the second part","King Henry VI, the second part",NA,NA,William Shakespeare,contents,unknown,ACT IV,SCENE II. Blackheath,NA,NA,SMITH.
1501,"King Henry VI, the second part","King Henry VI, the second part",NA,NA,William Shakespeare,contents,directions,ACT IV,SCENE II. Blackheath,NA,NA,"Sir, he made a chimney in my father’s house, and the bricks are alive"
1501,"King Henry VI, the second part","King Henry VI, the second part",NA,NA,William Shakespeare,contents,directions,ACT IV,SCENE II. Blackheath,NA,NA,at this day to testify it; therefore deny it not.
1501,"King Henry VI, the second part","King Henry VI, the second part",NA,NA,William Shakespeare,contents,unknown,ACT IV,SCENE II. Blackheath,NA,NA,STAFFORD.
1501,"King Henry VI, the second part","King Henry VI, the second part",NA,NA,William Shakespeare,contents,directions,ACT IV,SCENE II. Blackheath,NA,NA,"And will you credit this base drudge’s words,"
1501,"King Henry VI, the second part","King Henry VI, the second part",NA,NA,William Shakespeare,contents,directions,ACT IV,SCENE II. Blackheath,NA,NA,That speaks he knows not what?
1501,"King Henry VI, the second part","King Henry VI, the second part",NA,NA,William Shakespeare,contents,unknown,ACT IV,SCENE II. Blackheath,NA,NA,ALL.
1501,"King Henry VI, the second part","King Henry VI, the second part",NA,NA,William Shakespeare,contents,directions,ACT IV,SCENE II. Blackheath,NA,NA,"Ay, marry, will we; therefore get ye gone."
1501,"King Henry VI, the second part","King Henry VI, the second part",NA,NA,William Shakespeare,contents,unknown,ACT IV,SCENE II. Blackheath,NA,NA,BROTHER.
1501,"King Henry VI, the second part","King Henry VI, the second part",NA,NA,William Shakespeare,contents,directions,ACT IV,SCENE II. Blackheath,NA,NA,"Jack Cade, the Duke of York hath taught you this."
1501,"King Henry VI, the second part","King Henry VI, the second part",NA,NA,William Shakespeare,contents,unknown,ACT IV,SCENE II. Blackheath,NA,NA,CADE.
1501,"King Henry VI, the second part","King Henry VI, the second part",NA,NA,William Shakespeare,contents,directions,ACT IV,SCENE II. Blackheath,NA,NA,"[Aside.] He lies, for I invented it myself.—Go to, sirrah, tell the"
1501,"King Henry VI, the second part","King Henry VI, the second part",NA,NA,William Shakespeare,contents,directions,ACT IV,SCENE II. Blackheath,NA,NA,"King from me that, for his father’s sake, Henry the Fifth, in whose"
1501,"King Henry VI, the second part","King Henry VI, the second part",NA,NA,William Shakespeare,contents,directions,ACT IV,SCENE II. Blackheath,NA,NA,"time boys went to span-counter for French crowns, I am content he shall"
1501,"King Henry VI, the second part","King Henry VI, the second part",NA,NA,William Shakespeare,contents,directions,ACT IV,SCENE II. Blackheath,NA,NA,"reign, but I’ll be Protector over him."
1501,"King Henry VI, the second part","King Henry VI, the second part",NA,NA,William Shakespeare,contents,unknown,ACT IV,SCENE II. Blackheath,NA,NA,DICK.
1501,"King Henry VI, the second part","King Henry VI, the second part",NA,NA,William Shakespeare,contents,directions,ACT IV,SCENE II. Blackheath,NA,NA,"And furthermore, we’ll have the Lord Saye’s head for selling the"
1501,"King Henry VI, the second part","King Henry VI, the second part",NA,NA,William Shakespeare,contents,directions,ACT IV,SCENE II. Blackheath,NA,NA,dukedom of Maine.
1501,"King Henry VI, the second part","King Henry VI, the second part",NA,NA,William Shakespeare,contents,unknown,ACT IV,SCENE II. Blackheath,NA,NA,CADE.
1501,"King Henry VI, the second part","King Henry VI, the second part",NA,NA,William Shakespeare,contents,directions,ACT IV,SCENE II. Blackheath,NA,NA,"And good reason, for thereby is England mained and fain to go with a"
1501,"King Henry VI, the second part","King Henry VI, the second part",NA,NA,William Shakespeare,contents,directions,ACT IV,SCENE II. Blackheath,NA,NA,"staff, but that my puissance holds it up. Fellow kings, I tell you that"
1501,"King Henry VI, the second part","King Henry VI, the second part",NA,NA,William Shakespeare,contents,directions,ACT IV,SCENE II. Blackheath,NA,NA,that Lord Saye hath gelded the commonwealth and made it an eunuch; and
1501,"King Henry VI, the second part","King Henry VI, the second part",NA,NA,William Shakespeare,contents,directions,ACT IV,SCENE II. Blackheath,NA,NA,"more than that, he can speak French, and therefore he is a traitor."
1501,"King Henry VI, the second part","King Henry VI, the second part",NA,NA,William Shakespeare,contents,unknown,ACT IV,SCENE II. Blackheath,NA,NA,STAFFORD.
1501,"King Henry VI, the second part","King Henry VI, the second part",NA,NA,William Shakespeare,contents,directions,ACT IV,SCENE II. Blackheath,NA,NA,O gross and miserable ignorance!
1501,"King Henry VI, the second part","King Henry VI, the second part",NA,NA,William Shakespeare,contents,unknown,ACT IV,SCENE II. Blackheath,NA,NA,CADE.
1501,"King Henry VI, the second part","King Henry VI, the second part",NA,NA,William Shakespeare,contents,directions,ACT IV,SCENE II. Blackheath,NA,NA,"Nay, answer if you can. The Frenchmen are our enemies; go to, then, I"
1501,"King Henry VI, the second part","King Henry VI, the second part",NA,NA,William Shakespeare,contents,directions,ACT IV,SCENE II. Blackheath,NA,NA,ask but this: can he that speaks with the tongue of an enemy be a good
1501,"King Henry VI, the second part","King Henry VI, the second part",NA,NA,William Shakespeare,contents,directions,ACT IV,SCENE II. Blackheath,NA,NA,"counsellor, or no?"
1501,"King Henry VI, the second part","King Henry VI, the second part",NA,NA,William Shakespeare,contents,unknown,ACT IV,SCENE II. Blackheath,NA,NA,ALL.
1501,"King Henry VI, the second part","King Henry VI, the second part",NA,NA,William Shakespeare,contents,directions,ACT IV,SCENE II. Blackheath,NA,NA,"No, no, and therefore we’ll have his head."
1501,"King Henry VI, the second part","King Henry VI, the second part",NA,NA,William Shakespeare,contents,unknown,ACT IV,SCENE II. Blackheath,NA,NA,BROTHER.
1501,"King Henry VI, the second part","King Henry VI, the second part",NA,NA,William Shakespeare,contents,directions,ACT IV,SCENE II. Blackheath,NA,NA,"Well, seeing gentle words will not prevail,"
1501,"King Henry VI, the second part","King Henry VI, the second part",NA,NA,William Shakespeare,contents,directions,ACT IV,SCENE II. Blackheath,NA,NA,Assail them with the army of the King.
1501,"King Henry VI, the second part","King Henry VI, the second part",NA,NA,William Shakespeare,contents,unknown,ACT IV,SCENE II. Blackheath,NA,NA,STAFFORD.
1501,"King Henry VI, the second part","King Henry VI, the second part",NA,NA,William Shakespeare,contents,directions,ACT IV,SCENE II. Blackheath,NA,NA,"Herald, away, and throughout every town"
1501,"King Henry VI, the second part","King Henry VI, the second part",NA,NA,William Shakespeare,contents,directions,ACT IV,SCENE II. Blackheath,NA,NA,Proclaim them traitors that are up with Cade;
1501,"King Henry VI, the second part","King Henry VI, the second part",NA,NA,William Shakespeare,contents,directions,ACT IV,SCENE II. Blackheath,NA,NA,That those which fly before the battle ends
1501,"King Henry VI, the second part","King Henry VI, the second part",NA,NA,William Shakespeare,contents,directions,ACT IV,SCENE II. Blackheath,NA,NA,"May, even in their wives’ and children’s sight,"
1501,"King Henry VI, the second part","King Henry VI, the second part",NA,NA,William Shakespeare,contents,directions,ACT IV,SCENE II. Blackheath,NA,NA,Be hanged up for example at their doors.
1501,"King Henry VI, the second part","King Henry VI, the second part",NA,NA,William Shakespeare,contents,directions,ACT IV,SCENE II. Blackheath,NA,NA,"And you that be the King’s friends, follow me."
1501,"King Henry VI, the second part","King Henry VI, the second part",NA,NA,William Shakespeare,contents,directions,ACT IV,SCENE II. Blackheath,NA,NA,[Exeunt the two Staffords and soldiers.]
1501,"King Henry VI, the second part","King Henry VI, the second part",NA,NA,William Shakespeare,contents,unknown,ACT IV,SCENE II. Blackheath,NA,NA,CADE.
1501,"King Henry VI, the second part","King Henry VI, the second part",NA,NA,William Shakespeare,contents,directions,ACT IV,SCENE II. Blackheath,NA,NA,And you that love the commons follow me.
1501,"King Henry VI, the second part","King Henry VI, the second part",NA,NA,William Shakespeare,contents,directions,ACT IV,SCENE II. Blackheath,NA,NA,Now show yourselves men; ’tis for liberty.
1501,"King Henry VI, the second part","King Henry VI, the second part",NA,NA,William Shakespeare,contents,directions,ACT IV,SCENE II. Blackheath,NA,NA,"We will not leave one lord, one gentleman;"
1501,"King Henry VI, the second part","King Henry VI, the second part",NA,NA,William Shakespeare,contents,directions,ACT IV,SCENE II. Blackheath,NA,NA,"Spare none but such as go in clouted shoon,"
1501,"King Henry VI, the second part","King Henry VI, the second part",NA,NA,William Shakespeare,contents,directions,ACT IV,SCENE II. Blackheath,NA,NA,For they are thrifty honest men and such
1501,"King Henry VI, the second part","King Henry VI, the second part",NA,NA,William Shakespeare,contents,directions,ACT IV,SCENE II. Blackheath,NA,NA,"As would, but that they dare not, take our parts."
1501,"King Henry VI, the second part","King Henry VI, the second part",NA,NA,William Shakespeare,contents,unknown,ACT IV,SCENE II. Blackheath,NA,NA,DICK.
1501,"King Henry VI, the second part","King Henry VI, the second part",NA,NA,William Shakespeare,contents,directions,ACT IV,SCENE II. Blackheath,NA,NA,They are all in order and march toward us.
1501,"King Henry VI, the second part","King Henry VI, the second part",NA,NA,William Shakespeare,contents,unknown,ACT IV,SCENE II. Blackheath,NA,NA,CADE.
1501,"King Henry VI, the second part","King Henry VI, the second part",NA,NA,William Shakespeare,contents,directions,ACT IV,SCENE II. Blackheath,NA,NA,"But then are we in order when we are most out of order. Come, march"
1501,"King Henry VI, the second part","King Henry VI, the second part",NA,NA,William Shakespeare,contents,directions,ACT IV,SCENE II. Blackheath,NA,NA,forward.
1501,"King Henry VI, the second part","King Henry VI, the second part",NA,NA,William Shakespeare,contents,directions,ACT IV,SCENE II. Blackheath,NA,NA,[Exeunt.]
1501,"King Henry VI, the second part","King Henry VI, the second part",NA,NA,William Shakespeare,contents,reference,ACT IV,SCENE III. Another part of Blackheath,NA,NA,SCENE III. Another part of Blackheath
1501,"King Henry VI, the second part","King Henry VI, the second part",NA,NA,William Shakespeare,contents,directions,ACT IV,SCENE III. Another part of Blackheath,NA,NA,"[Alarums to the fight, wherein both the Staffords are slain. Enter Cade"
1501,"King Henry VI, the second part","King Henry VI, the second part",NA,NA,William Shakespeare,contents,directions,ACT IV,SCENE III. Another part of Blackheath,NA,NA,and the rest.
1501,"King Henry VI, the second part","King Henry VI, the second part",NA,NA,William Shakespeare,contents,directions,ACT IV,SCENE III. Another part of Blackheath,NA,NA,CADE.
1501,"King Henry VI, the second part","King Henry VI, the second part",NA,NA,William Shakespeare,contents,directions,ACT IV,SCENE III. Another part of Blackheath,NA,NA,"Where’s Dick, the butcher of Ashford?"
1501,"King Henry VI, the second part","King Henry VI, the second part",NA,NA,William Shakespeare,contents,directions,ACT IV,SCENE III. Another part of Blackheath,NA,NA,DICK.
1501,"King Henry VI, the second part","King Henry VI, the second part",NA,NA,William Shakespeare,contents,directions,ACT IV,SCENE III. Another part of Blackheath,NA,NA,"Here, sir."
1501,"King Henry VI, the second part","King Henry VI, the second part",NA,NA,William Shakespeare,contents,directions,ACT IV,SCENE III. Another part of Blackheath,NA,NA,CADE.
1501,"King Henry VI, the second part","King Henry VI, the second part",NA,NA,William Shakespeare,contents,directions,ACT IV,SCENE III. Another part of Blackheath,NA,NA,"They fell before thee like sheep and oxen, and thou behaved’st thyself"
1501,"King Henry VI, the second part","King Henry VI, the second part",NA,NA,William Shakespeare,contents,directions,ACT IV,SCENE III. Another part of Blackheath,NA,NA,as if thou hadst been in thine own slaughterhouse. Therefore thus will
1501,"King Henry VI, the second part","King Henry VI, the second part",NA,NA,William Shakespeare,contents,directions,ACT IV,SCENE III. Another part of Blackheath,NA,NA,"I reward thee: the Lent shall be as long again as it is, and thou shalt"
1501,"King Henry VI, the second part","King Henry VI, the second part",NA,NA,William Shakespeare,contents,directions,ACT IV,SCENE III. Another part of Blackheath,NA,NA,have a licence to kill for a hundred lacking one.
1501,"King Henry VI, the second part","King Henry VI, the second part",NA,NA,William Shakespeare,contents,directions,ACT IV,SCENE III. Another part of Blackheath,NA,NA,DICK.
1501,"King Henry VI, the second part","King Henry VI, the second part",NA,NA,William Shakespeare,contents,directions,ACT IV,SCENE III. Another part of Blackheath,NA,NA,I desire no more.
1501,"King Henry VI, the second part","King Henry VI, the second part",NA,NA,William Shakespeare,contents,directions,ACT IV,SCENE III. Another part of Blackheath,NA,NA,CADE.
1501,"King Henry VI, the second part","King Henry VI, the second part",NA,NA,William Shakespeare,contents,directions,ACT IV,SCENE III. Another part of Blackheath,NA,NA,"And, to speak truth, thou deservest no less. This monument of the"
1501,"King Henry VI, the second part","King Henry VI, the second part",NA,NA,William Shakespeare,contents,directions,ACT IV,SCENE III. Another part of Blackheath,NA,NA,victory will I bear. [putting on Sir Humphrey’s brigandine] And the
1501,"King Henry VI, the second part","King Henry VI, the second part",NA,NA,William Shakespeare,contents,directions,ACT IV,SCENE III. Another part of Blackheath,NA,NA,"bodies shall be dragged at my horse heels till I do come to London,"
1501,"King Henry VI, the second part","King Henry VI, the second part",NA,NA,William Shakespeare,contents,directions,ACT IV,SCENE III. Another part of Blackheath,NA,NA,where we will have the Mayor’s sword borne before us.
1501,"King Henry VI, the second part","King Henry VI, the second part",NA,NA,William Shakespeare,contents,directions,ACT IV,SCENE III. Another part of Blackheath,NA,NA,DICK.
1501,"King Henry VI, the second part","King Henry VI, the second part",NA,NA,William Shakespeare,contents,directions,ACT IV,SCENE III. Another part of Blackheath,NA,NA,"If we mean to thrive and do good, break open the gaols and let out the"
1501,"King Henry VI, the second part","King Henry VI, the second part",NA,NA,William Shakespeare,contents,directions,ACT IV,SCENE III. Another part of Blackheath,NA,NA,prisoners.
1501,"King Henry VI, the second part","King Henry VI, the second part",NA,NA,William Shakespeare,contents,directions,ACT IV,SCENE III. Another part of Blackheath,NA,NA,CADE.
1501,"King Henry VI, the second part","King Henry VI, the second part",NA,NA,William Shakespeare,contents,directions,ACT IV,SCENE III. Another part of Blackheath,NA,NA,"Fear not that, I warrant thee. Come, let’s march towards London."
1501,"King Henry VI, the second part","King Henry VI, the second part",NA,NA,William Shakespeare,contents,directions,ACT IV,SCENE III. Another part of Blackheath,NA,NA,[Exeunt.]
1501,"King Henry VI, the second part","King Henry VI, the second part",NA,NA,William Shakespeare,contents,reference,ACT IV,SCENE IV. London. The Palace,NA,NA,SCENE IV. London. The Palace
1501,"King Henry VI, the second part","King Henry VI, the second part",NA,NA,William Shakespeare,contents,directions,ACT IV,SCENE IV. London. The Palace,NA,NA,"Enter the King with a supplication, and the Queen with Suffolk’s head,"
1501,"King Henry VI, the second part","King Henry VI, the second part",NA,NA,William Shakespeare,contents,directions,ACT IV,SCENE IV. London. The Palace,NA,NA,the Duke of Buckingham and the Lord Saye.
1501,"King Henry VI, the second part","King Henry VI, the second part",NA,NA,William Shakespeare,contents,directions,ACT IV,SCENE IV. London. The Palace,NA,NA,QUEEN MARGARET.
1501,"King Henry VI, the second part","King Henry VI, the second part",NA,NA,William Shakespeare,contents,directions,ACT IV,SCENE IV. London. The Palace,NA,NA,[Aside.] Oft have I heard that grief softens the mind
1501,"King Henry VI, the second part","King Henry VI, the second part",NA,NA,William Shakespeare,contents,directions,ACT IV,SCENE IV. London. The Palace,NA,NA,And makes it fearful and degenerate;
1501,"King Henry VI, the second part","King Henry VI, the second part",NA,NA,William Shakespeare,contents,directions,ACT IV,SCENE IV. London. The Palace,NA,NA,Think therefore on revenge and cease to weep.
1501,"King Henry VI, the second part","King Henry VI, the second part",NA,NA,William Shakespeare,contents,directions,ACT IV,SCENE IV. London. The Palace,NA,NA,But who can cease to weep and look on this?
1501,"King Henry VI, the second part","King Henry VI, the second part",NA,NA,William Shakespeare,contents,directions,ACT IV,SCENE IV. London. The Palace,NA,NA,Here may his head lie on my throbbing breast;
1501,"King Henry VI, the second part","King Henry VI, the second part",NA,NA,William Shakespeare,contents,directions,ACT IV,SCENE IV. London. The Palace,NA,NA,But where’s the body that I should embrace?
1501,"King Henry VI, the second part","King Henry VI, the second part",NA,NA,William Shakespeare,contents,directions,ACT IV,SCENE IV. London. The Palace,NA,NA,BUCKINGHAM.
1501,"King Henry VI, the second part","King Henry VI, the second part",NA,NA,William Shakespeare,contents,directions,ACT IV,SCENE IV. London. The Palace,NA,NA,What answer makes your grace to the rebels’ supplication?
1501,"King Henry VI, the second part","King Henry VI, the second part",NA,NA,William Shakespeare,contents,directions,ACT IV,SCENE IV. London. The Palace,NA,NA,KING HENRY.
1501,"King Henry VI, the second part","King Henry VI, the second part",NA,NA,William Shakespeare,contents,directions,ACT IV,SCENE IV. London. The Palace,NA,NA,"I’ll send some holy bishop to entreat,"
1501,"King Henry VI, the second part","King Henry VI, the second part",NA,NA,William Shakespeare,contents,directions,ACT IV,SCENE IV. London. The Palace,NA,NA,For God forbid so many simple souls
1501,"King Henry VI, the second part","King Henry VI, the second part",NA,NA,William Shakespeare,contents,directions,ACT IV,SCENE IV. London. The Palace,NA,NA,"Should perish by the sword! And I myself,"
1501,"King Henry VI, the second part","King Henry VI, the second part",NA,NA,William Shakespeare,contents,directions,ACT IV,SCENE IV. London. The Palace,NA,NA,"Rather than bloody war shall cut them short,"
1501,"King Henry VI, the second part","King Henry VI, the second part",NA,NA,William Shakespeare,contents,directions,ACT IV,SCENE IV. London. The Palace,NA,NA,Will parley with Jack Cade their general.
1501,"King Henry VI, the second part","King Henry VI, the second part",NA,NA,William Shakespeare,contents,directions,ACT IV,SCENE IV. London. The Palace,NA,NA,"But stay, I’ll read it over once again."
1501,"King Henry VI, the second part","King Henry VI, the second part",NA,NA,William Shakespeare,contents,directions,ACT IV,SCENE IV. London. The Palace,NA,NA,QUEEN MARGARET.
1501,"King Henry VI, the second part","King Henry VI, the second part",NA,NA,William Shakespeare,contents,directions,ACT IV,SCENE IV. London. The Palace,NA,NA,"[Aside.] Ah, barbarous villains! Hath this lovely face"
1501,"King Henry VI, the second part","King Henry VI, the second part",NA,NA,William Shakespeare,contents,directions,ACT IV,SCENE IV. London. The Palace,NA,NA,"Ruled, like a wandering planet, over me,"
1501,"King Henry VI, the second part","King Henry VI, the second part",NA,NA,William Shakespeare,contents,directions,ACT IV,SCENE IV. London. The Palace,NA,NA,And could it not enforce them to relent
1501,"King Henry VI, the second part","King Henry VI, the second part",NA,NA,William Shakespeare,contents,directions,ACT IV,SCENE IV. London. The Palace,NA,NA,That were unworthy to behold the same?
1501,"King Henry VI, the second part","King Henry VI, the second part",NA,NA,William Shakespeare,contents,directions,ACT IV,SCENE IV. London. The Palace,NA,NA,KING HENRY.
1501,"King Henry VI, the second part","King Henry VI, the second part",NA,NA,William Shakespeare,contents,directions,ACT IV,SCENE IV. London. The Palace,NA,NA,"Lord Saye, Jack Cade hath sworn to have thy head."
1501,"King Henry VI, the second part","King Henry VI, the second part",NA,NA,William Shakespeare,contents,directions,ACT IV,SCENE IV. London. The Palace,NA,NA,SAYE.
1501,"King Henry VI, the second part","King Henry VI, the second part",NA,NA,William Shakespeare,contents,directions,ACT IV,SCENE IV. London. The Palace,NA,NA,"Ay, but I hope your highness shall have his."
1501,"King Henry VI, the second part","King Henry VI, the second part",NA,NA,William Shakespeare,contents,directions,ACT IV,SCENE IV. London. The Palace,NA,NA,KING HENRY.
1501,"King Henry VI, the second part","King Henry VI, the second part",NA,NA,William Shakespeare,contents,directions,ACT IV,SCENE IV. London. The Palace,NA,NA,"How now, madam?"
1501,"King Henry VI, the second part","King Henry VI, the second part",NA,NA,William Shakespeare,contents,directions,ACT IV,SCENE IV. London. The Palace,NA,NA,Still lamenting and mourning for Suffolk’s death?
1501,"King Henry VI, the second part","King Henry VI, the second part",NA,NA,William Shakespeare,contents,directions,ACT IV,SCENE IV. London. The Palace,NA,NA,"I fear me, love, if that I had been dead,"
1501,"King Henry VI, the second part","King Henry VI, the second part",NA,NA,William Shakespeare,contents,directions,ACT IV,SCENE IV. London. The Palace,NA,NA,Thou wouldst not have mourned so much for me.
1501,"King Henry VI, the second part","King Henry VI, the second part",NA,NA,William Shakespeare,contents,directions,ACT IV,SCENE IV. London. The Palace,NA,NA,QUEEN MARGARET.
1501,"King Henry VI, the second part","King Henry VI, the second part",NA,NA,William Shakespeare,contents,directions,ACT IV,SCENE IV. London. The Palace,NA,NA,"No, my love, I should not mourn, but die for thee."
1501,"King Henry VI, the second part","King Henry VI, the second part",NA,NA,William Shakespeare,contents,directions,ACT IV,SCENE IV. London. The Palace,NA,NA,Enter a Messenger.
1501,"King Henry VI, the second part","King Henry VI, the second part",NA,NA,William Shakespeare,contents,directions,ACT IV,SCENE IV. London. The Palace,NA,NA,KING HENRY.
1501,"King Henry VI, the second part","King Henry VI, the second part",NA,NA,William Shakespeare,contents,directions,ACT IV,SCENE IV. London. The Palace,NA,NA,"How now, what news? Why com’st thou in such haste?"
1501,"King Henry VI, the second part","King Henry VI, the second part",NA,NA,William Shakespeare,contents,directions,ACT IV,SCENE IV. London. The Palace,NA,NA,MESSENGER.
1501,"King Henry VI, the second part","King Henry VI, the second part",NA,NA,William Shakespeare,contents,directions,ACT IV,SCENE IV. London. The Palace,NA,NA,"The rebels are in Southwark; fly, my lord!"
1501,"King Henry VI, the second part","King Henry VI, the second part",NA,NA,William Shakespeare,contents,directions,ACT IV,SCENE IV. London. The Palace,NA,NA,"Jack Cade proclaims himself Lord Mortimer,"
1501,"King Henry VI, the second part","King Henry VI, the second part",NA,NA,William Shakespeare,contents,directions,ACT IV,SCENE IV. London. The Palace,NA,NA,"Descended from the Duke of Clarence’ house,"
1501,"King Henry VI, the second part","King Henry VI, the second part",NA,NA,William Shakespeare,contents,directions,ACT IV,SCENE IV. London. The Palace,NA,NA,"And calls your grace usurper openly,"
1501,"King Henry VI, the second part","King Henry VI, the second part",NA,NA,William Shakespeare,contents,directions,ACT IV,SCENE IV. London. The Palace,NA,NA,And vows to crown himself in Westminster.
1501,"King Henry VI, the second part","King Henry VI, the second part",NA,NA,William Shakespeare,contents,directions,ACT IV,SCENE IV. London. The Palace,NA,NA,His army is a ragged multitude
1501,"King Henry VI, the second part","King Henry VI, the second part",NA,NA,William Shakespeare,contents,directions,ACT IV,SCENE IV. London. The Palace,NA,NA,"Of hinds and peasants, rude and merciless."
1501,"King Henry VI, the second part","King Henry VI, the second part",NA,NA,William Shakespeare,contents,directions,ACT IV,SCENE IV. London. The Palace,NA,NA,Sir Humphrey Stafford and his brother’s death
1501,"King Henry VI, the second part","King Henry VI, the second part",NA,NA,William Shakespeare,contents,directions,ACT IV,SCENE IV. London. The Palace,NA,NA,Hath given them heart and courage to proceed.
1501,"King Henry VI, the second part","King Henry VI, the second part",NA,NA,William Shakespeare,contents,directions,ACT IV,SCENE IV. London. The Palace,NA,NA,"All scholars, lawyers, courtiers, gentlemen,"
1501,"King Henry VI, the second part","King Henry VI, the second part",NA,NA,William Shakespeare,contents,directions,ACT IV,SCENE IV. London. The Palace,NA,NA,"They call false caterpillars, and intend their death."
1501,"King Henry VI, the second part","King Henry VI, the second part",NA,NA,William Shakespeare,contents,directions,ACT IV,SCENE IV. London. The Palace,NA,NA,KING HENRY.
1501,"King Henry VI, the second part","King Henry VI, the second part",NA,NA,William Shakespeare,contents,directions,ACT IV,SCENE IV. London. The Palace,NA,NA,O graceless men! They know not what they do.
1501,"King Henry VI, the second part","King Henry VI, the second part",NA,NA,William Shakespeare,contents,directions,ACT IV,SCENE IV. London. The Palace,NA,NA,BUCKINGHAM.
1501,"King Henry VI, the second part","King Henry VI, the second part",NA,NA,William Shakespeare,contents,directions,ACT IV,SCENE IV. London. The Palace,NA,NA,"My gracious lord, retire to Killingworth"
1501,"King Henry VI, the second part","King Henry VI, the second part",NA,NA,William Shakespeare,contents,directions,ACT IV,SCENE IV. London. The Palace,NA,NA,Until a power be raised to put them down.
1501,"King Henry VI, the second part","King Henry VI, the second part",NA,NA,William Shakespeare,contents,directions,ACT IV,SCENE IV. London. The Palace,NA,NA,QUEEN MARGARET.
1501,"King Henry VI, the second part","King Henry VI, the second part",NA,NA,William Shakespeare,contents,directions,ACT IV,SCENE IV. London. The Palace,NA,NA,"Ah, were the Duke of Suffolk now alive,"
1501,"King Henry VI, the second part","King Henry VI, the second part",NA,NA,William Shakespeare,contents,directions,ACT IV,SCENE IV. London. The Palace,NA,NA,These Kentish rebels would be soon appeased!
1501,"King Henry VI, the second part","King Henry VI, the second part",NA,NA,William Shakespeare,contents,directions,ACT IV,SCENE IV. London. The Palace,NA,NA,KING HENRY.
1501,"King Henry VI, the second part","King Henry VI, the second part",NA,NA,William Shakespeare,contents,directions,ACT IV,SCENE IV. London. The Palace,NA,NA,"Lord Saye, the traitors hate thee;"
1501,"King Henry VI, the second part","King Henry VI, the second part",NA,NA,William Shakespeare,contents,directions,ACT IV,SCENE IV. London. The Palace,NA,NA,Therefore away with us to Killingworth.
1501,"King Henry VI, the second part","King Henry VI, the second part",NA,NA,William Shakespeare,contents,directions,ACT IV,SCENE IV. London. The Palace,NA,NA,SAYE.
1501,"King Henry VI, the second part","King Henry VI, the second part",NA,NA,William Shakespeare,contents,directions,ACT IV,SCENE IV. London. The Palace,NA,NA,So might your grace’s person be in danger.
1501,"King Henry VI, the second part","King Henry VI, the second part",NA,NA,William Shakespeare,contents,directions,ACT IV,SCENE IV. London. The Palace,NA,NA,The sight of me is odious in their eyes;
1501,"King Henry VI, the second part","King Henry VI, the second part",NA,NA,William Shakespeare,contents,directions,ACT IV,SCENE IV. London. The Palace,NA,NA,And therefore in this city will I stay
1501,"King Henry VI, the second part","King Henry VI, the second part",NA,NA,William Shakespeare,contents,directions,ACT IV,SCENE IV. London. The Palace,NA,NA,And live alone as secret as I may.
1501,"King Henry VI, the second part","King Henry VI, the second part",NA,NA,William Shakespeare,contents,directions,ACT IV,SCENE IV. London. The Palace,NA,NA,Enter another Messenger.
1501,"King Henry VI, the second part","King Henry VI, the second part",NA,NA,William Shakespeare,contents,directions,ACT IV,SCENE IV. London. The Palace,NA,NA,MESSENGER.
1501,"King Henry VI, the second part","King Henry VI, the second part",NA,NA,William Shakespeare,contents,directions,ACT IV,SCENE IV. London. The Palace,NA,NA,Jack Cade hath gotten London Bridge;
1501,"King Henry VI, the second part","King Henry VI, the second part",NA,NA,William Shakespeare,contents,directions,ACT IV,SCENE IV. London. The Palace,NA,NA,The citizens fly and forsake their houses.
1501,"King Henry VI, the second part","King Henry VI, the second part",NA,NA,William Shakespeare,contents,directions,ACT IV,SCENE IV. London. The Palace,NA,NA,"The rascal people, thirsting after prey,"
1501,"King Henry VI, the second part","King Henry VI, the second part",NA,NA,William Shakespeare,contents,directions,ACT IV,SCENE IV. London. The Palace,NA,NA,"Join with the traitor, and they jointly swear"
1501,"King Henry VI, the second part","King Henry VI, the second part",NA,NA,William Shakespeare,contents,directions,ACT IV,SCENE IV. London. The Palace,NA,NA,To spoil the city and your royal court.
1501,"King Henry VI, the second part","King Henry VI, the second part",NA,NA,William Shakespeare,contents,directions,ACT IV,SCENE IV. London. The Palace,NA,NA,BUCKINGHAM.
1501,"King Henry VI, the second part","King Henry VI, the second part",NA,NA,William Shakespeare,contents,directions,ACT IV,SCENE IV. London. The Palace,NA,NA,"Then linger not, my lord; away, take horse!"
1501,"King Henry VI, the second part","King Henry VI, the second part",NA,NA,William Shakespeare,contents,directions,ACT IV,SCENE IV. London. The Palace,NA,NA,KING HENRY.
1501,"King Henry VI, the second part","King Henry VI, the second part",NA,NA,William Shakespeare,contents,directions,ACT IV,SCENE IV. London. The Palace,NA,NA,"Come, Margaret. God, our hope, will succour us."
1501,"King Henry VI, the second part","King Henry VI, the second part",NA,NA,William Shakespeare,contents,directions,ACT IV,SCENE IV. London. The Palace,NA,NA,QUEEN MARGARET.
1501,"King Henry VI, the second part","King Henry VI, the second part",NA,NA,William Shakespeare,contents,directions,ACT IV,SCENE IV. London. The Palace,NA,NA,"[Aside.] My hope is gone, now Suffolk is deceased."
1501,"King Henry VI, the second part","King Henry VI, the second part",NA,NA,William Shakespeare,contents,directions,ACT IV,SCENE IV. London. The Palace,NA,NA,KING HENRY.
1501,"King Henry VI, the second part","King Henry VI, the second part",NA,NA,William Shakespeare,contents,directions,ACT IV,SCENE IV. London. The Palace,NA,NA,"Farewell, my lord. Trust not the Kentish rebels."
1501,"King Henry VI, the second part","King Henry VI, the second part",NA,NA,William Shakespeare,contents,directions,ACT IV,SCENE IV. London. The Palace,NA,NA,BUCKINGHAM.
1501,"King Henry VI, the second part","King Henry VI, the second part",NA,NA,William Shakespeare,contents,directions,ACT IV,SCENE IV. London. The Palace,NA,NA,"Trust nobody, for fear you be betrayed."
1501,"King Henry VI, the second part","King Henry VI, the second part",NA,NA,William Shakespeare,contents,directions,ACT IV,SCENE IV. London. The Palace,NA,NA,SAYE.
1501,"King Henry VI, the second part","King Henry VI, the second part",NA,NA,William Shakespeare,contents,directions,ACT IV,SCENE IV. London. The Palace,NA,NA,"The trust I have is in mine innocence,"
1501,"King Henry VI, the second part","King Henry VI, the second part",NA,NA,William Shakespeare,contents,directions,ACT IV,SCENE IV. London. The Palace,NA,NA,And therefore am I bold and resolute.
1501,"King Henry VI, the second part","King Henry VI, the second part",NA,NA,William Shakespeare,contents,directions,ACT IV,SCENE IV. London. The Palace,NA,NA,[Exeunt.]
1501,"King Henry VI, the second part","King Henry VI, the second part",NA,NA,William Shakespeare,contents,reference,ACT IV,SCENE V. London. The Tower,NA,NA,SCENE V. London. The Tower
1501,"King Henry VI, the second part","King Henry VI, the second part",NA,NA,William Shakespeare,contents,directions,ACT IV,SCENE V. London. The Tower,NA,NA,"Enter Lord Scales upon the Tower, walking. Then enter two or three"
1501,"King Henry VI, the second part","King Henry VI, the second part",NA,NA,William Shakespeare,contents,directions,ACT IV,SCENE V. London. The Tower,NA,NA,Citizens below.
1501,"King Henry VI, the second part","King Henry VI, the second part",NA,NA,William Shakespeare,contents,directions,ACT IV,SCENE V. London. The Tower,NA,NA,SCALES.
1501,"King Henry VI, the second part","King Henry VI, the second part",NA,NA,William Shakespeare,contents,directions,ACT IV,SCENE V. London. The Tower,NA,NA,How now? Is Jack Cade slain?
1501,"King Henry VI, the second part","King Henry VI, the second part",NA,NA,William Shakespeare,contents,directions,ACT IV,SCENE V. London. The Tower,NA,NA,1 CITIZEN.
1501,"King Henry VI, the second part","King Henry VI, the second part",NA,NA,William Shakespeare,contents,directions,ACT IV,SCENE V. London. The Tower,NA,NA,"No, my lord, nor likely to be slain; for they have won the Bridge,"
1501,"King Henry VI, the second part","King Henry VI, the second part",NA,NA,William Shakespeare,contents,directions,ACT IV,SCENE V. London. The Tower,NA,NA,killing all those that withstand them. The Lord Mayor craves aid of
1501,"King Henry VI, the second part","King Henry VI, the second part",NA,NA,William Shakespeare,contents,directions,ACT IV,SCENE V. London. The Tower,NA,NA,your honour from the Tower to defend the city from the rebels.
1501,"King Henry VI, the second part","King Henry VI, the second part",NA,NA,William Shakespeare,contents,directions,ACT IV,SCENE V. London. The Tower,NA,NA,SCALES.
1501,"King Henry VI, the second part","King Henry VI, the second part",NA,NA,William Shakespeare,contents,directions,ACT IV,SCENE V. London. The Tower,NA,NA,"Such aid as I can spare you shall command,"
1501,"King Henry VI, the second part","King Henry VI, the second part",NA,NA,William Shakespeare,contents,directions,ACT IV,SCENE V. London. The Tower,NA,NA,But I am troubled here with them myself;
1501,"King Henry VI, the second part","King Henry VI, the second part",NA,NA,William Shakespeare,contents,directions,ACT IV,SCENE V. London. The Tower,NA,NA,The rebels have assayed to win the Tower.
1501,"King Henry VI, the second part","King Henry VI, the second part",NA,NA,William Shakespeare,contents,directions,ACT IV,SCENE V. London. The Tower,NA,NA,"But get you to Smithfield and gather head,"
1501,"King Henry VI, the second part","King Henry VI, the second part",NA,NA,William Shakespeare,contents,directions,ACT IV,SCENE V. London. The Tower,NA,NA,And thither I will send you Matthew Gough.
1501,"King Henry VI, the second part","King Henry VI, the second part",NA,NA,William Shakespeare,contents,directions,ACT IV,SCENE V. London. The Tower,NA,NA,"Fight for your king, your country, and your lives!"
1501,"King Henry VI, the second part","King Henry VI, the second part",NA,NA,William Shakespeare,contents,directions,ACT IV,SCENE V. London. The Tower,NA,NA,"And so farewell, for I must hence again."
1501,"King Henry VI, the second part","King Henry VI, the second part",NA,NA,William Shakespeare,contents,directions,ACT IV,SCENE V. London. The Tower,NA,NA,[Exeunt.]
1501,"King Henry VI, the second part","King Henry VI, the second part",NA,NA,William Shakespeare,contents,reference,ACT IV,SCENE VI. London. Cannon Street,NA,NA,SCENE VI. London. Cannon Street
1501,"King Henry VI, the second part","King Henry VI, the second part",NA,NA,William Shakespeare,contents,directions,ACT IV,SCENE VI. London. Cannon Street,NA,NA,"Enter Jack Cade and the rest, and strikes his staff on London Stone."
1501,"King Henry VI, the second part","King Henry VI, the second part",NA,NA,William Shakespeare,contents,directions,ACT IV,SCENE VI. London. Cannon Street,NA,NA,CADE.
1501,"King Henry VI, the second part","King Henry VI, the second part",NA,NA,William Shakespeare,contents,directions,ACT IV,SCENE VI. London. Cannon Street,NA,NA,"Now is Mortimer lord of this city. And here, sitting upon London Stone,"
1501,"King Henry VI, the second part","King Henry VI, the second part",NA,NA,William Shakespeare,contents,directions,ACT IV,SCENE VI. London. Cannon Street,NA,NA,"I charge and command that, of the city’s cost, the Pissing Conduit run"
1501,"King Henry VI, the second part","King Henry VI, the second part",NA,NA,William Shakespeare,contents,directions,ACT IV,SCENE VI. London. Cannon Street,NA,NA,nothing but claret wine this first year of our reign. And now
1501,"King Henry VI, the second part","King Henry VI, the second part",NA,NA,William Shakespeare,contents,directions,ACT IV,SCENE VI. London. Cannon Street,NA,NA,henceforward it shall be treason for any that calls me other than Lord
1501,"King Henry VI, the second part","King Henry VI, the second part",NA,NA,William Shakespeare,contents,directions,ACT IV,SCENE VI. London. Cannon Street,NA,NA,Mortimer.
1501,"King Henry VI, the second part","King Henry VI, the second part",NA,NA,William Shakespeare,contents,directions,ACT IV,SCENE VI. London. Cannon Street,NA,NA,"Enter a Soldier, running."
1501,"King Henry VI, the second part","King Henry VI, the second part",NA,NA,William Shakespeare,contents,directions,ACT IV,SCENE VI. London. Cannon Street,NA,NA,SOLDIER.
1501,"King Henry VI, the second part","King Henry VI, the second part",NA,NA,William Shakespeare,contents,directions,ACT IV,SCENE VI. London. Cannon Street,NA,NA,Jack Cade! Jack Cade!
1501,"King Henry VI, the second part","King Henry VI, the second part",NA,NA,William Shakespeare,contents,directions,ACT IV,SCENE VI. London. Cannon Street,NA,NA,CADE.
1501,"King Henry VI, the second part","King Henry VI, the second part",NA,NA,William Shakespeare,contents,directions,ACT IV,SCENE VI. London. Cannon Street,NA,NA,Knock him down there.
1501,"King Henry VI, the second part","King Henry VI, the second part",NA,NA,William Shakespeare,contents,directions,ACT IV,SCENE VI. London. Cannon Street,NA,NA,[They kill him.]
1501,"King Henry VI, the second part","King Henry VI, the second part",NA,NA,William Shakespeare,contents,directions,ACT IV,SCENE VI. London. Cannon Street,NA,NA,DICK.
1501,"King Henry VI, the second part","King Henry VI, the second part",NA,NA,William Shakespeare,contents,directions,ACT IV,SCENE VI. London. Cannon Street,NA,NA,"If this fellow be wise, he’ll never call ye Jack Cade more. I think he"
1501,"King Henry VI, the second part","King Henry VI, the second part",NA,NA,William Shakespeare,contents,directions,ACT IV,SCENE VI. London. Cannon Street,NA,NA,"hath a very fair warning. My lord, there’s an army gathered together in"
1501,"King Henry VI, the second part","King Henry VI, the second part",NA,NA,William Shakespeare,contents,directions,ACT IV,SCENE VI. London. Cannon Street,NA,NA,Smithfield.
1501,"King Henry VI, the second part","King Henry VI, the second part",NA,NA,William Shakespeare,contents,directions,ACT IV,SCENE VI. London. Cannon Street,NA,NA,CADE.
1501,"King Henry VI, the second part","King Henry VI, the second part",NA,NA,William Shakespeare,contents,directions,ACT IV,SCENE VI. London. Cannon Street,NA,NA,"Come then, let’s go fight with them. But first, go and set London"
1501,"King Henry VI, the second part","King Henry VI, the second part",NA,NA,William Shakespeare,contents,directions,ACT IV,SCENE VI. London. Cannon Street,NA,NA,"Bridge on fire; and, if you can, burn down the Tower too. Come, let’s"
1501,"King Henry VI, the second part","King Henry VI, the second part",NA,NA,William Shakespeare,contents,directions,ACT IV,SCENE VI. London. Cannon Street,NA,NA,away.
1501,"King Henry VI, the second part","King Henry VI, the second part",NA,NA,William Shakespeare,contents,directions,ACT IV,SCENE VI. London. Cannon Street,NA,NA,[Exeunt.]
1501,"King Henry VI, the second part","King Henry VI, the second part",NA,NA,William Shakespeare,contents,reference,ACT IV,SCENE VII. London. Smithfield,NA,NA,SCENE VII. London. Smithfield
1501,"King Henry VI, the second part","King Henry VI, the second part",NA,NA,William Shakespeare,contents,directions,ACT IV,SCENE VII. London. Smithfield,NA,NA,"Alarums. Matthew Gough is slain, and all the rest. Then enter Jack Cade"
1501,"King Henry VI, the second part","King Henry VI, the second part",NA,NA,William Shakespeare,contents,directions,ACT IV,SCENE VII. London. Smithfield,NA,NA,with his company.
1501,"King Henry VI, the second part","King Henry VI, the second part",NA,NA,William Shakespeare,contents,directions,ACT IV,SCENE VII. London. Smithfield,NA,NA,CADE.
1501,"King Henry VI, the second part","King Henry VI, the second part",NA,NA,William Shakespeare,contents,directions,ACT IV,SCENE VII. London. Smithfield,NA,NA,"So, sirs. Now go some and pull down the Savoy; others to th’ Inns of"
1501,"King Henry VI, the second part","King Henry VI, the second part",NA,NA,William Shakespeare,contents,directions,ACT IV,SCENE VII. London. Smithfield,NA,NA,Court; down with them all.
1501,"King Henry VI, the second part","King Henry VI, the second part",NA,NA,William Shakespeare,contents,directions,ACT IV,SCENE VII. London. Smithfield,NA,NA,DICK.
1501,"King Henry VI, the second part","King Henry VI, the second part",NA,NA,William Shakespeare,contents,directions,ACT IV,SCENE VII. London. Smithfield,NA,NA,I have a suit unto your lordship.
1501,"King Henry VI, the second part","King Henry VI, the second part",NA,NA,William Shakespeare,contents,directions,ACT IV,SCENE VII. London. Smithfield,NA,NA,CADE.
1501,"King Henry VI, the second part","King Henry VI, the second part",NA,NA,William Shakespeare,contents,directions,ACT IV,SCENE VII. London. Smithfield,NA,NA,"Be it a lordship, thou shalt have it for that word."
1501,"King Henry VI, the second part","King Henry VI, the second part",NA,NA,William Shakespeare,contents,directions,ACT IV,SCENE VII. London. Smithfield,NA,NA,DICK.
1501,"King Henry VI, the second part","King Henry VI, the second part",NA,NA,William Shakespeare,contents,directions,ACT IV,SCENE VII. London. Smithfield,NA,NA,Only that the laws of England may come out of your mouth.
1501,"King Henry VI, the second part","King Henry VI, the second part",NA,NA,William Shakespeare,contents,directions,ACT IV,SCENE VII. London. Smithfield,NA,NA,HOLLAND.
1501,"King Henry VI, the second part","King Henry VI, the second part",NA,NA,William Shakespeare,contents,directions,ACT IV,SCENE VII. London. Smithfield,NA,NA,"[Aside.] Mass, ’twill be sore law, then; for he was thrust in the"
1501,"King Henry VI, the second part","King Henry VI, the second part",NA,NA,William Shakespeare,contents,directions,ACT IV,SCENE VII. London. Smithfield,NA,NA,"mouth with a spear, and ’tis not whole yet."
1501,"King Henry VI, the second part","King Henry VI, the second part",NA,NA,William Shakespeare,contents,directions,ACT IV,SCENE VII. London. Smithfield,NA,NA,SMITH.
1501,"King Henry VI, the second part","King Henry VI, the second part",NA,NA,William Shakespeare,contents,directions,ACT IV,SCENE VII. London. Smithfield,NA,NA,"[Aside.] Nay, John, it will be stinking law, for his breath stinks"
1501,"King Henry VI, the second part","King Henry VI, the second part",NA,NA,William Shakespeare,contents,directions,ACT IV,SCENE VII. London. Smithfield,NA,NA,with eating toasted cheese.
1501,"King Henry VI, the second part","King Henry VI, the second part",NA,NA,William Shakespeare,contents,directions,ACT IV,SCENE VII. London. Smithfield,NA,NA,CADE.
1501,"King Henry VI, the second part","King Henry VI, the second part",NA,NA,William Shakespeare,contents,directions,ACT IV,SCENE VII. London. Smithfield,NA,NA,"I have thought upon it, it shall be so. Away, burn all the records of"
1501,"King Henry VI, the second part","King Henry VI, the second part",NA,NA,William Shakespeare,contents,directions,ACT IV,SCENE VII. London. Smithfield,NA,NA,the realm. My mouth shall be the parliament of England.
1501,"King Henry VI, the second part","King Henry VI, the second part",NA,NA,William Shakespeare,contents,directions,ACT IV,SCENE VII. London. Smithfield,NA,NA,HOLLAND.
1501,"King Henry VI, the second part","King Henry VI, the second part",NA,NA,William Shakespeare,contents,directions,ACT IV,SCENE VII. London. Smithfield,NA,NA,"[Aside.] Then we are like to have biting statutes, unless his teeth"
1501,"King Henry VI, the second part","King Henry VI, the second part",NA,NA,William Shakespeare,contents,directions,ACT IV,SCENE VII. London. Smithfield,NA,NA,be pulled out.
1501,"King Henry VI, the second part","King Henry VI, the second part",NA,NA,William Shakespeare,contents,directions,ACT IV,SCENE VII. London. Smithfield,NA,NA,CADE.
1501,"King Henry VI, the second part","King Henry VI, the second part",NA,NA,William Shakespeare,contents,directions,ACT IV,SCENE VII. London. Smithfield,NA,NA,And henceforward all things shall be in common.
1501,"King Henry VI, the second part","King Henry VI, the second part",NA,NA,William Shakespeare,contents,directions,ACT IV,SCENE VII. London. Smithfield,NA,NA,Enter a Messenger.
1501,"King Henry VI, the second part","King Henry VI, the second part",NA,NA,William Shakespeare,contents,directions,ACT IV,SCENE VII. London. Smithfield,NA,NA,MESSENGER.
1501,"King Henry VI, the second part","King Henry VI, the second part",NA,NA,William Shakespeare,contents,directions,ACT IV,SCENE VII. London. Smithfield,NA,NA,"My lord, a prize, a prize! Here’s the Lord Saye, which sold the towns"
1501,"King Henry VI, the second part","King Henry VI, the second part",NA,NA,William Shakespeare,contents,directions,ACT IV,SCENE VII. London. Smithfield,NA,NA,"in France; he that made us pay one-and-twenty fifteens, and one"
1501,"King Henry VI, the second part","King Henry VI, the second part",NA,NA,William Shakespeare,contents,directions,ACT IV,SCENE VII. London. Smithfield,NA,NA,"shilling to the pound, the last subsidy."
1501,"King Henry VI, the second part","King Henry VI, the second part",NA,NA,William Shakespeare,contents,directions,ACT IV,SCENE VII. London. Smithfield,NA,NA,Enter George Bevis with the Lord Saye.
1501,"King Henry VI, the second part","King Henry VI, the second part",NA,NA,William Shakespeare,contents,directions,ACT IV,SCENE VII. London. Smithfield,NA,NA,CADE.
1501,"King Henry VI, the second part","King Henry VI, the second part",NA,NA,William Shakespeare,contents,directions,ACT IV,SCENE VII. London. Smithfield,NA,NA,"Well, he shall be beheaded for it ten times. Ah, thou say, thou serge,"
1501,"King Henry VI, the second part","King Henry VI, the second part",NA,NA,William Shakespeare,contents,directions,ACT IV,SCENE VII. London. Smithfield,NA,NA,"nay, thou buckram lord! Now art thou within point-blank of our"
1501,"King Henry VI, the second part","King Henry VI, the second part",NA,NA,William Shakespeare,contents,directions,ACT IV,SCENE VII. London. Smithfield,NA,NA,jurisdiction regal. What canst thou answer to my majesty for giving up
1501,"King Henry VI, the second part","King Henry VI, the second part",NA,NA,William Shakespeare,contents,directions,ACT IV,SCENE VII. London. Smithfield,NA,NA,"of Normandy unto Mounsieur Basimecu, the Dauphin of France? Be it known"
1501,"King Henry VI, the second part","King Henry VI, the second part",NA,NA,William Shakespeare,contents,directions,ACT IV,SCENE VII. London. Smithfield,NA,NA,"unto thee by these presence, even the presence of Lord Mortimer, that I"
1501,"King Henry VI, the second part","King Henry VI, the second part",NA,NA,William Shakespeare,contents,directions,ACT IV,SCENE VII. London. Smithfield,NA,NA,am the besom that must sweep the court clean of such filth as thou art.
1501,"King Henry VI, the second part","King Henry VI, the second part",NA,NA,William Shakespeare,contents,directions,ACT IV,SCENE VII. London. Smithfield,NA,NA,Thou hast most traitorously corrupted the youth of the realm in
1501,"King Henry VI, the second part","King Henry VI, the second part",NA,NA,William Shakespeare,contents,directions,ACT IV,SCENE VII. London. Smithfield,NA,NA,"erecting a grammar school; and whereas, before, our forefathers had no"
1501,"King Henry VI, the second part","King Henry VI, the second part",NA,NA,William Shakespeare,contents,directions,ACT IV,SCENE VII. London. Smithfield,NA,NA,"other books but the score and the tally, thou hast caused printing to"
1501,"King Henry VI, the second part","King Henry VI, the second part",NA,NA,William Shakespeare,contents,directions,ACT IV,SCENE VII. London. Smithfield,NA,NA,"be used, and, contrary to the King, his crown, and dignity, thou hast"
1501,"King Henry VI, the second part","King Henry VI, the second part",NA,NA,William Shakespeare,contents,directions,ACT IV,SCENE VII. London. Smithfield,NA,NA,built a paper-mill. It will be proved to thy face that thou hast men
1501,"King Henry VI, the second part","King Henry VI, the second part",NA,NA,William Shakespeare,contents,directions,ACT IV,SCENE VII. London. Smithfield,NA,NA,"about thee that usually talk of a noun and a verb, and such abominable"
1501,"King Henry VI, the second part","King Henry VI, the second part",NA,NA,William Shakespeare,contents,directions,ACT IV,SCENE VII. London. Smithfield,NA,NA,words as no Christian ear can endure to hear. Thou hast appointed
1501,"King Henry VI, the second part","King Henry VI, the second part",NA,NA,William Shakespeare,contents,directions,ACT IV,SCENE VII. London. Smithfield,NA,NA,"justices of peace, to call poor men before them about matters they were"
1501,"King Henry VI, the second part","King Henry VI, the second part",NA,NA,William Shakespeare,contents,directions,ACT IV,SCENE VII. London. Smithfield,NA,NA,"not able to answer. Moreover, thou hast put them in prison, and because"
1501,"King Henry VI, the second part","King Henry VI, the second part",NA,NA,William Shakespeare,contents,directions,ACT IV,SCENE VII. London. Smithfield,NA,NA,"they could not read, thou hast hanged them, when indeed only for that"
1501,"King Henry VI, the second part","King Henry VI, the second part",NA,NA,William Shakespeare,contents,directions,ACT IV,SCENE VII. London. Smithfield,NA,NA,cause they have been most worthy to live. Thou dost ride on a
1501,"King Henry VI, the second part","King Henry VI, the second part",NA,NA,William Shakespeare,contents,directions,ACT IV,SCENE VII. London. Smithfield,NA,NA,"foot-cloth, dost thou not?"
1501,"King Henry VI, the second part","King Henry VI, the second part",NA,NA,William Shakespeare,contents,directions,ACT IV,SCENE VII. London. Smithfield,NA,NA,SAYE.
1501,"King Henry VI, the second part","King Henry VI, the second part",NA,NA,William Shakespeare,contents,directions,ACT IV,SCENE VII. London. Smithfield,NA,NA,What of that?
1501,"King Henry VI, the second part","King Henry VI, the second part",NA,NA,William Shakespeare,contents,directions,ACT IV,SCENE VII. London. Smithfield,NA,NA,CADE.
1501,"King Henry VI, the second part","King Henry VI, the second part",NA,NA,William Shakespeare,contents,directions,ACT IV,SCENE VII. London. Smithfield,NA,NA,"Marry, thou ought’st not to let thy horse wear a cloak when honester"
1501,"King Henry VI, the second part","King Henry VI, the second part",NA,NA,William Shakespeare,contents,directions,ACT IV,SCENE VII. London. Smithfield,NA,NA,men than thou go in their hose and doublets.
1501,"King Henry VI, the second part","King Henry VI, the second part",NA,NA,William Shakespeare,contents,directions,ACT IV,SCENE VII. London. Smithfield,NA,NA,DICK.
1501,"King Henry VI, the second part","King Henry VI, the second part",NA,NA,William Shakespeare,contents,directions,ACT IV,SCENE VII. London. Smithfield,NA,NA,"And work in their shirt too; as myself, for example, that am a butcher."
1501,"King Henry VI, the second part","King Henry VI, the second part",NA,NA,William Shakespeare,contents,directions,ACT IV,SCENE VII. London. Smithfield,NA,NA,SAYE.
1501,"King Henry VI, the second part","King Henry VI, the second part",NA,NA,William Shakespeare,contents,directions,ACT IV,SCENE VII. London. Smithfield,NA,NA,You men of Kent—
1501,"King Henry VI, the second part","King Henry VI, the second part",NA,NA,William Shakespeare,contents,directions,ACT IV,SCENE VII. London. Smithfield,NA,NA,DICK.
1501,"King Henry VI, the second part","King Henry VI, the second part",NA,NA,William Shakespeare,contents,directions,ACT IV,SCENE VII. London. Smithfield,NA,NA,What say you of Kent?
1501,"King Henry VI, the second part","King Henry VI, the second part",NA,NA,William Shakespeare,contents,directions,ACT IV,SCENE VII. London. Smithfield,NA,NA,SAYE.
1501,"King Henry VI, the second part","King Henry VI, the second part",NA,NA,William Shakespeare,contents,directions,ACT IV,SCENE VII. London. Smithfield,NA,NA,"Nothing but this; ’tis bona terra, mala gens."
1501,"King Henry VI, the second part","King Henry VI, the second part",NA,NA,William Shakespeare,contents,directions,ACT IV,SCENE VII. London. Smithfield,NA,NA,CADE.
1501,"King Henry VI, the second part","King Henry VI, the second part",NA,NA,William Shakespeare,contents,directions,ACT IV,SCENE VII. London. Smithfield,NA,NA,"Away with him, away with him! He speaks Latin."
1501,"King Henry VI, the second part","King Henry VI, the second part",NA,NA,William Shakespeare,contents,directions,ACT IV,SCENE VII. London. Smithfield,NA,NA,SAYE.
1501,"King Henry VI, the second part","King Henry VI, the second part",NA,NA,William Shakespeare,contents,directions,ACT IV,SCENE VII. London. Smithfield,NA,NA,"Hear me but speak, and bear me where you will."
1501,"King Henry VI, the second part","King Henry VI, the second part",NA,NA,William Shakespeare,contents,directions,ACT IV,SCENE VII. London. Smithfield,NA,NA,"Kent, in the Commentaries Caesar writ,"
1501,"King Henry VI, the second part","King Henry VI, the second part",NA,NA,William Shakespeare,contents,directions,ACT IV,SCENE VII. London. Smithfield,NA,NA,Is termed the civil’st place of all this isle.
1501,"King Henry VI, the second part","King Henry VI, the second part",NA,NA,William Shakespeare,contents,directions,ACT IV,SCENE VII. London. Smithfield,NA,NA,"Sweet is the country, because full of riches;"
1501,"King Henry VI, the second part","King Henry VI, the second part",NA,NA,William Shakespeare,contents,directions,ACT IV,SCENE VII. London. Smithfield,NA,NA,"The people liberal, valiant, active, wealthy;"
1501,"King Henry VI, the second part","King Henry VI, the second part",NA,NA,William Shakespeare,contents,directions,ACT IV,SCENE VII. London. Smithfield,NA,NA,Which makes me hope you are not void of pity.
1501,"King Henry VI, the second part","King Henry VI, the second part",NA,NA,William Shakespeare,contents,directions,ACT IV,SCENE VII. London. Smithfield,NA,NA,"I sold not Maine, I lost not Normandy,"
1501,"King Henry VI, the second part","King Henry VI, the second part",NA,NA,William Shakespeare,contents,directions,ACT IV,SCENE VII. London. Smithfield,NA,NA,Yet to recover them would lose my life.
1501,"King Henry VI, the second part","King Henry VI, the second part",NA,NA,William Shakespeare,contents,directions,ACT IV,SCENE VII. London. Smithfield,NA,NA,Justice with favour have I always done;
1501,"King Henry VI, the second part","King Henry VI, the second part",NA,NA,William Shakespeare,contents,directions,ACT IV,SCENE VII. London. Smithfield,NA,NA,"Prayers and tears have moved me, gifts could never."
1501,"King Henry VI, the second part","King Henry VI, the second part",NA,NA,William Shakespeare,contents,directions,ACT IV,SCENE VII. London. Smithfield,NA,NA,When have I aught exacted at your hands
1501,"King Henry VI, the second part","King Henry VI, the second part",NA,NA,William Shakespeare,contents,directions,ACT IV,SCENE VII. London. Smithfield,NA,NA,"Kent to maintain the King, the realm, and you?"
1501,"King Henry VI, the second part","King Henry VI, the second part",NA,NA,William Shakespeare,contents,directions,ACT IV,SCENE VII. London. Smithfield,NA,NA,"Large gifts have I bestowed on learned clerks,"
1501,"King Henry VI, the second part","King Henry VI, the second part",NA,NA,William Shakespeare,contents,directions,ACT IV,SCENE VII. London. Smithfield,NA,NA,Because my book preferred me to the King.
1501,"King Henry VI, the second part","King Henry VI, the second part",NA,NA,William Shakespeare,contents,directions,ACT IV,SCENE VII. London. Smithfield,NA,NA,"And seeing ignorance is the curse of God,"
1501,"King Henry VI, the second part","King Henry VI, the second part",NA,NA,William Shakespeare,contents,directions,ACT IV,SCENE VII. London. Smithfield,NA,NA,"Knowledge the wing wherewith we fly to heaven,"
1501,"King Henry VI, the second part","King Henry VI, the second part",NA,NA,William Shakespeare,contents,directions,ACT IV,SCENE VII. London. Smithfield,NA,NA,"Unless you be possessed with devilish spirits,"
1501,"King Henry VI, the second part","King Henry VI, the second part",NA,NA,William Shakespeare,contents,directions,ACT IV,SCENE VII. London. Smithfield,NA,NA,You cannot but forbear to murder me.
1501,"King Henry VI, the second part","King Henry VI, the second part",NA,NA,William Shakespeare,contents,directions,ACT IV,SCENE VII. London. Smithfield,NA,NA,This tongue hath parleyed unto foreign kings
1501,"King Henry VI, the second part","King Henry VI, the second part",NA,NA,William Shakespeare,contents,directions,ACT IV,SCENE VII. London. Smithfield,NA,NA,For your behoof—
1501,"King Henry VI, the second part","King Henry VI, the second part",NA,NA,William Shakespeare,contents,directions,ACT IV,SCENE VII. London. Smithfield,NA,NA,CADE.
1501,"King Henry VI, the second part","King Henry VI, the second part",NA,NA,William Shakespeare,contents,directions,ACT IV,SCENE VII. London. Smithfield,NA,NA,"Tut, when struck’st thou one blow in the field?"
1501,"King Henry VI, the second part","King Henry VI, the second part",NA,NA,William Shakespeare,contents,directions,ACT IV,SCENE VII. London. Smithfield,NA,NA,SAYE.
1501,"King Henry VI, the second part","King Henry VI, the second part",NA,NA,William Shakespeare,contents,directions,ACT IV,SCENE VII. London. Smithfield,NA,NA,Great men have reaching hands; oft have I struck
1501,"King Henry VI, the second part","King Henry VI, the second part",NA,NA,William Shakespeare,contents,directions,ACT IV,SCENE VII. London. Smithfield,NA,NA,"Those that I never saw, and struck them dead."
1501,"King Henry VI, the second part","King Henry VI, the second part",NA,NA,William Shakespeare,contents,directions,ACT IV,SCENE VII. London. Smithfield,NA,NA,GEORGE.
1501,"King Henry VI, the second part","King Henry VI, the second part",NA,NA,William Shakespeare,contents,directions,ACT IV,SCENE VII. London. Smithfield,NA,NA,"O monstrous coward! What, to come behind folks?"
1501,"King Henry VI, the second part","King Henry VI, the second part",NA,NA,William Shakespeare,contents,directions,ACT IV,SCENE VII. London. Smithfield,NA,NA,SAYE.
1501,"King Henry VI, the second part","King Henry VI, the second part",NA,NA,William Shakespeare,contents,directions,ACT IV,SCENE VII. London. Smithfield,NA,NA,These cheeks are pale for watching for your good.
1501,"King Henry VI, the second part","King Henry VI, the second part",NA,NA,William Shakespeare,contents,directions,ACT IV,SCENE VII. London. Smithfield,NA,NA,CADE.
1501,"King Henry VI, the second part","King Henry VI, the second part",NA,NA,William Shakespeare,contents,directions,ACT IV,SCENE VII. London. Smithfield,NA,NA,"Give him a box o’ th’ ear, and that will make ’em red again."
1501,"King Henry VI, the second part","King Henry VI, the second part",NA,NA,William Shakespeare,contents,directions,ACT IV,SCENE VII. London. Smithfield,NA,NA,SAYE.
1501,"King Henry VI, the second part","King Henry VI, the second part",NA,NA,William Shakespeare,contents,directions,ACT IV,SCENE VII. London. Smithfield,NA,NA,Long sitting to determine poor men’s causes
1501,"King Henry VI, the second part","King Henry VI, the second part",NA,NA,William Shakespeare,contents,directions,ACT IV,SCENE VII. London. Smithfield,NA,NA,Hath made me full of sickness and diseases.
1501,"King Henry VI, the second part","King Henry VI, the second part",NA,NA,William Shakespeare,contents,directions,ACT IV,SCENE VII. London. Smithfield,NA,NA,CADE.
1501,"King Henry VI, the second part","King Henry VI, the second part",NA,NA,William Shakespeare,contents,directions,ACT IV,SCENE VII. London. Smithfield,NA,NA,"Ye shall have a hempen caudle then, and the help of hatchet."
1501,"King Henry VI, the second part","King Henry VI, the second part",NA,NA,William Shakespeare,contents,directions,ACT IV,SCENE VII. London. Smithfield,NA,NA,DICK.
1501,"King Henry VI, the second part","King Henry VI, the second part",NA,NA,William Shakespeare,contents,directions,ACT IV,SCENE VII. London. Smithfield,NA,NA,"Why dost thou quiver, man?"
1501,"King Henry VI, the second part","King Henry VI, the second part",NA,NA,William Shakespeare,contents,directions,ACT IV,SCENE VII. London. Smithfield,NA,NA,SAYE.
1501,"King Henry VI, the second part","King Henry VI, the second part",NA,NA,William Shakespeare,contents,directions,ACT IV,SCENE VII. London. Smithfield,NA,NA,"The palsy, and not fear, provokes me."
1501,"King Henry VI, the second part","King Henry VI, the second part",NA,NA,William Shakespeare,contents,directions,ACT IV,SCENE VII. London. Smithfield,NA,NA,CADE.
1501,"King Henry VI, the second part","King Henry VI, the second part",NA,NA,William Shakespeare,contents,directions,ACT IV,SCENE VII. London. Smithfield,NA,NA,"Nay, he nods at us, as who should say, “I’ll be even with you.” I’ll"
1501,"King Henry VI, the second part","King Henry VI, the second part",NA,NA,William Shakespeare,contents,directions,ACT IV,SCENE VII. London. Smithfield,NA,NA,"see if his head will stand steadier on a pole or no. Take him away, and"
1501,"King Henry VI, the second part","King Henry VI, the second part",NA,NA,William Shakespeare,contents,directions,ACT IV,SCENE VII. London. Smithfield,NA,NA,behead him.
1501,"King Henry VI, the second part","King Henry VI, the second part",NA,NA,William Shakespeare,contents,directions,ACT IV,SCENE VII. London. Smithfield,NA,NA,SAYE.
1501,"King Henry VI, the second part","King Henry VI, the second part",NA,NA,William Shakespeare,contents,directions,ACT IV,SCENE VII. London. Smithfield,NA,NA,"Tell me, wherein have I offended most?"
1501,"King Henry VI, the second part","King Henry VI, the second part",NA,NA,William Shakespeare,contents,directions,ACT IV,SCENE VII. London. Smithfield,NA,NA,Have I affected wealth or honour? Speak.
1501,"King Henry VI, the second part","King Henry VI, the second part",NA,NA,William Shakespeare,contents,directions,ACT IV,SCENE VII. London. Smithfield,NA,NA,Are my chests filled up with extorted gold?
1501,"King Henry VI, the second part","King Henry VI, the second part",NA,NA,William Shakespeare,contents,directions,ACT IV,SCENE VII. London. Smithfield,NA,NA,Is my apparel sumptuous to behold?
1501,"King Henry VI, the second part","King Henry VI, the second part",NA,NA,William Shakespeare,contents,directions,ACT IV,SCENE VII. London. Smithfield,NA,NA,"Whom have I injured, that ye seek my death?"
1501,"King Henry VI, the second part","King Henry VI, the second part",NA,NA,William Shakespeare,contents,directions,ACT IV,SCENE VII. London. Smithfield,NA,NA,"These hands are free from guiltless bloodshedding,"
1501,"King Henry VI, the second part","King Henry VI, the second part",NA,NA,William Shakespeare,contents,directions,ACT IV,SCENE VII. London. Smithfield,NA,NA,This breast from harbouring foul deceitful thoughts.
1501,"King Henry VI, the second part","King Henry VI, the second part",NA,NA,William Shakespeare,contents,directions,ACT IV,SCENE VII. London. Smithfield,NA,NA,"O, let me live!"
1501,"King Henry VI, the second part","King Henry VI, the second part",NA,NA,William Shakespeare,contents,directions,ACT IV,SCENE VII. London. Smithfield,NA,NA,CADE.
1501,"King Henry VI, the second part","King Henry VI, the second part",NA,NA,William Shakespeare,contents,directions,ACT IV,SCENE VII. London. Smithfield,NA,NA,"[Aside.] I feel remorse in myself with his words, but I’ll bridle it."
1501,"King Henry VI, the second part","King Henry VI, the second part",NA,NA,William Shakespeare,contents,directions,ACT IV,SCENE VII. London. Smithfield,NA,NA,"He shall die, an it be but for pleading so well for his life. Away with"
1501,"King Henry VI, the second part","King Henry VI, the second part",NA,NA,William Shakespeare,contents,directions,ACT IV,SCENE VII. London. Smithfield,NA,NA,him! He has a familiar under his tongue; he speaks not i’ God’s name.
1501,"King Henry VI, the second part","King Henry VI, the second part",NA,NA,William Shakespeare,contents,directions,ACT IV,SCENE VII. London. Smithfield,NA,NA,"Go, take him away, I say, and strike off his head presently; and then"
1501,"King Henry VI, the second part","King Henry VI, the second part",NA,NA,William Shakespeare,contents,directions,ACT IV,SCENE VII. London. Smithfield,NA,NA,"break into his son-in-law’s house, Sir James Cromer, and strike off his"
1501,"King Henry VI, the second part","King Henry VI, the second part",NA,NA,William Shakespeare,contents,directions,ACT IV,SCENE VII. London. Smithfield,NA,NA,"head, and bring them both upon two poles hither."
1501,"King Henry VI, the second part","King Henry VI, the second part",NA,NA,William Shakespeare,contents,directions,ACT IV,SCENE VII. London. Smithfield,NA,NA,ALL.
1501,"King Henry VI, the second part","King Henry VI, the second part",NA,NA,William Shakespeare,contents,directions,ACT IV,SCENE VII. London. Smithfield,NA,NA,It shall be done.
1501,"King Henry VI, the second part","King Henry VI, the second part",NA,NA,William Shakespeare,contents,directions,ACT IV,SCENE VII. London. Smithfield,NA,NA,SAYE.
1501,"King Henry VI, the second part","King Henry VI, the second part",NA,NA,William Shakespeare,contents,directions,ACT IV,SCENE VII. London. Smithfield,NA,NA,"Ah, countrymen, if when you make your prayers,"
1501,"King Henry VI, the second part","King Henry VI, the second part",NA,NA,William Shakespeare,contents,directions,ACT IV,SCENE VII. London. Smithfield,NA,NA,"God should be so obdurate as yourselves,"
1501,"King Henry VI, the second part","King Henry VI, the second part",NA,NA,William Shakespeare,contents,directions,ACT IV,SCENE VII. London. Smithfield,NA,NA,How would it fare with your departed souls?
1501,"King Henry VI, the second part","King Henry VI, the second part",NA,NA,William Shakespeare,contents,directions,ACT IV,SCENE VII. London. Smithfield,NA,NA,"And therefore yet relent, and save my life."
1501,"King Henry VI, the second part","King Henry VI, the second part",NA,NA,William Shakespeare,contents,directions,ACT IV,SCENE VII. London. Smithfield,NA,NA,CADE.
1501,"King Henry VI, the second part","King Henry VI, the second part",NA,NA,William Shakespeare,contents,directions,ACT IV,SCENE VII. London. Smithfield,NA,NA,Away with him! And do as I command ye.
1501,"King Henry VI, the second part","King Henry VI, the second part",NA,NA,William Shakespeare,contents,directions,ACT IV,SCENE VII. London. Smithfield,NA,NA,[Exeunt some with Lord Saye.]
1501,"King Henry VI, the second part","King Henry VI, the second part",NA,NA,William Shakespeare,contents,directions,ACT IV,SCENE VII. London. Smithfield,NA,NA,The proudest peer in the realm shall not wear a head on his shoulders
1501,"King Henry VI, the second part","King Henry VI, the second part",NA,NA,William Shakespeare,contents,directions,ACT IV,SCENE VII. London. Smithfield,NA,NA,unless he pay me tribute; there shall not a maid be married but she
1501,"King Henry VI, the second part","King Henry VI, the second part",NA,NA,William Shakespeare,contents,directions,ACT IV,SCENE VII. London. Smithfield,NA,NA,shall pay to me her maidenhead ere they have it. Men shall hold of me
1501,"King Henry VI, the second part","King Henry VI, the second part",NA,NA,William Shakespeare,contents,directions,ACT IV,SCENE VII. London. Smithfield,NA,NA,in capite; and we charge and command that their wives be as free as
1501,"King Henry VI, the second part","King Henry VI, the second part",NA,NA,William Shakespeare,contents,directions,ACT IV,SCENE VII. London. Smithfield,NA,NA,heart can wish or tongue can tell.
1501,"King Henry VI, the second part","King Henry VI, the second part",NA,NA,William Shakespeare,contents,directions,ACT IV,SCENE VII. London. Smithfield,NA,NA,DICK.
1501,"King Henry VI, the second part","King Henry VI, the second part",NA,NA,William Shakespeare,contents,directions,ACT IV,SCENE VII. London. Smithfield,NA,NA,"My lord, when shall we go to Cheapside and take up commodities upon our"
1501,"King Henry VI, the second part","King Henry VI, the second part",NA,NA,William Shakespeare,contents,directions,ACT IV,SCENE VII. London. Smithfield,NA,NA,bills?
1501,"King Henry VI, the second part","King Henry VI, the second part",NA,NA,William Shakespeare,contents,directions,ACT IV,SCENE VII. London. Smithfield,NA,NA,CADE.
1501,"King Henry VI, the second part","King Henry VI, the second part",NA,NA,William Shakespeare,contents,directions,ACT IV,SCENE VII. London. Smithfield,NA,NA,"Marry, presently."
1501,"King Henry VI, the second part","King Henry VI, the second part",NA,NA,William Shakespeare,contents,directions,ACT IV,SCENE VII. London. Smithfield,NA,NA,ALL.
1501,"King Henry VI, the second part","King Henry VI, the second part",NA,NA,William Shakespeare,contents,directions,ACT IV,SCENE VII. London. Smithfield,NA,NA,"O, brave!"
1501,"King Henry VI, the second part","King Henry VI, the second part",NA,NA,William Shakespeare,contents,directions,ACT IV,SCENE VII. London. Smithfield,NA,NA,Enter one with the heads.
1501,"King Henry VI, the second part","King Henry VI, the second part",NA,NA,William Shakespeare,contents,directions,ACT IV,SCENE VII. London. Smithfield,NA,NA,CADE.
1501,"King Henry VI, the second part","King Henry VI, the second part",NA,NA,William Shakespeare,contents,directions,ACT IV,SCENE VII. London. Smithfield,NA,NA,"But is not this braver? Let them kiss one another, for they loved well"
1501,"King Henry VI, the second part","King Henry VI, the second part",NA,NA,William Shakespeare,contents,directions,ACT IV,SCENE VII. London. Smithfield,NA,NA,"when they were alive. Now part them again, lest they consult about the"
1501,"King Henry VI, the second part","King Henry VI, the second part",NA,NA,William Shakespeare,contents,directions,ACT IV,SCENE VII. London. Smithfield,NA,NA,"giving up of some more towns in France. Soldiers, defer the spoil of"
1501,"King Henry VI, the second part","King Henry VI, the second part",NA,NA,William Shakespeare,contents,directions,ACT IV,SCENE VII. London. Smithfield,NA,NA,the city until night; for with these borne before us instead of maces
1501,"King Henry VI, the second part","King Henry VI, the second part",NA,NA,William Shakespeare,contents,directions,ACT IV,SCENE VII. London. Smithfield,NA,NA,"will we ride through the streets, and at every corner have them kiss."
1501,"King Henry VI, the second part","King Henry VI, the second part",NA,NA,William Shakespeare,contents,directions,ACT IV,SCENE VII. London. Smithfield,NA,NA,Away!
1501,"King Henry VI, the second part","King Henry VI, the second part",NA,NA,William Shakespeare,contents,directions,ACT IV,SCENE VII. London. Smithfield,NA,NA,[Exeunt.]
1501,"King Henry VI, the second part","King Henry VI, the second part",NA,NA,William Shakespeare,contents,reference,ACT IV,SCENE VIII. Southwark,NA,NA,SCENE VIII. Southwark
1501,"King Henry VI, the second part","King Henry VI, the second part",NA,NA,William Shakespeare,contents,directions,ACT IV,SCENE VIII. Southwark,NA,NA,Alarum and retreat. Enter Cade and all his rabblement.
1501,"King Henry VI, the second part","King Henry VI, the second part",NA,NA,William Shakespeare,contents,directions,ACT IV,SCENE VIII. Southwark,NA,NA,CADE.
1501,"King Henry VI, the second part","King Henry VI, the second part",NA,NA,William Shakespeare,contents,directions,ACT IV,SCENE VIII. Southwark,NA,NA,Up Fish Street! Down Saint Magnus’ Corner! Kill and knock down! Throw
1501,"King Henry VI, the second part","King Henry VI, the second part",NA,NA,William Shakespeare,contents,directions,ACT IV,SCENE VIII. Southwark,NA,NA,them into Thames! [Sound a parley.] What noise is this I hear? Dare
1501,"King Henry VI, the second part","King Henry VI, the second part",NA,NA,William Shakespeare,contents,directions,ACT IV,SCENE VIII. Southwark,NA,NA,any be so bold to sound retreat or parley when I command them kill?
1501,"King Henry VI, the second part","King Henry VI, the second part",NA,NA,William Shakespeare,contents,directions,ACT IV,SCENE VIII. Southwark,NA,NA,Enter Buckingham and old Clifford attended.
1501,"King Henry VI, the second part","King Henry VI, the second part",NA,NA,William Shakespeare,contents,directions,ACT IV,SCENE VIII. Southwark,NA,NA,BUCKINGHAM.
1501,"King Henry VI, the second part","King Henry VI, the second part",NA,NA,William Shakespeare,contents,directions,ACT IV,SCENE VIII. Southwark,NA,NA,"Ay, here they be that dare and will disturb thee."
1501,"King Henry VI, the second part","King Henry VI, the second part",NA,NA,William Shakespeare,contents,directions,ACT IV,SCENE VIII. Southwark,NA,NA,"Know, Cade, we come ambassadors from the King"
1501,"King Henry VI, the second part","King Henry VI, the second part",NA,NA,William Shakespeare,contents,directions,ACT IV,SCENE VIII. Southwark,NA,NA,"Unto the commons, whom thou hast misled,"
1501,"King Henry VI, the second part","King Henry VI, the second part",NA,NA,William Shakespeare,contents,directions,ACT IV,SCENE VIII. Southwark,NA,NA,And here pronounce free pardon to them all
1501,"King Henry VI, the second part","King Henry VI, the second part",NA,NA,William Shakespeare,contents,directions,ACT IV,SCENE VIII. Southwark,NA,NA,That will forsake thee and go home in peace.
1501,"King Henry VI, the second part","King Henry VI, the second part",NA,NA,William Shakespeare,contents,directions,ACT IV,SCENE VIII. Southwark,NA,NA,CLIFFORD.
1501,"King Henry VI, the second part","King Henry VI, the second part",NA,NA,William Shakespeare,contents,directions,ACT IV,SCENE VIII. Southwark,NA,NA,"What say ye, countrymen? Will ye relent"
1501,"King Henry VI, the second part","King Henry VI, the second part",NA,NA,William Shakespeare,contents,directions,ACT IV,SCENE VIII. Southwark,NA,NA,"And yield to mercy whilst ’tis offered you,"
1501,"King Henry VI, the second part","King Henry VI, the second part",NA,NA,William Shakespeare,contents,directions,ACT IV,SCENE VIII. Southwark,NA,NA,Or let a rebel lead you to your deaths?
1501,"King Henry VI, the second part","King Henry VI, the second part",NA,NA,William Shakespeare,contents,directions,ACT IV,SCENE VIII. Southwark,NA,NA,"Who loves the King and will embrace his pardon,"
1501,"King Henry VI, the second part","King Henry VI, the second part",NA,NA,William Shakespeare,contents,directions,ACT IV,SCENE VIII. Southwark,NA,NA,"Fling up his cap, and say “God save his Majesty!”"
1501,"King Henry VI, the second part","King Henry VI, the second part",NA,NA,William Shakespeare,contents,directions,ACT IV,SCENE VIII. Southwark,NA,NA,"Who hateth him and honours not his father,"
1501,"King Henry VI, the second part","King Henry VI, the second part",NA,NA,William Shakespeare,contents,directions,ACT IV,SCENE VIII. Southwark,NA,NA,"Henry the Fifth, that made all France to quake,"
1501,"King Henry VI, the second part","King Henry VI, the second part",NA,NA,William Shakespeare,contents,directions,ACT IV,SCENE VIII. Southwark,NA,NA,Shake he his weapon at us and pass by.
1501,"King Henry VI, the second part","King Henry VI, the second part",NA,NA,William Shakespeare,contents,directions,ACT IV,SCENE VIII. Southwark,NA,NA,ALL.
1501,"King Henry VI, the second part","King Henry VI, the second part",NA,NA,William Shakespeare,contents,directions,ACT IV,SCENE VIII. Southwark,NA,NA,God save the King! God save the King!
1501,"King Henry VI, the second part","King Henry VI, the second part",NA,NA,William Shakespeare,contents,directions,ACT IV,SCENE VIII. Southwark,NA,NA,CADE.
1501,"King Henry VI, the second part","King Henry VI, the second part",NA,NA,William Shakespeare,contents,directions,ACT IV,SCENE VIII. Southwark,NA,NA,"What, Buckingham and Clifford, are ye so brave? And you, base peasants,"
1501,"King Henry VI, the second part","King Henry VI, the second part",NA,NA,William Shakespeare,contents,directions,ACT IV,SCENE VIII. Southwark,NA,NA,do ye believe him? Will you needs be hanged with your pardons about
1501,"King Henry VI, the second part","King Henry VI, the second part",NA,NA,William Shakespeare,contents,directions,ACT IV,SCENE VIII. Southwark,NA,NA,"your necks? Hath my sword therefore broke through London gates, that"
1501,"King Henry VI, the second part","King Henry VI, the second part",NA,NA,William Shakespeare,contents,directions,ACT IV,SCENE VIII. Southwark,NA,NA,you should leave me at the White Hart in Southwark? I thought ye would
1501,"King Henry VI, the second part","King Henry VI, the second part",NA,NA,William Shakespeare,contents,directions,ACT IV,SCENE VIII. Southwark,NA,NA,never have given out these arms till you had recovered your ancient
1501,"King Henry VI, the second part","King Henry VI, the second part",NA,NA,William Shakespeare,contents,directions,ACT IV,SCENE VIII. Southwark,NA,NA,"freedom; but you are all recreants and dastards, and delight to live in"
1501,"King Henry VI, the second part","King Henry VI, the second part",NA,NA,William Shakespeare,contents,directions,ACT IV,SCENE VIII. Southwark,NA,NA,"slavery to the nobility. Let them break your backs with burdens, take"
1501,"King Henry VI, the second part","King Henry VI, the second part",NA,NA,William Shakespeare,contents,directions,ACT IV,SCENE VIII. Southwark,NA,NA,"your houses over your heads, ravish your wives and daughters before"
1501,"King Henry VI, the second part","King Henry VI, the second part",NA,NA,William Shakespeare,contents,directions,ACT IV,SCENE VIII. Southwark,NA,NA,"your faces. For me, I will make shift for one, and so God’s curse light"
1501,"King Henry VI, the second part","King Henry VI, the second part",NA,NA,William Shakespeare,contents,directions,ACT IV,SCENE VIII. Southwark,NA,NA,upon you all!
1501,"King Henry VI, the second part","King Henry VI, the second part",NA,NA,William Shakespeare,contents,directions,ACT IV,SCENE VIII. Southwark,NA,NA,ALL.
1501,"King Henry VI, the second part","King Henry VI, the second part",NA,NA,William Shakespeare,contents,directions,ACT IV,SCENE VIII. Southwark,NA,NA,We’ll follow Cade! We’ll follow Cade!
1501,"King Henry VI, the second part","King Henry VI, the second part",NA,NA,William Shakespeare,contents,directions,ACT IV,SCENE VIII. Southwark,NA,NA,CLIFFORD.
1501,"King Henry VI, the second part","King Henry VI, the second part",NA,NA,William Shakespeare,contents,directions,ACT IV,SCENE VIII. Southwark,NA,NA,"Is Cade the son of Henry the Fifth,"
1501,"King Henry VI, the second part","King Henry VI, the second part",NA,NA,William Shakespeare,contents,directions,ACT IV,SCENE VIII. Southwark,NA,NA,That thus you do exclaim you’ll go with him?
1501,"King Henry VI, the second part","King Henry VI, the second part",NA,NA,William Shakespeare,contents,directions,ACT IV,SCENE VIII. Southwark,NA,NA,Will he conduct you through the heart of France
1501,"King Henry VI, the second part","King Henry VI, the second part",NA,NA,William Shakespeare,contents,directions,ACT IV,SCENE VIII. Southwark,NA,NA,And make the meanest of you earls and dukes?
1501,"King Henry VI, the second part","King Henry VI, the second part",NA,NA,William Shakespeare,contents,directions,ACT IV,SCENE VIII. Southwark,NA,NA,"Alas, he hath no home, no place to fly to,"
1501,"King Henry VI, the second part","King Henry VI, the second part",NA,NA,William Shakespeare,contents,directions,ACT IV,SCENE VIII. Southwark,NA,NA,"Nor knows he how to live but by the spoil,"
1501,"King Henry VI, the second part","King Henry VI, the second part",NA,NA,William Shakespeare,contents,directions,ACT IV,SCENE VIII. Southwark,NA,NA,Unless by robbing of your friends and us.
1501,"King Henry VI, the second part","King Henry VI, the second part",NA,NA,William Shakespeare,contents,directions,ACT IV,SCENE VIII. Southwark,NA,NA,Were ’t not a shame that whilst you live at jar
1501,"King Henry VI, the second part","King Henry VI, the second part",NA,NA,William Shakespeare,contents,directions,ACT IV,SCENE VIII. Southwark,NA,NA,"The fearful French, whom you late vanquished,"
1501,"King Henry VI, the second part","King Henry VI, the second part",NA,NA,William Shakespeare,contents,directions,ACT IV,SCENE VIII. Southwark,NA,NA,Should make a start o’er seas and vanquish you?
1501,"King Henry VI, the second part","King Henry VI, the second part",NA,NA,William Shakespeare,contents,directions,ACT IV,SCENE VIII. Southwark,NA,NA,Methinks already in this civil broil
1501,"King Henry VI, the second part","King Henry VI, the second part",NA,NA,William Shakespeare,contents,directions,ACT IV,SCENE VIII. Southwark,NA,NA,"I see them lording it in London streets,"
1501,"King Henry VI, the second part","King Henry VI, the second part",NA,NA,William Shakespeare,contents,directions,ACT IV,SCENE VIII. Southwark,NA,NA,Crying “Villiago!” unto all they meet.
1501,"King Henry VI, the second part","King Henry VI, the second part",NA,NA,William Shakespeare,contents,directions,ACT IV,SCENE VIII. Southwark,NA,NA,Better ten thousand base-born Cades miscarry
1501,"King Henry VI, the second part","King Henry VI, the second part",NA,NA,William Shakespeare,contents,directions,ACT IV,SCENE VIII. Southwark,NA,NA,Than you should stoop unto a Frenchman’s mercy.
1501,"King Henry VI, the second part","King Henry VI, the second part",NA,NA,William Shakespeare,contents,directions,ACT IV,SCENE VIII. Southwark,NA,NA,"To France, to France, and get what you have lost!"
1501,"King Henry VI, the second part","King Henry VI, the second part",NA,NA,William Shakespeare,contents,directions,ACT IV,SCENE VIII. Southwark,NA,NA,"Spare England, for it is your native coast."
1501,"King Henry VI, the second part","King Henry VI, the second part",NA,NA,William Shakespeare,contents,directions,ACT IV,SCENE VIII. Southwark,NA,NA,"Henry hath money, you are strong and manly;"
1501,"King Henry VI, the second part","King Henry VI, the second part",NA,NA,William Shakespeare,contents,directions,ACT IV,SCENE VIII. Southwark,NA,NA,"God on our side, doubt not of victory."
1501,"King Henry VI, the second part","King Henry VI, the second part",NA,NA,William Shakespeare,contents,directions,ACT IV,SCENE VIII. Southwark,NA,NA,ALL.
1501,"King Henry VI, the second part","King Henry VI, the second part",NA,NA,William Shakespeare,contents,directions,ACT IV,SCENE VIII. Southwark,NA,NA,A Clifford! A Clifford! We’ll follow the King and Clifford.
1501,"King Henry VI, the second part","King Henry VI, the second part",NA,NA,William Shakespeare,contents,directions,ACT IV,SCENE VIII. Southwark,NA,NA,CADE.
1501,"King Henry VI, the second part","King Henry VI, the second part",NA,NA,William Shakespeare,contents,directions,ACT IV,SCENE VIII. Southwark,NA,NA,Was ever feather so lightly blown to and fro as this multitude? The
1501,"King Henry VI, the second part","King Henry VI, the second part",NA,NA,William Shakespeare,contents,directions,ACT IV,SCENE VIII. Southwark,NA,NA,name of Henry the Fifth hales them to an hundred mischiefs and makes
1501,"King Henry VI, the second part","King Henry VI, the second part",NA,NA,William Shakespeare,contents,directions,ACT IV,SCENE VIII. Southwark,NA,NA,them leave me desolate. I see them lay their heads together to surprise
1501,"King Henry VI, the second part","King Henry VI, the second part",NA,NA,William Shakespeare,contents,directions,ACT IV,SCENE VIII. Southwark,NA,NA,"me. My sword make way for me, for here is no staying.—In despite of the"
1501,"King Henry VI, the second part","King Henry VI, the second part",NA,NA,William Shakespeare,contents,directions,ACT IV,SCENE VIII. Southwark,NA,NA,"devils and hell, have through the very middest of you! And heavens and"
1501,"King Henry VI, the second part","King Henry VI, the second part",NA,NA,William Shakespeare,contents,directions,ACT IV,SCENE VIII. Southwark,NA,NA,"honour be witness that no want of resolution in me, but only my"
1501,"King Henry VI, the second part","King Henry VI, the second part",NA,NA,William Shakespeare,contents,directions,ACT IV,SCENE VIII. Southwark,NA,NA,"followers’ base and ignominious treasons, makes me betake me to my"
1501,"King Henry VI, the second part","King Henry VI, the second part",NA,NA,William Shakespeare,contents,directions,ACT IV,SCENE VIII. Southwark,NA,NA,heels.
1501,"King Henry VI, the second part","King Henry VI, the second part",NA,NA,William Shakespeare,contents,directions,ACT IV,SCENE VIII. Southwark,NA,NA,[Exit.]
1501,"King Henry VI, the second part","King Henry VI, the second part",NA,NA,William Shakespeare,contents,directions,ACT IV,SCENE VIII. Southwark,NA,NA,BUCKINGHAM.
1501,"King Henry VI, the second part","King Henry VI, the second part",NA,NA,William Shakespeare,contents,directions,ACT IV,SCENE VIII. Southwark,NA,NA,"What, is he fled? Go some, and follow him;"
1501,"King Henry VI, the second part","King Henry VI, the second part",NA,NA,William Shakespeare,contents,directions,ACT IV,SCENE VIII. Southwark,NA,NA,And he that brings his head unto the King
1501,"King Henry VI, the second part","King Henry VI, the second part",NA,NA,William Shakespeare,contents,directions,ACT IV,SCENE VIII. Southwark,NA,NA,Shall have a thousand crowns for his reward.
1501,"King Henry VI, the second part","King Henry VI, the second part",NA,NA,William Shakespeare,contents,directions,ACT IV,SCENE VIII. Southwark,NA,NA,[Exeunt some of them.]
1501,"King Henry VI, the second part","King Henry VI, the second part",NA,NA,William Shakespeare,contents,directions,ACT IV,SCENE VIII. Southwark,NA,NA,"Follow me, soldiers; we’ll devise a mean"
1501,"King Henry VI, the second part","King Henry VI, the second part",NA,NA,William Shakespeare,contents,directions,ACT IV,SCENE VIII. Southwark,NA,NA,To reconcile you all unto the King.
1501,"King Henry VI, the second part","King Henry VI, the second part",NA,NA,William Shakespeare,contents,directions,ACT IV,SCENE VIII. Southwark,NA,NA,[Exeunt.]
1501,"King Henry VI, the second part","King Henry VI, the second part",NA,NA,William Shakespeare,contents,reference,ACT IV,SCENE IX. Kenilworth Castle,NA,NA,SCENE IX. Kenilworth Castle
1501,"King Henry VI, the second part","King Henry VI, the second part",NA,NA,William Shakespeare,contents,directions,ACT IV,SCENE IX. Kenilworth Castle,NA,NA,"Sound trumpets. Enter King, Queen and Somerset on the terrace, aloft."
1501,"King Henry VI, the second part","King Henry VI, the second part",NA,NA,William Shakespeare,contents,directions,ACT IV,SCENE IX. Kenilworth Castle,NA,NA,KING HENRY.
1501,"King Henry VI, the second part","King Henry VI, the second part",NA,NA,William Shakespeare,contents,directions,ACT IV,SCENE IX. Kenilworth Castle,NA,NA,Was ever king that joyed an earthly throne
1501,"King Henry VI, the second part","King Henry VI, the second part",NA,NA,William Shakespeare,contents,directions,ACT IV,SCENE IX. Kenilworth Castle,NA,NA,And could command no more content than I?
1501,"King Henry VI, the second part","King Henry VI, the second part",NA,NA,William Shakespeare,contents,directions,ACT IV,SCENE IX. Kenilworth Castle,NA,NA,No sooner was I crept out of my cradle
1501,"King Henry VI, the second part","King Henry VI, the second part",NA,NA,William Shakespeare,contents,directions,ACT IV,SCENE IX. Kenilworth Castle,NA,NA,But I was made a king at nine months old.
1501,"King Henry VI, the second part","King Henry VI, the second part",NA,NA,William Shakespeare,contents,directions,ACT IV,SCENE IX. Kenilworth Castle,NA,NA,Was never subject longed to be a king
1501,"King Henry VI, the second part","King Henry VI, the second part",NA,NA,William Shakespeare,contents,directions,ACT IV,SCENE IX. Kenilworth Castle,NA,NA,As I do long and wish to be a subject.
1501,"King Henry VI, the second part","King Henry VI, the second part",NA,NA,William Shakespeare,contents,directions,ACT IV,SCENE IX. Kenilworth Castle,NA,NA,Enter Buckingham and old Clifford.
1501,"King Henry VI, the second part","King Henry VI, the second part",NA,NA,William Shakespeare,contents,directions,ACT IV,SCENE IX. Kenilworth Castle,NA,NA,BUCKINGHAM.
1501,"King Henry VI, the second part","King Henry VI, the second part",NA,NA,William Shakespeare,contents,directions,ACT IV,SCENE IX. Kenilworth Castle,NA,NA,Health and glad tidings to your majesty!
1501,"King Henry VI, the second part","King Henry VI, the second part",NA,NA,William Shakespeare,contents,directions,ACT IV,SCENE IX. Kenilworth Castle,NA,NA,KING HENRY.
1501,"King Henry VI, the second part","King Henry VI, the second part",NA,NA,William Shakespeare,contents,directions,ACT IV,SCENE IX. Kenilworth Castle,NA,NA,"Why, Buckingham, is the traitor Cade surprised?"
1501,"King Henry VI, the second part","King Henry VI, the second part",NA,NA,William Shakespeare,contents,directions,ACT IV,SCENE IX. Kenilworth Castle,NA,NA,Or is he but retired to make him strong?
1501,"King Henry VI, the second part","King Henry VI, the second part",NA,NA,William Shakespeare,contents,directions,ACT IV,SCENE IX. Kenilworth Castle,NA,NA,Enter below multitudes with halters about their necks.
1501,"King Henry VI, the second part","King Henry VI, the second part",NA,NA,William Shakespeare,contents,directions,ACT IV,SCENE IX. Kenilworth Castle,NA,NA,CLIFFORD.
1501,"King Henry VI, the second part","King Henry VI, the second part",NA,NA,William Shakespeare,contents,directions,ACT IV,SCENE IX. Kenilworth Castle,NA,NA,"He is fled, my lord, and all his powers do yield,"
1501,"King Henry VI, the second part","King Henry VI, the second part",NA,NA,William Shakespeare,contents,directions,ACT IV,SCENE IX. Kenilworth Castle,NA,NA,"And humbly thus, with halters on their necks,"
1501,"King Henry VI, the second part","King Henry VI, the second part",NA,NA,William Shakespeare,contents,directions,ACT IV,SCENE IX. Kenilworth Castle,NA,NA,Expect your highness’ doom of life or death.
1501,"King Henry VI, the second part","King Henry VI, the second part",NA,NA,William Shakespeare,contents,directions,ACT IV,SCENE IX. Kenilworth Castle,NA,NA,KING HENRY.
1501,"King Henry VI, the second part","King Henry VI, the second part",NA,NA,William Shakespeare,contents,directions,ACT IV,SCENE IX. Kenilworth Castle,NA,NA,"Then, heaven, set ope thy everlasting gates"
1501,"King Henry VI, the second part","King Henry VI, the second part",NA,NA,William Shakespeare,contents,directions,ACT IV,SCENE IX. Kenilworth Castle,NA,NA,To entertain my vows of thanks and praise!
1501,"King Henry VI, the second part","King Henry VI, the second part",NA,NA,William Shakespeare,contents,directions,ACT IV,SCENE IX. Kenilworth Castle,NA,NA,"Soldiers, this day have you redeemed your lives"
1501,"King Henry VI, the second part","King Henry VI, the second part",NA,NA,William Shakespeare,contents,directions,ACT IV,SCENE IX. Kenilworth Castle,NA,NA,And showed how well you love your prince and country.
1501,"King Henry VI, the second part","King Henry VI, the second part",NA,NA,William Shakespeare,contents,directions,ACT IV,SCENE IX. Kenilworth Castle,NA,NA,"Continue still in this so good a mind,"
1501,"King Henry VI, the second part","King Henry VI, the second part",NA,NA,William Shakespeare,contents,directions,ACT IV,SCENE IX. Kenilworth Castle,NA,NA,"And Henry, though he be infortunate,"
1501,"King Henry VI, the second part","King Henry VI, the second part",NA,NA,William Shakespeare,contents,directions,ACT IV,SCENE IX. Kenilworth Castle,NA,NA,"Assure yourselves, will never be unkind."
1501,"King Henry VI, the second part","King Henry VI, the second part",NA,NA,William Shakespeare,contents,directions,ACT IV,SCENE IX. Kenilworth Castle,NA,NA,"And so, with thanks and pardon to you all,"
1501,"King Henry VI, the second part","King Henry VI, the second part",NA,NA,William Shakespeare,contents,directions,ACT IV,SCENE IX. Kenilworth Castle,NA,NA,I do dismiss you to your several countries.
1501,"King Henry VI, the second part","King Henry VI, the second part",NA,NA,William Shakespeare,contents,directions,ACT IV,SCENE IX. Kenilworth Castle,NA,NA,ALL.
1501,"King Henry VI, the second part","King Henry VI, the second part",NA,NA,William Shakespeare,contents,directions,ACT IV,SCENE IX. Kenilworth Castle,NA,NA,God save the King! God save the King!
1501,"King Henry VI, the second part","King Henry VI, the second part",NA,NA,William Shakespeare,contents,directions,ACT IV,SCENE IX. Kenilworth Castle,NA,NA,Enter a Messenger.
1501,"King Henry VI, the second part","King Henry VI, the second part",NA,NA,William Shakespeare,contents,directions,ACT IV,SCENE IX. Kenilworth Castle,NA,NA,MESSENGER.
1501,"King Henry VI, the second part","King Henry VI, the second part",NA,NA,William Shakespeare,contents,directions,ACT IV,SCENE IX. Kenilworth Castle,NA,NA,Please it your grace to be advertised
1501,"King Henry VI, the second part","King Henry VI, the second part",NA,NA,William Shakespeare,contents,directions,ACT IV,SCENE IX. Kenilworth Castle,NA,NA,"The Duke of York is newly come from Ireland,"
1501,"King Henry VI, the second part","King Henry VI, the second part",NA,NA,William Shakespeare,contents,directions,ACT IV,SCENE IX. Kenilworth Castle,NA,NA,And with a puissant and a mighty power
1501,"King Henry VI, the second part","King Henry VI, the second part",NA,NA,William Shakespeare,contents,directions,ACT IV,SCENE IX. Kenilworth Castle,NA,NA,Of gallowglasses and stout kerns
1501,"King Henry VI, the second part","King Henry VI, the second part",NA,NA,William Shakespeare,contents,directions,ACT IV,SCENE IX. Kenilworth Castle,NA,NA,"Is marching hitherward in proud array,"
1501,"King Henry VI, the second part","King Henry VI, the second part",NA,NA,William Shakespeare,contents,directions,ACT IV,SCENE IX. Kenilworth Castle,NA,NA,"And still proclaimeth, as he comes along,"
1501,"King Henry VI, the second part","King Henry VI, the second part",NA,NA,William Shakespeare,contents,directions,ACT IV,SCENE IX. Kenilworth Castle,NA,NA,His arms are only to remove from thee
1501,"King Henry VI, the second part","King Henry VI, the second part",NA,NA,William Shakespeare,contents,directions,ACT IV,SCENE IX. Kenilworth Castle,NA,NA,"The Duke of Somerset, whom he terms a traitor."
1501,"King Henry VI, the second part","King Henry VI, the second part",NA,NA,William Shakespeare,contents,directions,ACT IV,SCENE IX. Kenilworth Castle,NA,NA,KING HENRY.
1501,"King Henry VI, the second part","King Henry VI, the second part",NA,NA,William Shakespeare,contents,directions,ACT IV,SCENE IX. Kenilworth Castle,NA,NA,"Thus stands my state, ’twixt Cade and York distressed,"
1501,"King Henry VI, the second part","King Henry VI, the second part",NA,NA,William Shakespeare,contents,directions,ACT IV,SCENE IX. Kenilworth Castle,NA,NA,"Like to a ship that, having scaped a tempest,"
1501,"King Henry VI, the second part","King Henry VI, the second part",NA,NA,William Shakespeare,contents,directions,ACT IV,SCENE IX. Kenilworth Castle,NA,NA,Is straightway calmed and boarded with a pirate.
1501,"King Henry VI, the second part","King Henry VI, the second part",NA,NA,William Shakespeare,contents,directions,ACT IV,SCENE IX. Kenilworth Castle,NA,NA,"But now is Cade driven back, his men dispersed,"
1501,"King Henry VI, the second part","King Henry VI, the second part",NA,NA,William Shakespeare,contents,directions,ACT IV,SCENE IX. Kenilworth Castle,NA,NA,And now is York in arms to second him.
1501,"King Henry VI, the second part","King Henry VI, the second part",NA,NA,William Shakespeare,contents,directions,ACT IV,SCENE IX. Kenilworth Castle,NA,NA,"I pray thee, Buckingham, go and meet him,"
1501,"King Henry VI, the second part","King Henry VI, the second part",NA,NA,William Shakespeare,contents,directions,ACT IV,SCENE IX. Kenilworth Castle,NA,NA,And ask him what’s the reason of these arms.
1501,"King Henry VI, the second part","King Henry VI, the second part",NA,NA,William Shakespeare,contents,directions,ACT IV,SCENE IX. Kenilworth Castle,NA,NA,Tell him I’ll send Duke Edmund to the Tower.—
1501,"King Henry VI, the second part","King Henry VI, the second part",NA,NA,William Shakespeare,contents,directions,ACT IV,SCENE IX. Kenilworth Castle,NA,NA,"And, Somerset, we will commit thee thither,"
1501,"King Henry VI, the second part","King Henry VI, the second part",NA,NA,William Shakespeare,contents,directions,ACT IV,SCENE IX. Kenilworth Castle,NA,NA,Until his army be dismissed from him.
1501,"King Henry VI, the second part","King Henry VI, the second part",NA,NA,William Shakespeare,contents,directions,ACT IV,SCENE IX. Kenilworth Castle,NA,NA,SOMERSET.
1501,"King Henry VI, the second part","King Henry VI, the second part",NA,NA,William Shakespeare,contents,directions,ACT IV,SCENE IX. Kenilworth Castle,NA,NA,"My lord, I’ll yield myself to prison willingly,"
1501,"King Henry VI, the second part","King Henry VI, the second part",NA,NA,William Shakespeare,contents,directions,ACT IV,SCENE IX. Kenilworth Castle,NA,NA,"Or unto death, to do my country good."
1501,"King Henry VI, the second part","King Henry VI, the second part",NA,NA,William Shakespeare,contents,directions,ACT IV,SCENE IX. Kenilworth Castle,NA,NA,KING HENRY.
1501,"King Henry VI, the second part","King Henry VI, the second part",NA,NA,William Shakespeare,contents,directions,ACT IV,SCENE IX. Kenilworth Castle,NA,NA,"In any case, be not too rough in terms,"
1501,"King Henry VI, the second part","King Henry VI, the second part",NA,NA,William Shakespeare,contents,directions,ACT IV,SCENE IX. Kenilworth Castle,NA,NA,For he is fierce and cannot brook hard language.
1501,"King Henry VI, the second part","King Henry VI, the second part",NA,NA,William Shakespeare,contents,directions,ACT IV,SCENE IX. Kenilworth Castle,NA,NA,BUCKINGHAM.
1501,"King Henry VI, the second part","King Henry VI, the second part",NA,NA,William Shakespeare,contents,directions,ACT IV,SCENE IX. Kenilworth Castle,NA,NA,"I will, my lord, and doubt not so to deal"
1501,"King Henry VI, the second part","King Henry VI, the second part",NA,NA,William Shakespeare,contents,directions,ACT IV,SCENE IX. Kenilworth Castle,NA,NA,As all things shall redound unto your good.
1501,"King Henry VI, the second part","King Henry VI, the second part",NA,NA,William Shakespeare,contents,directions,ACT IV,SCENE IX. Kenilworth Castle,NA,NA,KING HENRY.
1501,"King Henry VI, the second part","King Henry VI, the second part",NA,NA,William Shakespeare,contents,directions,ACT IV,SCENE IX. Kenilworth Castle,NA,NA,"Come, wife, let’s in, and learn to govern better;"
1501,"King Henry VI, the second part","King Henry VI, the second part",NA,NA,William Shakespeare,contents,directions,ACT IV,SCENE IX. Kenilworth Castle,NA,NA,For yet may England curse my wretched reign.
1501,"King Henry VI, the second part","King Henry VI, the second part",NA,NA,William Shakespeare,contents,directions,ACT IV,SCENE IX. Kenilworth Castle,NA,NA,[Flourish. Exeunt.]
1501,"King Henry VI, the second part","King Henry VI, the second part",NA,NA,William Shakespeare,contents,reference,ACT IV,SCENE X. Kent. Iden’s Garden,NA,NA,SCENE X. Kent. Iden’s Garden
1501,"King Henry VI, the second part","King Henry VI, the second part",NA,NA,William Shakespeare,contents,directions,ACT IV,SCENE X. Kent. Iden’s Garden,NA,NA,Enter Cade.
1501,"King Henry VI, the second part","King Henry VI, the second part",NA,NA,William Shakespeare,contents,directions,ACT IV,SCENE X. Kent. Iden’s Garden,NA,NA,CADE.
1501,"King Henry VI, the second part","King Henry VI, the second part",NA,NA,William Shakespeare,contents,directions,ACT IV,SCENE X. Kent. Iden’s Garden,NA,NA,"Fie on ambitions! Fie on myself, that have a sword and yet am ready to"
1501,"King Henry VI, the second part","King Henry VI, the second part",NA,NA,William Shakespeare,contents,directions,ACT IV,SCENE X. Kent. Iden’s Garden,NA,NA,famish! These five days have I hid me in these woods and durst not peep
1501,"King Henry VI, the second part","King Henry VI, the second part",NA,NA,William Shakespeare,contents,directions,ACT IV,SCENE X. Kent. Iden’s Garden,NA,NA,"out, for all the country is laid for me; but now am I so hungry that if"
1501,"King Henry VI, the second part","King Henry VI, the second part",NA,NA,William Shakespeare,contents,directions,ACT IV,SCENE X. Kent. Iden’s Garden,NA,NA,"I might have a lease of my life for a thousand years, I could stay no"
1501,"King Henry VI, the second part","King Henry VI, the second part",NA,NA,William Shakespeare,contents,directions,ACT IV,SCENE X. Kent. Iden’s Garden,NA,NA,"longer. Wherefore, o’er a brick wall have I climbed into this garden,"
1501,"King Henry VI, the second part","King Henry VI, the second part",NA,NA,William Shakespeare,contents,directions,ACT IV,SCENE X. Kent. Iden’s Garden,NA,NA,"to see if I can eat grass, or pick a sallet another while, which is not"
1501,"King Henry VI, the second part","King Henry VI, the second part",NA,NA,William Shakespeare,contents,directions,ACT IV,SCENE X. Kent. Iden’s Garden,NA,NA,amiss to cool a man’s stomach this hot weather. And I think this word
1501,"King Henry VI, the second part","King Henry VI, the second part",NA,NA,William Shakespeare,contents,directions,ACT IV,SCENE X. Kent. Iden’s Garden,NA,NA,"“sallet” was born to do me good; for many a time, but for a sallet, my"
1501,"King Henry VI, the second part","King Henry VI, the second part",NA,NA,William Shakespeare,contents,directions,ACT IV,SCENE X. Kent. Iden’s Garden,NA,NA,"brain-pan had been cleft with a brown bill; and many a time, when I"
1501,"King Henry VI, the second part","King Henry VI, the second part",NA,NA,William Shakespeare,contents,directions,ACT IV,SCENE X. Kent. Iden’s Garden,NA,NA,"have been dry and bravely marching, it hath served me instead of a"
1501,"King Henry VI, the second part","King Henry VI, the second part",NA,NA,William Shakespeare,contents,directions,ACT IV,SCENE X. Kent. Iden’s Garden,NA,NA,quart pot to drink in; and now the word “sallet” must serve me to feed
1501,"King Henry VI, the second part","King Henry VI, the second part",NA,NA,William Shakespeare,contents,directions,ACT IV,SCENE X. Kent. Iden’s Garden,NA,NA,on.
1501,"King Henry VI, the second part","King Henry VI, the second part",NA,NA,William Shakespeare,contents,directions,ACT IV,SCENE X. Kent. Iden’s Garden,NA,NA,Enter Iden and his men.
1501,"King Henry VI, the second part","King Henry VI, the second part",NA,NA,William Shakespeare,contents,directions,ACT IV,SCENE X. Kent. Iden’s Garden,NA,NA,IDEN.
1501,"King Henry VI, the second part","King Henry VI, the second part",NA,NA,William Shakespeare,contents,directions,ACT IV,SCENE X. Kent. Iden’s Garden,NA,NA,"Lord, who would live turmoiled in the court"
1501,"King Henry VI, the second part","King Henry VI, the second part",NA,NA,William Shakespeare,contents,directions,ACT IV,SCENE X. Kent. Iden’s Garden,NA,NA,And may enjoy such quiet walks as these?
1501,"King Henry VI, the second part","King Henry VI, the second part",NA,NA,William Shakespeare,contents,directions,ACT IV,SCENE X. Kent. Iden’s Garden,NA,NA,This small inheritance my father left me
1501,"King Henry VI, the second part","King Henry VI, the second part",NA,NA,William Shakespeare,contents,directions,ACT IV,SCENE X. Kent. Iden’s Garden,NA,NA,"Contenteth me, and worth a monarchy."
1501,"King Henry VI, the second part","King Henry VI, the second part",NA,NA,William Shakespeare,contents,directions,ACT IV,SCENE X. Kent. Iden’s Garden,NA,NA,"I seek not to wax great by others’ waning,"
1501,"King Henry VI, the second part","King Henry VI, the second part",NA,NA,William Shakespeare,contents,directions,ACT IV,SCENE X. Kent. Iden’s Garden,NA,NA,"Or gather wealth, I care not with what envy;"
1501,"King Henry VI, the second part","King Henry VI, the second part",NA,NA,William Shakespeare,contents,directions,ACT IV,SCENE X. Kent. Iden’s Garden,NA,NA,Sufficeth that I have maintains my state
1501,"King Henry VI, the second part","King Henry VI, the second part",NA,NA,William Shakespeare,contents,directions,ACT IV,SCENE X. Kent. Iden’s Garden,NA,NA,And sends the poor well pleased from my gate.
1501,"King Henry VI, the second part","King Henry VI, the second part",NA,NA,William Shakespeare,contents,directions,ACT IV,SCENE X. Kent. Iden’s Garden,NA,NA,CADE.
1501,"King Henry VI, the second part","King Henry VI, the second part",NA,NA,William Shakespeare,contents,directions,ACT IV,SCENE X. Kent. Iden’s Garden,NA,NA,"Here’s the lord of the soil come to seize me for a stray, for entering"
1501,"King Henry VI, the second part","King Henry VI, the second part",NA,NA,William Shakespeare,contents,directions,ACT IV,SCENE X. Kent. Iden’s Garden,NA,NA,"his fee-simple without leave.—Ah, villain, thou wilt betray me and get"
1501,"King Henry VI, the second part","King Henry VI, the second part",NA,NA,William Shakespeare,contents,directions,ACT IV,SCENE X. Kent. Iden’s Garden,NA,NA,a thousand crowns of the King by carrying my head to him; but I’ll make
1501,"King Henry VI, the second part","King Henry VI, the second part",NA,NA,William Shakespeare,contents,directions,ACT IV,SCENE X. Kent. Iden’s Garden,NA,NA,"thee eat iron like an ostrich, and swallow my sword like a great pin,"
1501,"King Henry VI, the second part","King Henry VI, the second part",NA,NA,William Shakespeare,contents,directions,ACT IV,SCENE X. Kent. Iden’s Garden,NA,NA,ere thou and I part.
1501,"King Henry VI, the second part","King Henry VI, the second part",NA,NA,William Shakespeare,contents,directions,ACT IV,SCENE X. Kent. Iden’s Garden,NA,NA,IDEN.
1501,"King Henry VI, the second part","King Henry VI, the second part",NA,NA,William Shakespeare,contents,directions,ACT IV,SCENE X. Kent. Iden’s Garden,NA,NA,"Why, rude companion, whatsoe’er thou be,"
1501,"King Henry VI, the second part","King Henry VI, the second part",NA,NA,William Shakespeare,contents,directions,ACT IV,SCENE X. Kent. Iden’s Garden,NA,NA,"I know thee not; why, then, should I betray thee?"
1501,"King Henry VI, the second part","King Henry VI, the second part",NA,NA,William Shakespeare,contents,directions,ACT IV,SCENE X. Kent. Iden’s Garden,NA,NA,Is ’t not enough to break into my garden
1501,"King Henry VI, the second part","King Henry VI, the second part",NA,NA,William Shakespeare,contents,directions,ACT IV,SCENE X. Kent. Iden’s Garden,NA,NA,"And, like a thief, to come to rob my grounds,"
1501,"King Henry VI, the second part","King Henry VI, the second part",NA,NA,William Shakespeare,contents,directions,ACT IV,SCENE X. Kent. Iden’s Garden,NA,NA,"Climbing my walls in spite of me the owner,"
1501,"King Henry VI, the second part","King Henry VI, the second part",NA,NA,William Shakespeare,contents,directions,ACT IV,SCENE X. Kent. Iden’s Garden,NA,NA,But thou wilt brave me with these saucy terms?
1501,"King Henry VI, the second part","King Henry VI, the second part",NA,NA,William Shakespeare,contents,directions,ACT IV,SCENE X. Kent. Iden’s Garden,NA,NA,CADE.
1501,"King Henry VI, the second part","King Henry VI, the second part",NA,NA,William Shakespeare,contents,directions,ACT IV,SCENE X. Kent. Iden’s Garden,NA,NA,"Brave thee? Ay, by the best blood that ever was broached, and beard"
1501,"King Henry VI, the second part","King Henry VI, the second part",NA,NA,William Shakespeare,contents,directions,ACT IV,SCENE X. Kent. Iden’s Garden,NA,NA,"thee too. Look on me well: I have eat no meat these five days, yet come"
1501,"King Henry VI, the second part","King Henry VI, the second part",NA,NA,William Shakespeare,contents,directions,ACT IV,SCENE X. Kent. Iden’s Garden,NA,NA,"thou and thy five men, and if I do not leave you all as dead as a"
1501,"King Henry VI, the second part","King Henry VI, the second part",NA,NA,William Shakespeare,contents,directions,ACT IV,SCENE X. Kent. Iden’s Garden,NA,NA,"doornail, I pray God I may never eat grass more."
1501,"King Henry VI, the second part","King Henry VI, the second part",NA,NA,William Shakespeare,contents,directions,ACT IV,SCENE X. Kent. Iden’s Garden,NA,NA,IDEN.
1501,"King Henry VI, the second part","King Henry VI, the second part",NA,NA,William Shakespeare,contents,directions,ACT IV,SCENE X. Kent. Iden’s Garden,NA,NA,"Nay, it shall ne’er be said, while England stands,"
1501,"King Henry VI, the second part","King Henry VI, the second part",NA,NA,William Shakespeare,contents,directions,ACT IV,SCENE X. Kent. Iden’s Garden,NA,NA,"That Alexander Iden, an esquire of Kent,"
1501,"King Henry VI, the second part","King Henry VI, the second part",NA,NA,William Shakespeare,contents,directions,ACT IV,SCENE X. Kent. Iden’s Garden,NA,NA,Took odds to combat a poor famished man.
1501,"King Henry VI, the second part","King Henry VI, the second part",NA,NA,William Shakespeare,contents,directions,ACT IV,SCENE X. Kent. Iden’s Garden,NA,NA,"Oppose thy steadfast-gazing eyes to mine,"
1501,"King Henry VI, the second part","King Henry VI, the second part",NA,NA,William Shakespeare,contents,directions,ACT IV,SCENE X. Kent. Iden’s Garden,NA,NA,See if thou canst outface me with thy looks.
1501,"King Henry VI, the second part","King Henry VI, the second part",NA,NA,William Shakespeare,contents,directions,ACT IV,SCENE X. Kent. Iden’s Garden,NA,NA,Set limb to limb and thou art far the lesser;
1501,"King Henry VI, the second part","King Henry VI, the second part",NA,NA,William Shakespeare,contents,directions,ACT IV,SCENE X. Kent. Iden’s Garden,NA,NA,"Thy hand is but a finger to my fist,"
1501,"King Henry VI, the second part","King Henry VI, the second part",NA,NA,William Shakespeare,contents,directions,ACT IV,SCENE X. Kent. Iden’s Garden,NA,NA,Thy leg a stick compared with this truncheon.
1501,"King Henry VI, the second part","King Henry VI, the second part",NA,NA,William Shakespeare,contents,directions,ACT IV,SCENE X. Kent. Iden’s Garden,NA,NA,My foot shall fight with all the strength thou hast;
1501,"King Henry VI, the second part","King Henry VI, the second part",NA,NA,William Shakespeare,contents,directions,ACT IV,SCENE X. Kent. Iden’s Garden,NA,NA,"And if mine arm be heaved in the air,"
1501,"King Henry VI, the second part","King Henry VI, the second part",NA,NA,William Shakespeare,contents,directions,ACT IV,SCENE X. Kent. Iden’s Garden,NA,NA,Thy grave is digged already in the earth.
1501,"King Henry VI, the second part","King Henry VI, the second part",NA,NA,William Shakespeare,contents,directions,ACT IV,SCENE X. Kent. Iden’s Garden,NA,NA,"As for words, whose greatness answers words,"
1501,"King Henry VI, the second part","King Henry VI, the second part",NA,NA,William Shakespeare,contents,directions,ACT IV,SCENE X. Kent. Iden’s Garden,NA,NA,Let this my sword report what speech forbears.
1501,"King Henry VI, the second part","King Henry VI, the second part",NA,NA,William Shakespeare,contents,directions,ACT IV,SCENE X. Kent. Iden’s Garden,NA,NA,CADE.
1501,"King Henry VI, the second part","King Henry VI, the second part",NA,NA,William Shakespeare,contents,directions,ACT IV,SCENE X. Kent. Iden’s Garden,NA,NA,"By my valour, the most complete champion that ever I heard! Steel, if"
1501,"King Henry VI, the second part","King Henry VI, the second part",NA,NA,William Shakespeare,contents,directions,ACT IV,SCENE X. Kent. Iden’s Garden,NA,NA,"thou turn the edge, or cut not out the burly-boned clown in chines of"
1501,"King Henry VI, the second part","King Henry VI, the second part",NA,NA,William Shakespeare,contents,directions,ACT IV,SCENE X. Kent. Iden’s Garden,NA,NA,"beef ere thou sleep in thy sheath, I beseech God on my knees thou mayst"
1501,"King Henry VI, the second part","King Henry VI, the second part",NA,NA,William Shakespeare,contents,directions,ACT IV,SCENE X. Kent. Iden’s Garden,NA,NA,be turned to hobnails.
1501,"King Henry VI, the second part","King Henry VI, the second part",NA,NA,William Shakespeare,contents,directions,ACT IV,SCENE X. Kent. Iden’s Garden,NA,NA,[Here they fight and Cade falls.]
1501,"King Henry VI, the second part","King Henry VI, the second part",NA,NA,William Shakespeare,contents,directions,ACT IV,SCENE X. Kent. Iden’s Garden,NA,NA,"O, I am slain! Famine and no other hath slain me. Let ten thousand"
1501,"King Henry VI, the second part","King Henry VI, the second part",NA,NA,William Shakespeare,contents,directions,ACT IV,SCENE X. Kent. Iden’s Garden,NA,NA,"devils come against me, and give me but the ten meals I have lost, and"
1501,"King Henry VI, the second part","King Henry VI, the second part",NA,NA,William Shakespeare,contents,directions,ACT IV,SCENE X. Kent. Iden’s Garden,NA,NA,"I’d defy them all. Wither, garden; and be henceforth a burying place to"
1501,"King Henry VI, the second part","King Henry VI, the second part",NA,NA,William Shakespeare,contents,directions,ACT IV,SCENE X. Kent. Iden’s Garden,NA,NA,"all that do dwell in this house, because the unconquered soul of Cade"
1501,"King Henry VI, the second part","King Henry VI, the second part",NA,NA,William Shakespeare,contents,directions,ACT IV,SCENE X. Kent. Iden’s Garden,NA,NA,is fled.
1501,"King Henry VI, the second part","King Henry VI, the second part",NA,NA,William Shakespeare,contents,directions,ACT IV,SCENE X. Kent. Iden’s Garden,NA,NA,IDEN.
1501,"King Henry VI, the second part","King Henry VI, the second part",NA,NA,William Shakespeare,contents,directions,ACT IV,SCENE X. Kent. Iden’s Garden,NA,NA,"Is’t Cade that I have slain, that monstrous traitor?"
1501,"King Henry VI, the second part","King Henry VI, the second part",NA,NA,William Shakespeare,contents,directions,ACT IV,SCENE X. Kent. Iden’s Garden,NA,NA,"Sword, I will hallow thee for this thy deed,"
1501,"King Henry VI, the second part","King Henry VI, the second part",NA,NA,William Shakespeare,contents,directions,ACT IV,SCENE X. Kent. Iden’s Garden,NA,NA,And hang thee o’er my tomb when I am dead.
1501,"King Henry VI, the second part","King Henry VI, the second part",NA,NA,William Shakespeare,contents,directions,ACT IV,SCENE X. Kent. Iden’s Garden,NA,NA,"Ne’er shall this blood be wiped from thy point,"
1501,"King Henry VI, the second part","King Henry VI, the second part",NA,NA,William Shakespeare,contents,directions,ACT IV,SCENE X. Kent. Iden’s Garden,NA,NA,But thou shalt wear it as a herald’s coat
1501,"King Henry VI, the second part","King Henry VI, the second part",NA,NA,William Shakespeare,contents,directions,ACT IV,SCENE X. Kent. Iden’s Garden,NA,NA,To emblaze the honour that thy master got.
1501,"King Henry VI, the second part","King Henry VI, the second part",NA,NA,William Shakespeare,contents,directions,ACT IV,SCENE X. Kent. Iden’s Garden,NA,NA,CADE.
1501,"King Henry VI, the second part","King Henry VI, the second part",NA,NA,William Shakespeare,contents,directions,ACT IV,SCENE X. Kent. Iden’s Garden,NA,NA,"Iden, farewell, and be proud of thy victory. Tell Kent from me she hath"
1501,"King Henry VI, the second part","King Henry VI, the second part",NA,NA,William Shakespeare,contents,directions,ACT IV,SCENE X. Kent. Iden’s Garden,NA,NA,"lost her best man, and exhort all the world to be cowards; for I, that"
1501,"King Henry VI, the second part","King Henry VI, the second part",NA,NA,William Shakespeare,contents,directions,ACT IV,SCENE X. Kent. Iden’s Garden,NA,NA,"never feared any, am vanquished by famine, not by valour."
1501,"King Henry VI, the second part","King Henry VI, the second part",NA,NA,William Shakespeare,contents,directions,ACT IV,SCENE X. Kent. Iden’s Garden,NA,NA,[Dies.]
1501,"King Henry VI, the second part","King Henry VI, the second part",NA,NA,William Shakespeare,contents,directions,ACT IV,SCENE X. Kent. Iden’s Garden,NA,NA,IDEN.
1501,"King Henry VI, the second part","King Henry VI, the second part",NA,NA,William Shakespeare,contents,directions,ACT IV,SCENE X. Kent. Iden’s Garden,NA,NA,"How much thou wrong’st me, heaven be my judge."
1501,"King Henry VI, the second part","King Henry VI, the second part",NA,NA,William Shakespeare,contents,directions,ACT IV,SCENE X. Kent. Iden’s Garden,NA,NA,"Die, damned wretch, the curse of her that bare thee!"
1501,"King Henry VI, the second part","King Henry VI, the second part",NA,NA,William Shakespeare,contents,directions,ACT IV,SCENE X. Kent. Iden’s Garden,NA,NA,"And as I thrust thy body in with my sword,"
1501,"King Henry VI, the second part","King Henry VI, the second part",NA,NA,William Shakespeare,contents,directions,ACT IV,SCENE X. Kent. Iden’s Garden,NA,NA,"So wish I, I might thrust thy soul to hell."
1501,"King Henry VI, the second part","King Henry VI, the second part",NA,NA,William Shakespeare,contents,directions,ACT IV,SCENE X. Kent. Iden’s Garden,NA,NA,Hence will I drag thee headlong by the heels
1501,"King Henry VI, the second part","King Henry VI, the second part",NA,NA,William Shakespeare,contents,directions,ACT IV,SCENE X. Kent. Iden’s Garden,NA,NA,"Unto a dunghill, which shall be thy grave,"
1501,"King Henry VI, the second part","King Henry VI, the second part",NA,NA,William Shakespeare,contents,directions,ACT IV,SCENE X. Kent. Iden’s Garden,NA,NA,"And there cut off thy most ungracious head,"
1501,"King Henry VI, the second part","King Henry VI, the second part",NA,NA,William Shakespeare,contents,directions,ACT IV,SCENE X. Kent. Iden’s Garden,NA,NA,"Which I will bear in triumph to the King,"
1501,"King Henry VI, the second part","King Henry VI, the second part",NA,NA,William Shakespeare,contents,directions,ACT IV,SCENE X. Kent. Iden’s Garden,NA,NA,Leaving thy trunk for crows to feed upon.
1501,"King Henry VI, the second part","King Henry VI, the second part",NA,NA,William Shakespeare,contents,directions,ACT IV,SCENE X. Kent. Iden’s Garden,NA,NA,[Exit.]
1501,"King Henry VI, the second part","King Henry VI, the second part",NA,NA,William Shakespeare,contents,reference,ACT V,SCENE X. Kent. Iden’s Garden,NA,NA,ACT V
1501,"King Henry VI, the second part","King Henry VI, the second part",NA,NA,William Shakespeare,contents,reference,ACT V,SCENE I. Fields between Dartford and Blackheath,NA,NA,SCENE I. Fields between Dartford and Blackheath
1501,"King Henry VI, the second part","King Henry VI, the second part",NA,NA,William Shakespeare,contents,directions,ACT V,SCENE I. Fields between Dartford and Blackheath,NA,NA,"Enter York and his army of Irish, with drum and colours."
1501,"King Henry VI, the second part","King Henry VI, the second part",NA,NA,William Shakespeare,contents,directions,ACT V,SCENE I. Fields between Dartford and Blackheath,NA,NA,YORK.
1501,"King Henry VI, the second part","King Henry VI, the second part",NA,NA,William Shakespeare,contents,directions,ACT V,SCENE I. Fields between Dartford and Blackheath,NA,NA,From Ireland thus comes York to claim his right
1501,"King Henry VI, the second part","King Henry VI, the second part",NA,NA,William Shakespeare,contents,directions,ACT V,SCENE I. Fields between Dartford and Blackheath,NA,NA,And pluck the crown from feeble Henry’s head.
1501,"King Henry VI, the second part","King Henry VI, the second part",NA,NA,William Shakespeare,contents,directions,ACT V,SCENE I. Fields between Dartford and Blackheath,NA,NA,"Ring, bells, aloud; burn, bonfires, clear and bright,"
1501,"King Henry VI, the second part","King Henry VI, the second part",NA,NA,William Shakespeare,contents,directions,ACT V,SCENE I. Fields between Dartford and Blackheath,NA,NA,To entertain great England’s lawful king.
1501,"King Henry VI, the second part","King Henry VI, the second part",NA,NA,William Shakespeare,contents,directions,ACT V,SCENE I. Fields between Dartford and Blackheath,NA,NA,"Ah, sancta majestas, who would not buy thee dear?"
1501,"King Henry VI, the second part","King Henry VI, the second part",NA,NA,William Shakespeare,contents,directions,ACT V,SCENE I. Fields between Dartford and Blackheath,NA,NA,Let them obey that knows not how to rule.
1501,"King Henry VI, the second part","King Henry VI, the second part",NA,NA,William Shakespeare,contents,directions,ACT V,SCENE I. Fields between Dartford and Blackheath,NA,NA,This hand was made to handle nought but gold.
1501,"King Henry VI, the second part","King Henry VI, the second part",NA,NA,William Shakespeare,contents,directions,ACT V,SCENE I. Fields between Dartford and Blackheath,NA,NA,I cannot give due action to my words
1501,"King Henry VI, the second part","King Henry VI, the second part",NA,NA,William Shakespeare,contents,directions,ACT V,SCENE I. Fields between Dartford and Blackheath,NA,NA,Except a sword or sceptre balance it.
1501,"King Henry VI, the second part","King Henry VI, the second part",NA,NA,William Shakespeare,contents,directions,ACT V,SCENE I. Fields between Dartford and Blackheath,NA,NA,"A sceptre shall it have, have I a soul,"
1501,"King Henry VI, the second part","King Henry VI, the second part",NA,NA,William Shakespeare,contents,directions,ACT V,SCENE I. Fields between Dartford and Blackheath,NA,NA,On which I’ll toss the fleur-de-luce of France.
1501,"King Henry VI, the second part","King Henry VI, the second part",NA,NA,William Shakespeare,contents,directions,ACT V,SCENE I. Fields between Dartford and Blackheath,NA,NA,Enter Buckingham.
1501,"King Henry VI, the second part","King Henry VI, the second part",NA,NA,William Shakespeare,contents,directions,ACT V,SCENE I. Fields between Dartford and Blackheath,NA,NA,"Whom have we here? Buckingham, to disturb me?"
1501,"King Henry VI, the second part","King Henry VI, the second part",NA,NA,William Shakespeare,contents,directions,ACT V,SCENE I. Fields between Dartford and Blackheath,NA,NA,"The King hath sent him, sure. I must dissemble."
1501,"King Henry VI, the second part","King Henry VI, the second part",NA,NA,William Shakespeare,contents,directions,ACT V,SCENE I. Fields between Dartford and Blackheath,NA,NA,BUCKINGHAM.
1501,"King Henry VI, the second part","King Henry VI, the second part",NA,NA,William Shakespeare,contents,directions,ACT V,SCENE I. Fields between Dartford and Blackheath,NA,NA,"York, if thou meanest well, I greet thee well."
1501,"King Henry VI, the second part","King Henry VI, the second part",NA,NA,William Shakespeare,contents,directions,ACT V,SCENE I. Fields between Dartford and Blackheath,NA,NA,YORK.
1501,"King Henry VI, the second part","King Henry VI, the second part",NA,NA,William Shakespeare,contents,directions,ACT V,SCENE I. Fields between Dartford and Blackheath,NA,NA,"Humphrey of Buckingham, I accept thy greeting."
1501,"King Henry VI, the second part","King Henry VI, the second part",NA,NA,William Shakespeare,contents,directions,ACT V,SCENE I. Fields between Dartford and Blackheath,NA,NA,"Art thou a messenger, or come of pleasure?"
1501,"King Henry VI, the second part","King Henry VI, the second part",NA,NA,William Shakespeare,contents,directions,ACT V,SCENE I. Fields between Dartford and Blackheath,NA,NA,BUCKINGHAM.
1501,"King Henry VI, the second part","King Henry VI, the second part",NA,NA,William Shakespeare,contents,directions,ACT V,SCENE I. Fields between Dartford and Blackheath,NA,NA,"A messenger from Henry, our dread liege,"
1501,"King Henry VI, the second part","King Henry VI, the second part",NA,NA,William Shakespeare,contents,directions,ACT V,SCENE I. Fields between Dartford and Blackheath,NA,NA,To know the reason of these arms in peace;
1501,"King Henry VI, the second part","King Henry VI, the second part",NA,NA,William Shakespeare,contents,directions,ACT V,SCENE I. Fields between Dartford and Blackheath,NA,NA,"Or why thou, being a subject as I am,"
1501,"King Henry VI, the second part","King Henry VI, the second part",NA,NA,William Shakespeare,contents,directions,ACT V,SCENE I. Fields between Dartford and Blackheath,NA,NA,"Against thy oath and true allegiance sworn,"
1501,"King Henry VI, the second part","King Henry VI, the second part",NA,NA,William Shakespeare,contents,directions,ACT V,SCENE I. Fields between Dartford and Blackheath,NA,NA,"Should raise so great a power without his leave,"
1501,"King Henry VI, the second part","King Henry VI, the second part",NA,NA,William Shakespeare,contents,directions,ACT V,SCENE I. Fields between Dartford and Blackheath,NA,NA,Or dare to bring thy force so near the court.
1501,"King Henry VI, the second part","King Henry VI, the second part",NA,NA,William Shakespeare,contents,directions,ACT V,SCENE I. Fields between Dartford and Blackheath,NA,NA,YORK.
1501,"King Henry VI, the second part","King Henry VI, the second part",NA,NA,William Shakespeare,contents,directions,ACT V,SCENE I. Fields between Dartford and Blackheath,NA,NA,"[Aside.] Scarce can I speak, my choler is so great."
1501,"King Henry VI, the second part","King Henry VI, the second part",NA,NA,William Shakespeare,contents,directions,ACT V,SCENE I. Fields between Dartford and Blackheath,NA,NA,"O, I could hew up rocks and fight with flint,"
1501,"King Henry VI, the second part","King Henry VI, the second part",NA,NA,William Shakespeare,contents,directions,ACT V,SCENE I. Fields between Dartford and Blackheath,NA,NA,I am so angry at these abject terms;
1501,"King Henry VI, the second part","King Henry VI, the second part",NA,NA,William Shakespeare,contents,directions,ACT V,SCENE I. Fields between Dartford and Blackheath,NA,NA,"And now, like Ajax Telamonius,"
1501,"King Henry VI, the second part","King Henry VI, the second part",NA,NA,William Shakespeare,contents,directions,ACT V,SCENE I. Fields between Dartford and Blackheath,NA,NA,On sheep or oxen could I spend my fury.
1501,"King Henry VI, the second part","King Henry VI, the second part",NA,NA,William Shakespeare,contents,directions,ACT V,SCENE I. Fields between Dartford and Blackheath,NA,NA,"I am far better born than is the King,"
1501,"King Henry VI, the second part","King Henry VI, the second part",NA,NA,William Shakespeare,contents,directions,ACT V,SCENE I. Fields between Dartford and Blackheath,NA,NA,"More like a king, more kingly in my thoughts."
1501,"King Henry VI, the second part","King Henry VI, the second part",NA,NA,William Shakespeare,contents,directions,ACT V,SCENE I. Fields between Dartford and Blackheath,NA,NA,"But I must make fair weather yet awhile,"
1501,"King Henry VI, the second part","King Henry VI, the second part",NA,NA,William Shakespeare,contents,directions,ACT V,SCENE I. Fields between Dartford and Blackheath,NA,NA,Till Henry be more weak and I more strong.—
1501,"King Henry VI, the second part","King Henry VI, the second part",NA,NA,William Shakespeare,contents,directions,ACT V,SCENE I. Fields between Dartford and Blackheath,NA,NA,"Buckingham, I prithee, pardon me,"
1501,"King Henry VI, the second part","King Henry VI, the second part",NA,NA,William Shakespeare,contents,directions,ACT V,SCENE I. Fields between Dartford and Blackheath,NA,NA,That I have given no answer all this while;
1501,"King Henry VI, the second part","King Henry VI, the second part",NA,NA,William Shakespeare,contents,directions,ACT V,SCENE I. Fields between Dartford and Blackheath,NA,NA,My mind was troubled with deep melancholy.
1501,"King Henry VI, the second part","King Henry VI, the second part",NA,NA,William Shakespeare,contents,directions,ACT V,SCENE I. Fields between Dartford and Blackheath,NA,NA,The cause why I have brought this army hither
1501,"King Henry VI, the second part","King Henry VI, the second part",NA,NA,William Shakespeare,contents,directions,ACT V,SCENE I. Fields between Dartford and Blackheath,NA,NA,"Is to remove proud Somerset from the King,"
1501,"King Henry VI, the second part","King Henry VI, the second part",NA,NA,William Shakespeare,contents,directions,ACT V,SCENE I. Fields between Dartford and Blackheath,NA,NA,Seditious to his grace and to the state.
1501,"King Henry VI, the second part","King Henry VI, the second part",NA,NA,William Shakespeare,contents,directions,ACT V,SCENE I. Fields between Dartford and Blackheath,NA,NA,BUCKINGHAM.
1501,"King Henry VI, the second part","King Henry VI, the second part",NA,NA,William Shakespeare,contents,directions,ACT V,SCENE I. Fields between Dartford and Blackheath,NA,NA,That is too much presumption on thy part;
1501,"King Henry VI, the second part","King Henry VI, the second part",NA,NA,William Shakespeare,contents,directions,ACT V,SCENE I. Fields between Dartford and Blackheath,NA,NA,"But if thy arms be to no other end,"
1501,"King Henry VI, the second part","King Henry VI, the second part",NA,NA,William Shakespeare,contents,directions,ACT V,SCENE I. Fields between Dartford and Blackheath,NA,NA,The King hath yielded unto thy demand:
1501,"King Henry VI, the second part","King Henry VI, the second part",NA,NA,William Shakespeare,contents,directions,ACT V,SCENE I. Fields between Dartford and Blackheath,NA,NA,The Duke of Somerset is in the Tower.
1501,"King Henry VI, the second part","King Henry VI, the second part",NA,NA,William Shakespeare,contents,directions,ACT V,SCENE I. Fields between Dartford and Blackheath,NA,NA,YORK.
1501,"King Henry VI, the second part","King Henry VI, the second part",NA,NA,William Shakespeare,contents,directions,ACT V,SCENE I. Fields between Dartford and Blackheath,NA,NA,"Upon thine honour, is he prisoner?"
1501,"King Henry VI, the second part","King Henry VI, the second part",NA,NA,William Shakespeare,contents,directions,ACT V,SCENE I. Fields between Dartford and Blackheath,NA,NA,BUCKINGHAM.
1501,"King Henry VI, the second part","King Henry VI, the second part",NA,NA,William Shakespeare,contents,directions,ACT V,SCENE I. Fields between Dartford and Blackheath,NA,NA,"Upon mine honour, he is prisoner."
1501,"King Henry VI, the second part","King Henry VI, the second part",NA,NA,William Shakespeare,contents,directions,ACT V,SCENE I. Fields between Dartford and Blackheath,NA,NA,YORK.
1501,"King Henry VI, the second part","King Henry VI, the second part",NA,NA,William Shakespeare,contents,directions,ACT V,SCENE I. Fields between Dartford and Blackheath,NA,NA,"Then, Buckingham, I do dismiss my powers."
1501,"King Henry VI, the second part","King Henry VI, the second part",NA,NA,William Shakespeare,contents,directions,ACT V,SCENE I. Fields between Dartford and Blackheath,NA,NA,"Soldiers, I thank you all; disperse yourselves;"
1501,"King Henry VI, the second part","King Henry VI, the second part",NA,NA,William Shakespeare,contents,directions,ACT V,SCENE I. Fields between Dartford and Blackheath,NA,NA,"Meet me tomorrow in Saint George’s field,"
1501,"King Henry VI, the second part","King Henry VI, the second part",NA,NA,William Shakespeare,contents,directions,ACT V,SCENE I. Fields between Dartford and Blackheath,NA,NA,You shall have pay and everything you wish.
1501,"King Henry VI, the second part","King Henry VI, the second part",NA,NA,William Shakespeare,contents,directions,ACT V,SCENE I. Fields between Dartford and Blackheath,NA,NA,[Exeunt Soldiers.]
1501,"King Henry VI, the second part","King Henry VI, the second part",NA,NA,William Shakespeare,contents,directions,ACT V,SCENE I. Fields between Dartford and Blackheath,NA,NA,"And let my sovereign, virtuous Henry,"
1501,"King Henry VI, the second part","King Henry VI, the second part",NA,NA,William Shakespeare,contents,directions,ACT V,SCENE I. Fields between Dartford and Blackheath,NA,NA,"Command my eldest son, nay, all my sons,"
1501,"King Henry VI, the second part","King Henry VI, the second part",NA,NA,William Shakespeare,contents,directions,ACT V,SCENE I. Fields between Dartford and Blackheath,NA,NA,"As pledges of my fealty and love,"
1501,"King Henry VI, the second part","King Henry VI, the second part",NA,NA,William Shakespeare,contents,directions,ACT V,SCENE I. Fields between Dartford and Blackheath,NA,NA,I’ll send them all as willing as I live.
1501,"King Henry VI, the second part","King Henry VI, the second part",NA,NA,William Shakespeare,contents,directions,ACT V,SCENE I. Fields between Dartford and Blackheath,NA,NA,"Lands, goods, horse, armour, anything I have"
1501,"King Henry VI, the second part","King Henry VI, the second part",NA,NA,William Shakespeare,contents,directions,ACT V,SCENE I. Fields between Dartford and Blackheath,NA,NA,"Is his to use, so Somerset may die."
1501,"King Henry VI, the second part","King Henry VI, the second part",NA,NA,William Shakespeare,contents,directions,ACT V,SCENE I. Fields between Dartford and Blackheath,NA,NA,BUCKINGHAM.
1501,"King Henry VI, the second part","King Henry VI, the second part",NA,NA,William Shakespeare,contents,directions,ACT V,SCENE I. Fields between Dartford and Blackheath,NA,NA,"York, I commend this kind submission."
1501,"King Henry VI, the second part","King Henry VI, the second part",NA,NA,William Shakespeare,contents,directions,ACT V,SCENE I. Fields between Dartford and Blackheath,NA,NA,We twain will go into his highness’ tent.
1501,"King Henry VI, the second part","King Henry VI, the second part",NA,NA,William Shakespeare,contents,directions,ACT V,SCENE I. Fields between Dartford and Blackheath,NA,NA,Enter King and Attendants.
1501,"King Henry VI, the second part","King Henry VI, the second part",NA,NA,William Shakespeare,contents,directions,ACT V,SCENE I. Fields between Dartford and Blackheath,NA,NA,KING HENRY.
1501,"King Henry VI, the second part","King Henry VI, the second part",NA,NA,William Shakespeare,contents,directions,ACT V,SCENE I. Fields between Dartford and Blackheath,NA,NA,"Buckingham, doth York intend no harm to us"
1501,"King Henry VI, the second part","King Henry VI, the second part",NA,NA,William Shakespeare,contents,directions,ACT V,SCENE I. Fields between Dartford and Blackheath,NA,NA,That thus he marcheth with thee arm in arm?
1501,"King Henry VI, the second part","King Henry VI, the second part",NA,NA,William Shakespeare,contents,directions,ACT V,SCENE I. Fields between Dartford and Blackheath,NA,NA,YORK.
1501,"King Henry VI, the second part","King Henry VI, the second part",NA,NA,William Shakespeare,contents,directions,ACT V,SCENE I. Fields between Dartford and Blackheath,NA,NA,In all submission and humility
1501,"King Henry VI, the second part","King Henry VI, the second part",NA,NA,William Shakespeare,contents,directions,ACT V,SCENE I. Fields between Dartford and Blackheath,NA,NA,York doth present himself unto your highness.
1501,"King Henry VI, the second part","King Henry VI, the second part",NA,NA,William Shakespeare,contents,directions,ACT V,SCENE I. Fields between Dartford and Blackheath,NA,NA,KING HENRY.
1501,"King Henry VI, the second part","King Henry VI, the second part",NA,NA,William Shakespeare,contents,directions,ACT V,SCENE I. Fields between Dartford and Blackheath,NA,NA,Then what intends these forces thou dost bring?
1501,"King Henry VI, the second part","King Henry VI, the second part",NA,NA,William Shakespeare,contents,directions,ACT V,SCENE I. Fields between Dartford and Blackheath,NA,NA,YORK.
1501,"King Henry VI, the second part","King Henry VI, the second part",NA,NA,William Shakespeare,contents,directions,ACT V,SCENE I. Fields between Dartford and Blackheath,NA,NA,To heave the traitor Somerset from hence
1501,"King Henry VI, the second part","King Henry VI, the second part",NA,NA,William Shakespeare,contents,directions,ACT V,SCENE I. Fields between Dartford and Blackheath,NA,NA,"And fight against that monstrous rebel Cade,"
1501,"King Henry VI, the second part","King Henry VI, the second part",NA,NA,William Shakespeare,contents,directions,ACT V,SCENE I. Fields between Dartford and Blackheath,NA,NA,Who since I heard to be discomfited.
1501,"King Henry VI, the second part","King Henry VI, the second part",NA,NA,William Shakespeare,contents,directions,ACT V,SCENE I. Fields between Dartford and Blackheath,NA,NA,Enter Iden with Cade’s head.
1501,"King Henry VI, the second part","King Henry VI, the second part",NA,NA,William Shakespeare,contents,directions,ACT V,SCENE I. Fields between Dartford and Blackheath,NA,NA,IDEN.
1501,"King Henry VI, the second part","King Henry VI, the second part",NA,NA,William Shakespeare,contents,directions,ACT V,SCENE I. Fields between Dartford and Blackheath,NA,NA,If one so rude and of so mean condition
1501,"King Henry VI, the second part","King Henry VI, the second part",NA,NA,William Shakespeare,contents,directions,ACT V,SCENE I. Fields between Dartford and Blackheath,NA,NA,"May pass into the presence of a king,"
1501,"King Henry VI, the second part","King Henry VI, the second part",NA,NA,William Shakespeare,contents,directions,ACT V,SCENE I. Fields between Dartford and Blackheath,NA,NA,"Lo, I present your grace a traitor’s head,"
1501,"King Henry VI, the second part","King Henry VI, the second part",NA,NA,William Shakespeare,contents,directions,ACT V,SCENE I. Fields between Dartford and Blackheath,NA,NA,"The head of Cade, whom I in combat slew."
1501,"King Henry VI, the second part","King Henry VI, the second part",NA,NA,William Shakespeare,contents,directions,ACT V,SCENE I. Fields between Dartford and Blackheath,NA,NA,KING HENRY.
1501,"King Henry VI, the second part","King Henry VI, the second part",NA,NA,William Shakespeare,contents,directions,ACT V,SCENE I. Fields between Dartford and Blackheath,NA,NA,"The head of Cade! Great God, how just art Thou!"
1501,"King Henry VI, the second part","King Henry VI, the second part",NA,NA,William Shakespeare,contents,directions,ACT V,SCENE I. Fields between Dartford and Blackheath,NA,NA,"O, let me view his visage, being dead,"
1501,"King Henry VI, the second part","King Henry VI, the second part",NA,NA,William Shakespeare,contents,directions,ACT V,SCENE I. Fields between Dartford and Blackheath,NA,NA,That living wrought me such exceeding trouble.
1501,"King Henry VI, the second part","King Henry VI, the second part",NA,NA,William Shakespeare,contents,directions,ACT V,SCENE I. Fields between Dartford and Blackheath,NA,NA,"Tell me, my friend, art thou the man that slew him?"
1501,"King Henry VI, the second part","King Henry VI, the second part",NA,NA,William Shakespeare,contents,directions,ACT V,SCENE I. Fields between Dartford and Blackheath,NA,NA,IDEN.
1501,"King Henry VI, the second part","King Henry VI, the second part",NA,NA,William Shakespeare,contents,directions,ACT V,SCENE I. Fields between Dartford and Blackheath,NA,NA,"I was, an ’t like your majesty."
1501,"King Henry VI, the second part","King Henry VI, the second part",NA,NA,William Shakespeare,contents,directions,ACT V,SCENE I. Fields between Dartford and Blackheath,NA,NA,KING HENRY.
1501,"King Henry VI, the second part","King Henry VI, the second part",NA,NA,William Shakespeare,contents,directions,ACT V,SCENE I. Fields between Dartford and Blackheath,NA,NA,How art thou called? And what is thy degree?
1501,"King Henry VI, the second part","King Henry VI, the second part",NA,NA,William Shakespeare,contents,directions,ACT V,SCENE I. Fields between Dartford and Blackheath,NA,NA,IDEN.
1501,"King Henry VI, the second part","King Henry VI, the second part",NA,NA,William Shakespeare,contents,directions,ACT V,SCENE I. Fields between Dartford and Blackheath,NA,NA,"Alexander Iden, that’s my name;"
1501,"King Henry VI, the second part","King Henry VI, the second part",NA,NA,William Shakespeare,contents,directions,ACT V,SCENE I. Fields between Dartford and Blackheath,NA,NA,"A poor esquire of Kent, that loves his King."
1501,"King Henry VI, the second part","King Henry VI, the second part",NA,NA,William Shakespeare,contents,directions,ACT V,SCENE I. Fields between Dartford and Blackheath,NA,NA,BUCKINGHAM.
1501,"King Henry VI, the second part","King Henry VI, the second part",NA,NA,William Shakespeare,contents,directions,ACT V,SCENE I. Fields between Dartford and Blackheath,NA,NA,"So please it you, my lord, ’twere not amiss"
1501,"King Henry VI, the second part","King Henry VI, the second part",NA,NA,William Shakespeare,contents,directions,ACT V,SCENE I. Fields between Dartford and Blackheath,NA,NA,He were created knight for his good service.
1501,"King Henry VI, the second part","King Henry VI, the second part",NA,NA,William Shakespeare,contents,directions,ACT V,SCENE I. Fields between Dartford and Blackheath,NA,NA,KING HENRY.
1501,"King Henry VI, the second part","King Henry VI, the second part",NA,NA,William Shakespeare,contents,directions,ACT V,SCENE I. Fields between Dartford and Blackheath,NA,NA,"Iden, kneel down. [He kneels.] Rise up a knight."
1501,"King Henry VI, the second part","King Henry VI, the second part",NA,NA,William Shakespeare,contents,directions,ACT V,SCENE I. Fields between Dartford and Blackheath,NA,NA,"We give thee for reward a thousand marks,"
1501,"King Henry VI, the second part","King Henry VI, the second part",NA,NA,William Shakespeare,contents,directions,ACT V,SCENE I. Fields between Dartford and Blackheath,NA,NA,And will that thou henceforth attend on us.
1501,"King Henry VI, the second part","King Henry VI, the second part",NA,NA,William Shakespeare,contents,directions,ACT V,SCENE I. Fields between Dartford and Blackheath,NA,NA,IDEN.
1501,"King Henry VI, the second part","King Henry VI, the second part",NA,NA,William Shakespeare,contents,directions,ACT V,SCENE I. Fields between Dartford and Blackheath,NA,NA,"May Iden live to merit such a bounty,"
1501,"King Henry VI, the second part","King Henry VI, the second part",NA,NA,William Shakespeare,contents,directions,ACT V,SCENE I. Fields between Dartford and Blackheath,NA,NA,And never live but true unto his liege!
1501,"King Henry VI, the second part","King Henry VI, the second part",NA,NA,William Shakespeare,contents,directions,ACT V,SCENE I. Fields between Dartford and Blackheath,NA,NA,[Rises.]
1501,"King Henry VI, the second part","King Henry VI, the second part",NA,NA,William Shakespeare,contents,directions,ACT V,SCENE I. Fields between Dartford and Blackheath,NA,NA,Enter Queen and Somerset.
1501,"King Henry VI, the second part","King Henry VI, the second part",NA,NA,William Shakespeare,contents,directions,ACT V,SCENE I. Fields between Dartford and Blackheath,NA,NA,KING HENRY.
1501,"King Henry VI, the second part","King Henry VI, the second part",NA,NA,William Shakespeare,contents,directions,ACT V,SCENE I. Fields between Dartford and Blackheath,NA,NA,"See, Buckingham, Somerset comes with the Queen."
1501,"King Henry VI, the second part","King Henry VI, the second part",NA,NA,William Shakespeare,contents,directions,ACT V,SCENE I. Fields between Dartford and Blackheath,NA,NA,"Go, bid her hide him quickly from the Duke."
1501,"King Henry VI, the second part","King Henry VI, the second part",NA,NA,William Shakespeare,contents,directions,ACT V,SCENE I. Fields between Dartford and Blackheath,NA,NA,QUEEN MARGARET.
1501,"King Henry VI, the second part","King Henry VI, the second part",NA,NA,William Shakespeare,contents,directions,ACT V,SCENE I. Fields between Dartford and Blackheath,NA,NA,"For thousand Yorks he shall not hide his head,"
1501,"King Henry VI, the second part","King Henry VI, the second part",NA,NA,William Shakespeare,contents,directions,ACT V,SCENE I. Fields between Dartford and Blackheath,NA,NA,But boldly stand and front him to his face.
1501,"King Henry VI, the second part","King Henry VI, the second part",NA,NA,William Shakespeare,contents,directions,ACT V,SCENE I. Fields between Dartford and Blackheath,NA,NA,YORK.
1501,"King Henry VI, the second part","King Henry VI, the second part",NA,NA,William Shakespeare,contents,directions,ACT V,SCENE I. Fields between Dartford and Blackheath,NA,NA,How now? Is Somerset at liberty?
1501,"King Henry VI, the second part","King Henry VI, the second part",NA,NA,William Shakespeare,contents,directions,ACT V,SCENE I. Fields between Dartford and Blackheath,NA,NA,"Then, York, unloose thy long-imprisoned thoughts,"
1501,"King Henry VI, the second part","King Henry VI, the second part",NA,NA,William Shakespeare,contents,directions,ACT V,SCENE I. Fields between Dartford and Blackheath,NA,NA,And let thy tongue be equal with thy heart.
1501,"King Henry VI, the second part","King Henry VI, the second part",NA,NA,William Shakespeare,contents,directions,ACT V,SCENE I. Fields between Dartford and Blackheath,NA,NA,Shall I endure the sight of Somerset?
1501,"King Henry VI, the second part","King Henry VI, the second part",NA,NA,William Shakespeare,contents,directions,ACT V,SCENE I. Fields between Dartford and Blackheath,NA,NA,"False king, why hast thou broken faith with me,"
1501,"King Henry VI, the second part","King Henry VI, the second part",NA,NA,William Shakespeare,contents,directions,ACT V,SCENE I. Fields between Dartford and Blackheath,NA,NA,Knowing how hardly I can brook abuse?
1501,"King Henry VI, the second part","King Henry VI, the second part",NA,NA,William Shakespeare,contents,directions,ACT V,SCENE I. Fields between Dartford and Blackheath,NA,NA,"“King” did I call thee? No, thou art not king,"
1501,"King Henry VI, the second part","King Henry VI, the second part",NA,NA,William Shakespeare,contents,directions,ACT V,SCENE I. Fields between Dartford and Blackheath,NA,NA,"Not fit to govern and rule multitudes,"
1501,"King Henry VI, the second part","King Henry VI, the second part",NA,NA,William Shakespeare,contents,directions,ACT V,SCENE I. Fields between Dartford and Blackheath,NA,NA,"Which dar’st not, no, nor canst not rule a traitor."
1501,"King Henry VI, the second part","King Henry VI, the second part",NA,NA,William Shakespeare,contents,directions,ACT V,SCENE I. Fields between Dartford and Blackheath,NA,NA,That head of thine doth not become a crown;
1501,"King Henry VI, the second part","King Henry VI, the second part",NA,NA,William Shakespeare,contents,directions,ACT V,SCENE I. Fields between Dartford and Blackheath,NA,NA,"Thy hand is made to grasp a palmer’s staff,"
1501,"King Henry VI, the second part","King Henry VI, the second part",NA,NA,William Shakespeare,contents,directions,ACT V,SCENE I. Fields between Dartford and Blackheath,NA,NA,And not to grace an awful princely sceptre.
1501,"King Henry VI, the second part","King Henry VI, the second part",NA,NA,William Shakespeare,contents,directions,ACT V,SCENE I. Fields between Dartford and Blackheath,NA,NA,"That gold must round engirt these brows of mine,"
1501,"King Henry VI, the second part","King Henry VI, the second part",NA,NA,William Shakespeare,contents,directions,ACT V,SCENE I. Fields between Dartford and Blackheath,NA,NA,"Whose smile and frown, like to Achilles’ spear,"
1501,"King Henry VI, the second part","King Henry VI, the second part",NA,NA,William Shakespeare,contents,directions,ACT V,SCENE I. Fields between Dartford and Blackheath,NA,NA,Is able with the change to kill and cure.
1501,"King Henry VI, the second part","King Henry VI, the second part",NA,NA,William Shakespeare,contents,directions,ACT V,SCENE I. Fields between Dartford and Blackheath,NA,NA,Here is a hand to hold a sceptre up
1501,"King Henry VI, the second part","King Henry VI, the second part",NA,NA,William Shakespeare,contents,directions,ACT V,SCENE I. Fields between Dartford and Blackheath,NA,NA,And with the same to act controlling laws.
1501,"King Henry VI, the second part","King Henry VI, the second part",NA,NA,William Shakespeare,contents,directions,ACT V,SCENE I. Fields between Dartford and Blackheath,NA,NA,"Give place! By heaven, thou shalt rule no more"
1501,"King Henry VI, the second part","King Henry VI, the second part",NA,NA,William Shakespeare,contents,directions,ACT V,SCENE I. Fields between Dartford and Blackheath,NA,NA,O’er him whom heaven created for thy ruler.
1501,"King Henry VI, the second part","King Henry VI, the second part",NA,NA,William Shakespeare,contents,directions,ACT V,SCENE I. Fields between Dartford and Blackheath,NA,NA,SOMERSET.
1501,"King Henry VI, the second part","King Henry VI, the second part",NA,NA,William Shakespeare,contents,directions,ACT V,SCENE I. Fields between Dartford and Blackheath,NA,NA,"O monstrous traitor! I arrest thee, York,"
1501,"King Henry VI, the second part","King Henry VI, the second part",NA,NA,William Shakespeare,contents,directions,ACT V,SCENE I. Fields between Dartford and Blackheath,NA,NA,Of capital treason ’gainst the King and crown.
1501,"King Henry VI, the second part","King Henry VI, the second part",NA,NA,William Shakespeare,contents,directions,ACT V,SCENE I. Fields between Dartford and Blackheath,NA,NA,"Obey, audacious traitor, kneel for grace."
1501,"King Henry VI, the second part","King Henry VI, the second part",NA,NA,William Shakespeare,contents,directions,ACT V,SCENE I. Fields between Dartford and Blackheath,NA,NA,YORK.
1501,"King Henry VI, the second part","King Henry VI, the second part",NA,NA,William Shakespeare,contents,directions,ACT V,SCENE I. Fields between Dartford and Blackheath,NA,NA,Wouldst have me kneel? First let me ask of these
1501,"King Henry VI, the second part","King Henry VI, the second part",NA,NA,William Shakespeare,contents,directions,ACT V,SCENE I. Fields between Dartford and Blackheath,NA,NA,If they can brook I bow a knee to man.
1501,"King Henry VI, the second part","King Henry VI, the second part",NA,NA,William Shakespeare,contents,directions,ACT V,SCENE I. Fields between Dartford and Blackheath,NA,NA,"Sirrah, call in my sons to be my bail."
1501,"King Henry VI, the second part","King Henry VI, the second part",NA,NA,William Shakespeare,contents,directions,ACT V,SCENE I. Fields between Dartford and Blackheath,NA,NA,[Exit Attendant.]
1501,"King Henry VI, the second part","King Henry VI, the second part",NA,NA,William Shakespeare,contents,directions,ACT V,SCENE I. Fields between Dartford and Blackheath,NA,NA,"I know, ere they will have me go to ward,"
1501,"King Henry VI, the second part","King Henry VI, the second part",NA,NA,William Shakespeare,contents,directions,ACT V,SCENE I. Fields between Dartford and Blackheath,NA,NA,They’ll pawn their swords for my enfranchisement.
1501,"King Henry VI, the second part","King Henry VI, the second part",NA,NA,William Shakespeare,contents,directions,ACT V,SCENE I. Fields between Dartford and Blackheath,NA,NA,QUEEN MARGARET.
1501,"King Henry VI, the second part","King Henry VI, the second part",NA,NA,William Shakespeare,contents,directions,ACT V,SCENE I. Fields between Dartford and Blackheath,NA,NA,"Call hither Clifford; bid him come amain,"
1501,"King Henry VI, the second part","King Henry VI, the second part",NA,NA,William Shakespeare,contents,directions,ACT V,SCENE I. Fields between Dartford and Blackheath,NA,NA,To say if that the bastard boys of York
1501,"King Henry VI, the second part","King Henry VI, the second part",NA,NA,William Shakespeare,contents,directions,ACT V,SCENE I. Fields between Dartford and Blackheath,NA,NA,Shall be the surety for their traitor father.
1501,"King Henry VI, the second part","King Henry VI, the second part",NA,NA,William Shakespeare,contents,directions,ACT V,SCENE I. Fields between Dartford and Blackheath,NA,NA,[Exit Buckingham.]
1501,"King Henry VI, the second part","King Henry VI, the second part",NA,NA,William Shakespeare,contents,directions,ACT V,SCENE I. Fields between Dartford and Blackheath,NA,NA,YORK.
1501,"King Henry VI, the second part","King Henry VI, the second part",NA,NA,William Shakespeare,contents,directions,ACT V,SCENE I. Fields between Dartford and Blackheath,NA,NA,"O blood-bespotted Neapolitan,"
1501,"King Henry VI, the second part","King Henry VI, the second part",NA,NA,William Shakespeare,contents,directions,ACT V,SCENE I. Fields between Dartford and Blackheath,NA,NA,"Outcast of Naples, England’s bloody scourge!"
1501,"King Henry VI, the second part","King Henry VI, the second part",NA,NA,William Shakespeare,contents,directions,ACT V,SCENE I. Fields between Dartford and Blackheath,NA,NA,"The sons of York, thy betters in their birth,"
1501,"King Henry VI, the second part","King Henry VI, the second part",NA,NA,William Shakespeare,contents,directions,ACT V,SCENE I. Fields between Dartford and Blackheath,NA,NA,Shall be their father’s bail; and bane to those
1501,"King Henry VI, the second part","King Henry VI, the second part",NA,NA,William Shakespeare,contents,directions,ACT V,SCENE I. Fields between Dartford and Blackheath,NA,NA,That for my surety will refuse the boys!
1501,"King Henry VI, the second part","King Henry VI, the second part",NA,NA,William Shakespeare,contents,directions,ACT V,SCENE I. Fields between Dartford and Blackheath,NA,NA,Enter Edward and Richard.
1501,"King Henry VI, the second part","King Henry VI, the second part",NA,NA,William Shakespeare,contents,directions,ACT V,SCENE I. Fields between Dartford and Blackheath,NA,NA,See where they come; I’ll warrant they’ll make it good.
1501,"King Henry VI, the second part","King Henry VI, the second part",NA,NA,William Shakespeare,contents,directions,ACT V,SCENE I. Fields between Dartford and Blackheath,NA,NA,Enter old Clifford and his Son.
1501,"King Henry VI, the second part","King Henry VI, the second part",NA,NA,William Shakespeare,contents,directions,ACT V,SCENE I. Fields between Dartford and Blackheath,NA,NA,QUEEN MARGARET.
1501,"King Henry VI, the second part","King Henry VI, the second part",NA,NA,William Shakespeare,contents,directions,ACT V,SCENE I. Fields between Dartford and Blackheath,NA,NA,And here comes Clifford to deny their bail.
1501,"King Henry VI, the second part","King Henry VI, the second part",NA,NA,William Shakespeare,contents,directions,ACT V,SCENE I. Fields between Dartford and Blackheath,NA,NA,CLIFFORD.
1501,"King Henry VI, the second part","King Henry VI, the second part",NA,NA,William Shakespeare,contents,directions,ACT V,SCENE I. Fields between Dartford and Blackheath,NA,NA,Health and all happiness to my lord the King.
1501,"King Henry VI, the second part","King Henry VI, the second part",NA,NA,William Shakespeare,contents,directions,ACT V,SCENE I. Fields between Dartford and Blackheath,NA,NA,[Rises.]
1501,"King Henry VI, the second part","King Henry VI, the second part",NA,NA,William Shakespeare,contents,directions,ACT V,SCENE I. Fields between Dartford and Blackheath,NA,NA,YORK.
1501,"King Henry VI, the second part","King Henry VI, the second part",NA,NA,William Shakespeare,contents,directions,ACT V,SCENE I. Fields between Dartford and Blackheath,NA,NA,"I thank thee, Clifford. Say, what news with thee?"
1501,"King Henry VI, the second part","King Henry VI, the second part",NA,NA,William Shakespeare,contents,directions,ACT V,SCENE I. Fields between Dartford and Blackheath,NA,NA,"Nay, do not fright us with an angry look."
1501,"King Henry VI, the second part","King Henry VI, the second part",NA,NA,William Shakespeare,contents,directions,ACT V,SCENE I. Fields between Dartford and Blackheath,NA,NA,"We are thy sovereign, Clifford, kneel again."
1501,"King Henry VI, the second part","King Henry VI, the second part",NA,NA,William Shakespeare,contents,directions,ACT V,SCENE I. Fields between Dartford and Blackheath,NA,NA,"For thy mistaking so, we pardon thee."
1501,"King Henry VI, the second part","King Henry VI, the second part",NA,NA,William Shakespeare,contents,directions,ACT V,SCENE I. Fields between Dartford and Blackheath,NA,NA,CLIFFORD.
1501,"King Henry VI, the second part","King Henry VI, the second part",NA,NA,William Shakespeare,contents,directions,ACT V,SCENE I. Fields between Dartford and Blackheath,NA,NA,"This is my king, York, I do not mistake;"
1501,"King Henry VI, the second part","King Henry VI, the second part",NA,NA,William Shakespeare,contents,directions,ACT V,SCENE I. Fields between Dartford and Blackheath,NA,NA,But thou mistakes me much to think I do.
1501,"King Henry VI, the second part","King Henry VI, the second part",NA,NA,William Shakespeare,contents,directions,ACT V,SCENE I. Fields between Dartford and Blackheath,NA,NA,To Bedlam with him! Is the man grown mad?
1501,"King Henry VI, the second part","King Henry VI, the second part",NA,NA,William Shakespeare,contents,directions,ACT V,SCENE I. Fields between Dartford and Blackheath,NA,NA,KING HENRY.
1501,"King Henry VI, the second part","King Henry VI, the second part",NA,NA,William Shakespeare,contents,directions,ACT V,SCENE I. Fields between Dartford and Blackheath,NA,NA,"Ay, Clifford; a bedlam and ambitious humour"
1501,"King Henry VI, the second part","King Henry VI, the second part",NA,NA,William Shakespeare,contents,directions,ACT V,SCENE I. Fields between Dartford and Blackheath,NA,NA,Makes him oppose himself against his king.
1501,"King Henry VI, the second part","King Henry VI, the second part",NA,NA,William Shakespeare,contents,directions,ACT V,SCENE I. Fields between Dartford and Blackheath,NA,NA,CLIFFORD.
1501,"King Henry VI, the second part","King Henry VI, the second part",NA,NA,William Shakespeare,contents,directions,ACT V,SCENE I. Fields between Dartford and Blackheath,NA,NA,"He is a traitor; let him to the Tower,"
1501,"King Henry VI, the second part","King Henry VI, the second part",NA,NA,William Shakespeare,contents,directions,ACT V,SCENE I. Fields between Dartford and Blackheath,NA,NA,And chop away that factious pate of his.
1501,"King Henry VI, the second part","King Henry VI, the second part",NA,NA,William Shakespeare,contents,directions,ACT V,SCENE I. Fields between Dartford and Blackheath,NA,NA,QUEEN MARGARET.
1501,"King Henry VI, the second part","King Henry VI, the second part",NA,NA,William Shakespeare,contents,directions,ACT V,SCENE I. Fields between Dartford and Blackheath,NA,NA,"He is arrested, but will not obey;"
1501,"King Henry VI, the second part","King Henry VI, the second part",NA,NA,William Shakespeare,contents,directions,ACT V,SCENE I. Fields between Dartford and Blackheath,NA,NA,"His sons, he says, shall give their words for him."
1501,"King Henry VI, the second part","King Henry VI, the second part",NA,NA,William Shakespeare,contents,directions,ACT V,SCENE I. Fields between Dartford and Blackheath,NA,NA,YORK.
1501,"King Henry VI, the second part","King Henry VI, the second part",NA,NA,William Shakespeare,contents,directions,ACT V,SCENE I. Fields between Dartford and Blackheath,NA,NA,"Will you not, sons?"
1501,"King Henry VI, the second part","King Henry VI, the second part",NA,NA,William Shakespeare,contents,directions,ACT V,SCENE I. Fields between Dartford and Blackheath,NA,NA,EDWARD.
1501,"King Henry VI, the second part","King Henry VI, the second part",NA,NA,William Shakespeare,contents,directions,ACT V,SCENE I. Fields between Dartford and Blackheath,NA,NA,"Ay, noble father, if our words will serve."
1501,"King Henry VI, the second part","King Henry VI, the second part",NA,NA,William Shakespeare,contents,directions,ACT V,SCENE I. Fields between Dartford and Blackheath,NA,NA,RICHARD.
1501,"King Henry VI, the second part","King Henry VI, the second part",NA,NA,William Shakespeare,contents,directions,ACT V,SCENE I. Fields between Dartford and Blackheath,NA,NA,"And if words will not, then our weapons shall."
1501,"King Henry VI, the second part","King Henry VI, the second part",NA,NA,William Shakespeare,contents,directions,ACT V,SCENE I. Fields between Dartford and Blackheath,NA,NA,CLIFFORD.
1501,"King Henry VI, the second part","King Henry VI, the second part",NA,NA,William Shakespeare,contents,directions,ACT V,SCENE I. Fields between Dartford and Blackheath,NA,NA,"Why, what a brood of traitors have we here!"
1501,"King Henry VI, the second part","King Henry VI, the second part",NA,NA,William Shakespeare,contents,directions,ACT V,SCENE I. Fields between Dartford and Blackheath,NA,NA,YORK.
1501,"King Henry VI, the second part","King Henry VI, the second part",NA,NA,William Shakespeare,contents,directions,ACT V,SCENE I. Fields between Dartford and Blackheath,NA,NA,"Look in a glass, and call thy image so."
1501,"King Henry VI, the second part","King Henry VI, the second part",NA,NA,William Shakespeare,contents,directions,ACT V,SCENE I. Fields between Dartford and Blackheath,NA,NA,"I am thy king, and thou a false-heart traitor."
1501,"King Henry VI, the second part","King Henry VI, the second part",NA,NA,William Shakespeare,contents,directions,ACT V,SCENE I. Fields between Dartford and Blackheath,NA,NA,"Call hither to the stake my two brave bears,"
1501,"King Henry VI, the second part","King Henry VI, the second part",NA,NA,William Shakespeare,contents,directions,ACT V,SCENE I. Fields between Dartford and Blackheath,NA,NA,That with the very shaking of their chains
1501,"King Henry VI, the second part","King Henry VI, the second part",NA,NA,William Shakespeare,contents,directions,ACT V,SCENE I. Fields between Dartford and Blackheath,NA,NA,They may astonish these fell-lurking curs.
1501,"King Henry VI, the second part","King Henry VI, the second part",NA,NA,William Shakespeare,contents,directions,ACT V,SCENE I. Fields between Dartford and Blackheath,NA,NA,Bid Salisbury and Warwick come to me.
1501,"King Henry VI, the second part","King Henry VI, the second part",NA,NA,William Shakespeare,contents,directions,ACT V,SCENE I. Fields between Dartford and Blackheath,NA,NA,Enter the Earls of Warwick and Salisbury.
1501,"King Henry VI, the second part","King Henry VI, the second part",NA,NA,William Shakespeare,contents,directions,ACT V,SCENE I. Fields between Dartford and Blackheath,NA,NA,CLIFFORD.
1501,"King Henry VI, the second part","King Henry VI, the second part",NA,NA,William Shakespeare,contents,directions,ACT V,SCENE I. Fields between Dartford and Blackheath,NA,NA,Are these thy bears? We’ll bait thy bears to death
1501,"King Henry VI, the second part","King Henry VI, the second part",NA,NA,William Shakespeare,contents,directions,ACT V,SCENE I. Fields between Dartford and Blackheath,NA,NA,"And manacle the bearherd in their chains,"
1501,"King Henry VI, the second part","King Henry VI, the second part",NA,NA,William Shakespeare,contents,directions,ACT V,SCENE I. Fields between Dartford and Blackheath,NA,NA,If thou dar’st bring them to the baiting-place.
1501,"King Henry VI, the second part","King Henry VI, the second part",NA,NA,William Shakespeare,contents,directions,ACT V,SCENE I. Fields between Dartford and Blackheath,NA,NA,RICHARD.
1501,"King Henry VI, the second part","King Henry VI, the second part",NA,NA,William Shakespeare,contents,directions,ACT V,SCENE I. Fields between Dartford and Blackheath,NA,NA,Oft have I seen a hot o’erweening cur
1501,"King Henry VI, the second part","King Henry VI, the second part",NA,NA,William Shakespeare,contents,directions,ACT V,SCENE I. Fields between Dartford and Blackheath,NA,NA,"Run back and bite because he was withheld,"
1501,"King Henry VI, the second part","King Henry VI, the second part",NA,NA,William Shakespeare,contents,directions,ACT V,SCENE I. Fields between Dartford and Blackheath,NA,NA,"Who, being suffered with the bear’s fell paw,"
1501,"King Henry VI, the second part","King Henry VI, the second part",NA,NA,William Shakespeare,contents,directions,ACT V,SCENE I. Fields between Dartford and Blackheath,NA,NA,Hath clapped his tail between his legs and cried;
1501,"King Henry VI, the second part","King Henry VI, the second part",NA,NA,William Shakespeare,contents,directions,ACT V,SCENE I. Fields between Dartford and Blackheath,NA,NA,And such a piece of service will you do
1501,"King Henry VI, the second part","King Henry VI, the second part",NA,NA,William Shakespeare,contents,directions,ACT V,SCENE I. Fields between Dartford and Blackheath,NA,NA,If you oppose yourselves to match Lord Warwick.
1501,"King Henry VI, the second part","King Henry VI, the second part",NA,NA,William Shakespeare,contents,directions,ACT V,SCENE I. Fields between Dartford and Blackheath,NA,NA,CLIFFORD.
1501,"King Henry VI, the second part","King Henry VI, the second part",NA,NA,William Shakespeare,contents,directions,ACT V,SCENE I. Fields between Dartford and Blackheath,NA,NA,"Hence, heap of wrath, foul indigested lump,"
1501,"King Henry VI, the second part","King Henry VI, the second part",NA,NA,William Shakespeare,contents,directions,ACT V,SCENE I. Fields between Dartford and Blackheath,NA,NA,As crooked in thy manners as thy shape!
1501,"King Henry VI, the second part","King Henry VI, the second part",NA,NA,William Shakespeare,contents,directions,ACT V,SCENE I. Fields between Dartford and Blackheath,NA,NA,YORK.
1501,"King Henry VI, the second part","King Henry VI, the second part",NA,NA,William Shakespeare,contents,directions,ACT V,SCENE I. Fields between Dartford and Blackheath,NA,NA,"Nay, we shall heat you thoroughly anon."
1501,"King Henry VI, the second part","King Henry VI, the second part",NA,NA,William Shakespeare,contents,directions,ACT V,SCENE I. Fields between Dartford and Blackheath,NA,NA,CLIFFORD.
1501,"King Henry VI, the second part","King Henry VI, the second part",NA,NA,William Shakespeare,contents,directions,ACT V,SCENE I. Fields between Dartford and Blackheath,NA,NA,"Take heed, lest by your heat you burn yourselves."
1501,"King Henry VI, the second part","King Henry VI, the second part",NA,NA,William Shakespeare,contents,directions,ACT V,SCENE I. Fields between Dartford and Blackheath,NA,NA,KING HENRY.
1501,"King Henry VI, the second part","King Henry VI, the second part",NA,NA,William Shakespeare,contents,directions,ACT V,SCENE I. Fields between Dartford and Blackheath,NA,NA,"Why, Warwick, hath thy knee forgot to bow?"
1501,"King Henry VI, the second part","King Henry VI, the second part",NA,NA,William Shakespeare,contents,directions,ACT V,SCENE I. Fields between Dartford and Blackheath,NA,NA,"Old Salisbury, shame to thy silver hair,"
1501,"King Henry VI, the second part","King Henry VI, the second part",NA,NA,William Shakespeare,contents,directions,ACT V,SCENE I. Fields between Dartford and Blackheath,NA,NA,Thou mad misleader of thy brainsick son!
1501,"King Henry VI, the second part","King Henry VI, the second part",NA,NA,William Shakespeare,contents,directions,ACT V,SCENE I. Fields between Dartford and Blackheath,NA,NA,"What, wilt thou on thy deathbed play the ruffian,"
1501,"King Henry VI, the second part","King Henry VI, the second part",NA,NA,William Shakespeare,contents,directions,ACT V,SCENE I. Fields between Dartford and Blackheath,NA,NA,And seek for sorrow with thy spectacles?
1501,"King Henry VI, the second part","King Henry VI, the second part",NA,NA,William Shakespeare,contents,directions,ACT V,SCENE I. Fields between Dartford and Blackheath,NA,NA,"O, where is faith? O, where is loyalty?"
1501,"King Henry VI, the second part","King Henry VI, the second part",NA,NA,William Shakespeare,contents,directions,ACT V,SCENE I. Fields between Dartford and Blackheath,NA,NA,"If it be banished from the frosty head,"
1501,"King Henry VI, the second part","King Henry VI, the second part",NA,NA,William Shakespeare,contents,directions,ACT V,SCENE I. Fields between Dartford and Blackheath,NA,NA,Where shall it find a harbour in the earth?
1501,"King Henry VI, the second part","King Henry VI, the second part",NA,NA,William Shakespeare,contents,directions,ACT V,SCENE I. Fields between Dartford and Blackheath,NA,NA,"Wilt thou go dig a grave to find out war,"
1501,"King Henry VI, the second part","King Henry VI, the second part",NA,NA,William Shakespeare,contents,directions,ACT V,SCENE I. Fields between Dartford and Blackheath,NA,NA,And shame thine honourable age with blood?
1501,"King Henry VI, the second part","King Henry VI, the second part",NA,NA,William Shakespeare,contents,directions,ACT V,SCENE I. Fields between Dartford and Blackheath,NA,NA,"Why art thou old, and want’st experience?"
1501,"King Henry VI, the second part","King Henry VI, the second part",NA,NA,William Shakespeare,contents,directions,ACT V,SCENE I. Fields between Dartford and Blackheath,NA,NA,"Or wherefore dost abuse it, if thou hast it?"
1501,"King Henry VI, the second part","King Henry VI, the second part",NA,NA,William Shakespeare,contents,directions,ACT V,SCENE I. Fields between Dartford and Blackheath,NA,NA,"For shame, in duty bend thy knee to me"
1501,"King Henry VI, the second part","King Henry VI, the second part",NA,NA,William Shakespeare,contents,directions,ACT V,SCENE I. Fields between Dartford and Blackheath,NA,NA,That bows unto the grave with mickle age.
1501,"King Henry VI, the second part","King Henry VI, the second part",NA,NA,William Shakespeare,contents,directions,ACT V,SCENE I. Fields between Dartford and Blackheath,NA,NA,SALISBURY.
1501,"King Henry VI, the second part","King Henry VI, the second part",NA,NA,William Shakespeare,contents,directions,ACT V,SCENE I. Fields between Dartford and Blackheath,NA,NA,"My lord, I have considered with myself"
1501,"King Henry VI, the second part","King Henry VI, the second part",NA,NA,William Shakespeare,contents,directions,ACT V,SCENE I. Fields between Dartford and Blackheath,NA,NA,"The title of this most renowned duke,"
1501,"King Henry VI, the second part","King Henry VI, the second part",NA,NA,William Shakespeare,contents,directions,ACT V,SCENE I. Fields between Dartford and Blackheath,NA,NA,And in my conscience do repute his grace
1501,"King Henry VI, the second part","King Henry VI, the second part",NA,NA,William Shakespeare,contents,directions,ACT V,SCENE I. Fields between Dartford and Blackheath,NA,NA,The rightful heir to England’s royal seat.
1501,"King Henry VI, the second part","King Henry VI, the second part",NA,NA,William Shakespeare,contents,directions,ACT V,SCENE I. Fields between Dartford and Blackheath,NA,NA,KING HENRY.
1501,"King Henry VI, the second part","King Henry VI, the second part",NA,NA,William Shakespeare,contents,directions,ACT V,SCENE I. Fields between Dartford and Blackheath,NA,NA,Hast thou not sworn allegiance unto me?
1501,"King Henry VI, the second part","King Henry VI, the second part",NA,NA,William Shakespeare,contents,directions,ACT V,SCENE I. Fields between Dartford and Blackheath,NA,NA,SALISBURY.
1501,"King Henry VI, the second part","King Henry VI, the second part",NA,NA,William Shakespeare,contents,directions,ACT V,SCENE I. Fields between Dartford and Blackheath,NA,NA,I have.
1501,"King Henry VI, the second part","King Henry VI, the second part",NA,NA,William Shakespeare,contents,directions,ACT V,SCENE I. Fields between Dartford and Blackheath,NA,NA,KING HENRY.
1501,"King Henry VI, the second part","King Henry VI, the second part",NA,NA,William Shakespeare,contents,directions,ACT V,SCENE I. Fields between Dartford and Blackheath,NA,NA,Canst thou dispense with heaven for such an oath?
1501,"King Henry VI, the second part","King Henry VI, the second part",NA,NA,William Shakespeare,contents,directions,ACT V,SCENE I. Fields between Dartford and Blackheath,NA,NA,SALISBURY.
1501,"King Henry VI, the second part","King Henry VI, the second part",NA,NA,William Shakespeare,contents,directions,ACT V,SCENE I. Fields between Dartford and Blackheath,NA,NA,"It is great sin to swear unto a sin,"
1501,"King Henry VI, the second part","King Henry VI, the second part",NA,NA,William Shakespeare,contents,directions,ACT V,SCENE I. Fields between Dartford and Blackheath,NA,NA,But greater sin to keep a sinful oath.
1501,"King Henry VI, the second part","King Henry VI, the second part",NA,NA,William Shakespeare,contents,directions,ACT V,SCENE I. Fields between Dartford and Blackheath,NA,NA,Who can be bound by any solemn vow
1501,"King Henry VI, the second part","King Henry VI, the second part",NA,NA,William Shakespeare,contents,directions,ACT V,SCENE I. Fields between Dartford and Blackheath,NA,NA,"To do a murderous deed, to rob a man,"
1501,"King Henry VI, the second part","King Henry VI, the second part",NA,NA,William Shakespeare,contents,directions,ACT V,SCENE I. Fields between Dartford and Blackheath,NA,NA,"To force a spotless virgin’s chastity,"
1501,"King Henry VI, the second part","King Henry VI, the second part",NA,NA,William Shakespeare,contents,directions,ACT V,SCENE I. Fields between Dartford and Blackheath,NA,NA,"To reave the orphan of his patrimony,"
1501,"King Henry VI, the second part","King Henry VI, the second part",NA,NA,William Shakespeare,contents,directions,ACT V,SCENE I. Fields between Dartford and Blackheath,NA,NA,"To wring the widow from her customed right,"
1501,"King Henry VI, the second part","King Henry VI, the second part",NA,NA,William Shakespeare,contents,directions,ACT V,SCENE I. Fields between Dartford and Blackheath,NA,NA,And have no other reason for this wrong
1501,"King Henry VI, the second part","King Henry VI, the second part",NA,NA,William Shakespeare,contents,directions,ACT V,SCENE I. Fields between Dartford and Blackheath,NA,NA,But that he was bound by a solemn oath?
1501,"King Henry VI, the second part","King Henry VI, the second part",NA,NA,William Shakespeare,contents,directions,ACT V,SCENE I. Fields between Dartford and Blackheath,NA,NA,QUEEN MARGARET.
1501,"King Henry VI, the second part","King Henry VI, the second part",NA,NA,William Shakespeare,contents,directions,ACT V,SCENE I. Fields between Dartford and Blackheath,NA,NA,A subtle traitor needs no sophister.
1501,"King Henry VI, the second part","King Henry VI, the second part",NA,NA,William Shakespeare,contents,directions,ACT V,SCENE I. Fields between Dartford and Blackheath,NA,NA,KING HENRY.
1501,"King Henry VI, the second part","King Henry VI, the second part",NA,NA,William Shakespeare,contents,directions,ACT V,SCENE I. Fields between Dartford and Blackheath,NA,NA,"Call Buckingham, and bid him arm himself."
1501,"King Henry VI, the second part","King Henry VI, the second part",NA,NA,William Shakespeare,contents,directions,ACT V,SCENE I. Fields between Dartford and Blackheath,NA,NA,YORK.
1501,"King Henry VI, the second part","King Henry VI, the second part",NA,NA,William Shakespeare,contents,directions,ACT V,SCENE I. Fields between Dartford and Blackheath,NA,NA,"Call Buckingham, and all the friends thou hast,"
1501,"King Henry VI, the second part","King Henry VI, the second part",NA,NA,William Shakespeare,contents,directions,ACT V,SCENE I. Fields between Dartford and Blackheath,NA,NA,I am resolved for death or dignity.
1501,"King Henry VI, the second part","King Henry VI, the second part",NA,NA,William Shakespeare,contents,directions,ACT V,SCENE I. Fields between Dartford and Blackheath,NA,NA,CLIFFORD.
1501,"King Henry VI, the second part","King Henry VI, the second part",NA,NA,William Shakespeare,contents,directions,ACT V,SCENE I. Fields between Dartford and Blackheath,NA,NA,"The first I warrant thee, if dreams prove true."
1501,"King Henry VI, the second part","King Henry VI, the second part",NA,NA,William Shakespeare,contents,directions,ACT V,SCENE I. Fields between Dartford and Blackheath,NA,NA,WARWICK.
1501,"King Henry VI, the second part","King Henry VI, the second part",NA,NA,William Shakespeare,contents,directions,ACT V,SCENE I. Fields between Dartford and Blackheath,NA,NA,"You were best to go to bed and dream again,"
1501,"King Henry VI, the second part","King Henry VI, the second part",NA,NA,William Shakespeare,contents,directions,ACT V,SCENE I. Fields between Dartford and Blackheath,NA,NA,To keep thee from the tempest of the field.
1501,"King Henry VI, the second part","King Henry VI, the second part",NA,NA,William Shakespeare,contents,directions,ACT V,SCENE I. Fields between Dartford and Blackheath,NA,NA,CLIFFORD.
1501,"King Henry VI, the second part","King Henry VI, the second part",NA,NA,William Shakespeare,contents,directions,ACT V,SCENE I. Fields between Dartford and Blackheath,NA,NA,I am resolved to bear a greater storm
1501,"King Henry VI, the second part","King Henry VI, the second part",NA,NA,William Shakespeare,contents,directions,ACT V,SCENE I. Fields between Dartford and Blackheath,NA,NA,Than any thou canst conjure up today;
1501,"King Henry VI, the second part","King Henry VI, the second part",NA,NA,William Shakespeare,contents,directions,ACT V,SCENE I. Fields between Dartford and Blackheath,NA,NA,"And that I’ll write upon thy burgonet,"
1501,"King Henry VI, the second part","King Henry VI, the second part",NA,NA,William Shakespeare,contents,directions,ACT V,SCENE I. Fields between Dartford and Blackheath,NA,NA,Might I but know thee by thy household badge.
1501,"King Henry VI, the second part","King Henry VI, the second part",NA,NA,William Shakespeare,contents,directions,ACT V,SCENE I. Fields between Dartford and Blackheath,NA,NA,WARWICK.
1501,"King Henry VI, the second part","King Henry VI, the second part",NA,NA,William Shakespeare,contents,directions,ACT V,SCENE I. Fields between Dartford and Blackheath,NA,NA,"Now, by my father’s badge, old Neville’s crest,"
1501,"King Henry VI, the second part","King Henry VI, the second part",NA,NA,William Shakespeare,contents,directions,ACT V,SCENE I. Fields between Dartford and Blackheath,NA,NA,"The rampant bear chained to the ragged staff,"
1501,"King Henry VI, the second part","King Henry VI, the second part",NA,NA,William Shakespeare,contents,directions,ACT V,SCENE I. Fields between Dartford and Blackheath,NA,NA,"This day I’ll wear aloft my burgonet,"
1501,"King Henry VI, the second part","King Henry VI, the second part",NA,NA,William Shakespeare,contents,directions,ACT V,SCENE I. Fields between Dartford and Blackheath,NA,NA,As on a mountain top the cedar shows
1501,"King Henry VI, the second part","King Henry VI, the second part",NA,NA,William Shakespeare,contents,directions,ACT V,SCENE I. Fields between Dartford and Blackheath,NA,NA,"That keeps his leaves in spite of any storm,"
1501,"King Henry VI, the second part","King Henry VI, the second part",NA,NA,William Shakespeare,contents,directions,ACT V,SCENE I. Fields between Dartford and Blackheath,NA,NA,Even to affright thee with the view thereof.
1501,"King Henry VI, the second part","King Henry VI, the second part",NA,NA,William Shakespeare,contents,directions,ACT V,SCENE I. Fields between Dartford and Blackheath,NA,NA,CLIFFORD.
1501,"King Henry VI, the second part","King Henry VI, the second part",NA,NA,William Shakespeare,contents,directions,ACT V,SCENE I. Fields between Dartford and Blackheath,NA,NA,And from thy burgonet I’ll rend thy bear
1501,"King Henry VI, the second part","King Henry VI, the second part",NA,NA,William Shakespeare,contents,directions,ACT V,SCENE I. Fields between Dartford and Blackheath,NA,NA,"And tread it under foot with all contempt,"
1501,"King Henry VI, the second part","King Henry VI, the second part",NA,NA,William Shakespeare,contents,directions,ACT V,SCENE I. Fields between Dartford and Blackheath,NA,NA,Despite the bearherd that protects the bear.
1501,"King Henry VI, the second part","King Henry VI, the second part",NA,NA,William Shakespeare,contents,directions,ACT V,SCENE I. Fields between Dartford and Blackheath,NA,NA,YOUNG CLIFFORD.
1501,"King Henry VI, the second part","King Henry VI, the second part",NA,NA,William Shakespeare,contents,directions,ACT V,SCENE I. Fields between Dartford and Blackheath,NA,NA,"And so to arms, victorious father,"
1501,"King Henry VI, the second part","King Henry VI, the second part",NA,NA,William Shakespeare,contents,directions,ACT V,SCENE I. Fields between Dartford and Blackheath,NA,NA,To quell the rebels and their complices.
1501,"King Henry VI, the second part","King Henry VI, the second part",NA,NA,William Shakespeare,contents,directions,ACT V,SCENE I. Fields between Dartford and Blackheath,NA,NA,RICHARD.
1501,"King Henry VI, the second part","King Henry VI, the second part",NA,NA,William Shakespeare,contents,directions,ACT V,SCENE I. Fields between Dartford and Blackheath,NA,NA,"Fie, charity, for shame! Speak not in spite,"
1501,"King Henry VI, the second part","King Henry VI, the second part",NA,NA,William Shakespeare,contents,directions,ACT V,SCENE I. Fields between Dartford and Blackheath,NA,NA,For you shall sup with Jesu Christ tonight.
1501,"King Henry VI, the second part","King Henry VI, the second part",NA,NA,William Shakespeare,contents,directions,ACT V,SCENE I. Fields between Dartford and Blackheath,NA,NA,YOUNG CLIFFORD.
1501,"King Henry VI, the second part","King Henry VI, the second part",NA,NA,William Shakespeare,contents,directions,ACT V,SCENE I. Fields between Dartford and Blackheath,NA,NA,"Foul stigmatic, that’s more than thou canst tell."
1501,"King Henry VI, the second part","King Henry VI, the second part",NA,NA,William Shakespeare,contents,directions,ACT V,SCENE I. Fields between Dartford and Blackheath,NA,NA,RICHARD.
1501,"King Henry VI, the second part","King Henry VI, the second part",NA,NA,William Shakespeare,contents,directions,ACT V,SCENE I. Fields between Dartford and Blackheath,NA,NA,"If not in heaven, you’ll surely sup in hell."
1501,"King Henry VI, the second part","King Henry VI, the second part",NA,NA,William Shakespeare,contents,directions,ACT V,SCENE I. Fields between Dartford and Blackheath,NA,NA,[Exeunt severally.]
1501,"King Henry VI, the second part","King Henry VI, the second part",NA,NA,William Shakespeare,contents,reference,ACT V,SCENE II. Saint Albans,NA,NA,SCENE II. Saint Albans
1501,"King Henry VI, the second part","King Henry VI, the second part",NA,NA,William Shakespeare,contents,directions,ACT V,SCENE II. Saint Albans,NA,NA,The sign of the Castle Inn is displayed. Alarums to the battle. Enter
1501,"King Henry VI, the second part","King Henry VI, the second part",NA,NA,William Shakespeare,contents,directions,ACT V,SCENE II. Saint Albans,NA,NA,Warwick.
1501,"King Henry VI, the second part","King Henry VI, the second part",NA,NA,William Shakespeare,contents,directions,ACT V,SCENE II. Saint Albans,NA,NA,WARWICK.
1501,"King Henry VI, the second part","King Henry VI, the second part",NA,NA,William Shakespeare,contents,directions,ACT V,SCENE II. Saint Albans,NA,NA,"Clifford of Cumberland, ’tis Warwick calls;"
1501,"King Henry VI, the second part","King Henry VI, the second part",NA,NA,William Shakespeare,contents,directions,ACT V,SCENE II. Saint Albans,NA,NA,"An if thou dost not hide thee from the bear,"
1501,"King Henry VI, the second part","King Henry VI, the second part",NA,NA,William Shakespeare,contents,directions,ACT V,SCENE II. Saint Albans,NA,NA,"Now, when the angry trumpet sounds alarum"
1501,"King Henry VI, the second part","King Henry VI, the second part",NA,NA,William Shakespeare,contents,directions,ACT V,SCENE II. Saint Albans,NA,NA,"And dead men’s cries do fill the empty air,"
1501,"King Henry VI, the second part","King Henry VI, the second part",NA,NA,William Shakespeare,contents,directions,ACT V,SCENE II. Saint Albans,NA,NA,"Clifford, I say, come forth and fight with me!"
1501,"King Henry VI, the second part","King Henry VI, the second part",NA,NA,William Shakespeare,contents,directions,ACT V,SCENE II. Saint Albans,NA,NA,"Proud northern lord, Clifford of Cumberland,"
1501,"King Henry VI, the second part","King Henry VI, the second part",NA,NA,William Shakespeare,contents,directions,ACT V,SCENE II. Saint Albans,NA,NA,Warwick is hoarse with calling thee to arms.
1501,"King Henry VI, the second part","King Henry VI, the second part",NA,NA,William Shakespeare,contents,directions,ACT V,SCENE II. Saint Albans,NA,NA,Enter York.
1501,"King Henry VI, the second part","King Henry VI, the second part",NA,NA,William Shakespeare,contents,directions,ACT V,SCENE II. Saint Albans,NA,NA,"How now, my noble lord? What, all afoot?"
1501,"King Henry VI, the second part","King Henry VI, the second part",NA,NA,William Shakespeare,contents,directions,ACT V,SCENE II. Saint Albans,NA,NA,YORK.
1501,"King Henry VI, the second part","King Henry VI, the second part",NA,NA,William Shakespeare,contents,directions,ACT V,SCENE II. Saint Albans,NA,NA,"The deadly-handed Clifford slew my steed,"
1501,"King Henry VI, the second part","King Henry VI, the second part",NA,NA,William Shakespeare,contents,directions,ACT V,SCENE II. Saint Albans,NA,NA,But match to match I have encountered him
1501,"King Henry VI, the second part","King Henry VI, the second part",NA,NA,William Shakespeare,contents,directions,ACT V,SCENE II. Saint Albans,NA,NA,And made a prey for carrion kites and crows
1501,"King Henry VI, the second part","King Henry VI, the second part",NA,NA,William Shakespeare,contents,directions,ACT V,SCENE II. Saint Albans,NA,NA,Even of the bonny beast he loved so well.
1501,"King Henry VI, the second part","King Henry VI, the second part",NA,NA,William Shakespeare,contents,directions,ACT V,SCENE II. Saint Albans,NA,NA,Enter old Clifford.
1501,"King Henry VI, the second part","King Henry VI, the second part",NA,NA,William Shakespeare,contents,directions,ACT V,SCENE II. Saint Albans,NA,NA,WARWICK.
1501,"King Henry VI, the second part","King Henry VI, the second part",NA,NA,William Shakespeare,contents,directions,ACT V,SCENE II. Saint Albans,NA,NA,Of one or both of us the time is come.
1501,"King Henry VI, the second part","King Henry VI, the second part",NA,NA,William Shakespeare,contents,directions,ACT V,SCENE II. Saint Albans,NA,NA,YORK.
1501,"King Henry VI, the second part","King Henry VI, the second part",NA,NA,William Shakespeare,contents,directions,ACT V,SCENE II. Saint Albans,NA,NA,"Hold, Warwick, seek thee out some other chase,"
1501,"King Henry VI, the second part","King Henry VI, the second part",NA,NA,William Shakespeare,contents,directions,ACT V,SCENE II. Saint Albans,NA,NA,For I myself must hunt this deer to death.
1501,"King Henry VI, the second part","King Henry VI, the second part",NA,NA,William Shakespeare,contents,directions,ACT V,SCENE II. Saint Albans,NA,NA,WARWICK.
1501,"King Henry VI, the second part","King Henry VI, the second part",NA,NA,William Shakespeare,contents,directions,ACT V,SCENE II. Saint Albans,NA,NA,"Then, nobly, York; ’tis for a crown thou fight’st."
1501,"King Henry VI, the second part","King Henry VI, the second part",NA,NA,William Shakespeare,contents,directions,ACT V,SCENE II. Saint Albans,NA,NA,"As I intend, Clifford, to thrive today,"
1501,"King Henry VI, the second part","King Henry VI, the second part",NA,NA,William Shakespeare,contents,directions,ACT V,SCENE II. Saint Albans,NA,NA,It grieves my soul to leave thee unassailed.
1501,"King Henry VI, the second part","King Henry VI, the second part",NA,NA,William Shakespeare,contents,directions,ACT V,SCENE II. Saint Albans,NA,NA,[Exit.]
1501,"King Henry VI, the second part","King Henry VI, the second part",NA,NA,William Shakespeare,contents,directions,ACT V,SCENE II. Saint Albans,NA,NA,CLIFFORD.
1501,"King Henry VI, the second part","King Henry VI, the second part",NA,NA,William Shakespeare,contents,directions,ACT V,SCENE II. Saint Albans,NA,NA,"What seest thou in me, York? Why dost thou pause?"
1501,"King Henry VI, the second part","King Henry VI, the second part",NA,NA,William Shakespeare,contents,directions,ACT V,SCENE II. Saint Albans,NA,NA,YORK.
1501,"King Henry VI, the second part","King Henry VI, the second part",NA,NA,William Shakespeare,contents,directions,ACT V,SCENE II. Saint Albans,NA,NA,"With thy brave bearing should I be in love,"
1501,"King Henry VI, the second part","King Henry VI, the second part",NA,NA,William Shakespeare,contents,directions,ACT V,SCENE II. Saint Albans,NA,NA,But that thou art so fast mine enemy.
1501,"King Henry VI, the second part","King Henry VI, the second part",NA,NA,William Shakespeare,contents,directions,ACT V,SCENE II. Saint Albans,NA,NA,CLIFFORD.
1501,"King Henry VI, the second part","King Henry VI, the second part",NA,NA,William Shakespeare,contents,directions,ACT V,SCENE II. Saint Albans,NA,NA,"Nor should thy prowess want praise and esteem,"
1501,"King Henry VI, the second part","King Henry VI, the second part",NA,NA,William Shakespeare,contents,directions,ACT V,SCENE II. Saint Albans,NA,NA,But that ’tis shown ignobly and in treason.
1501,"King Henry VI, the second part","King Henry VI, the second part",NA,NA,William Shakespeare,contents,directions,ACT V,SCENE II. Saint Albans,NA,NA,YORK.
1501,"King Henry VI, the second part","King Henry VI, the second part",NA,NA,William Shakespeare,contents,directions,ACT V,SCENE II. Saint Albans,NA,NA,So let it help me now against thy sword
1501,"King Henry VI, the second part","King Henry VI, the second part",NA,NA,William Shakespeare,contents,directions,ACT V,SCENE II. Saint Albans,NA,NA,As I in justice and true right express it!
1501,"King Henry VI, the second part","King Henry VI, the second part",NA,NA,William Shakespeare,contents,directions,ACT V,SCENE II. Saint Albans,NA,NA,CLIFFORD.
1501,"King Henry VI, the second part","King Henry VI, the second part",NA,NA,William Shakespeare,contents,directions,ACT V,SCENE II. Saint Albans,NA,NA,My soul and body on the action both!
1501,"King Henry VI, the second part","King Henry VI, the second part",NA,NA,William Shakespeare,contents,directions,ACT V,SCENE II. Saint Albans,NA,NA,YORK.
1501,"King Henry VI, the second part","King Henry VI, the second part",NA,NA,William Shakespeare,contents,directions,ACT V,SCENE II. Saint Albans,NA,NA,A dreadful lay! Address thee instantly.
1501,"King Henry VI, the second part","King Henry VI, the second part",NA,NA,William Shakespeare,contents,directions,ACT V,SCENE II. Saint Albans,NA,NA,[They fight and Clifford falls.]
1501,"King Henry VI, the second part","King Henry VI, the second part",NA,NA,William Shakespeare,contents,directions,ACT V,SCENE II. Saint Albans,NA,NA,CLIFFORD.
1501,"King Henry VI, the second part","King Henry VI, the second part",NA,NA,William Shakespeare,contents,directions,ACT V,SCENE II. Saint Albans,NA,NA,La fin couronne les oeuvres.
1501,"King Henry VI, the second part","King Henry VI, the second part",NA,NA,William Shakespeare,contents,directions,ACT V,SCENE II. Saint Albans,NA,NA,[Dies.]
1501,"King Henry VI, the second part","King Henry VI, the second part",NA,NA,William Shakespeare,contents,directions,ACT V,SCENE II. Saint Albans,NA,NA,YORK.
1501,"King Henry VI, the second part","King Henry VI, the second part",NA,NA,William Shakespeare,contents,directions,ACT V,SCENE II. Saint Albans,NA,NA,"Thus war hath given thee peace, for thou art still."
1501,"King Henry VI, the second part","King Henry VI, the second part",NA,NA,William Shakespeare,contents,directions,ACT V,SCENE II. Saint Albans,NA,NA,"Peace with his soul, heaven, if it be thy will!"
1501,"King Henry VI, the second part","King Henry VI, the second part",NA,NA,William Shakespeare,contents,directions,ACT V,SCENE II. Saint Albans,NA,NA,[Exit.]
1501,"King Henry VI, the second part","King Henry VI, the second part",NA,NA,William Shakespeare,contents,directions,ACT V,SCENE II. Saint Albans,NA,NA,Enter young Clifford.
1501,"King Henry VI, the second part","King Henry VI, the second part",NA,NA,William Shakespeare,contents,directions,ACT V,SCENE II. Saint Albans,NA,NA,YOUNG CLIFFORD.
1501,"King Henry VI, the second part","King Henry VI, the second part",NA,NA,William Shakespeare,contents,directions,ACT V,SCENE II. Saint Albans,NA,NA,"Shame and confusion! All is on the rout,"
1501,"King Henry VI, the second part","King Henry VI, the second part",NA,NA,William Shakespeare,contents,directions,ACT V,SCENE II. Saint Albans,NA,NA,"Fear frames disorder, and disorder wounds"
1501,"King Henry VI, the second part","King Henry VI, the second part",NA,NA,William Shakespeare,contents,directions,ACT V,SCENE II. Saint Albans,NA,NA,"Where it should guard. O war, thou son of hell,"
1501,"King Henry VI, the second part","King Henry VI, the second part",NA,NA,William Shakespeare,contents,directions,ACT V,SCENE II. Saint Albans,NA,NA,"Whom angry heavens do make their minister,"
1501,"King Henry VI, the second part","King Henry VI, the second part",NA,NA,William Shakespeare,contents,directions,ACT V,SCENE II. Saint Albans,NA,NA,Throw in the frozen bosoms of our part
1501,"King Henry VI, the second part","King Henry VI, the second part",NA,NA,William Shakespeare,contents,directions,ACT V,SCENE II. Saint Albans,NA,NA,Hot coals of vengeance! Let no soldier fly.
1501,"King Henry VI, the second part","King Henry VI, the second part",NA,NA,William Shakespeare,contents,directions,ACT V,SCENE II. Saint Albans,NA,NA,He that is truly dedicate to war
1501,"King Henry VI, the second part","King Henry VI, the second part",NA,NA,William Shakespeare,contents,directions,ACT V,SCENE II. Saint Albans,NA,NA,Hath no self-love; nor he that loves himself
1501,"King Henry VI, the second part","King Henry VI, the second part",NA,NA,William Shakespeare,contents,directions,ACT V,SCENE II. Saint Albans,NA,NA,"Hath not essentially but by circumstance,"
1501,"King Henry VI, the second part","King Henry VI, the second part",NA,NA,William Shakespeare,contents,directions,ACT V,SCENE II. Saint Albans,NA,NA,"The name of valour. [Sees his dead father.] O, let the vile world end"
1501,"King Henry VI, the second part","King Henry VI, the second part",NA,NA,William Shakespeare,contents,directions,ACT V,SCENE II. Saint Albans,NA,NA,And the premised flames of the last day
1501,"King Henry VI, the second part","King Henry VI, the second part",NA,NA,William Shakespeare,contents,directions,ACT V,SCENE II. Saint Albans,NA,NA,Knit earth and heaven together!
1501,"King Henry VI, the second part","King Henry VI, the second part",NA,NA,William Shakespeare,contents,directions,ACT V,SCENE II. Saint Albans,NA,NA,"Now let the general trumpet blow his blast,"
1501,"King Henry VI, the second part","King Henry VI, the second part",NA,NA,William Shakespeare,contents,directions,ACT V,SCENE II. Saint Albans,NA,NA,Particularities and petty sounds
1501,"King Henry VI, the second part","King Henry VI, the second part",NA,NA,William Shakespeare,contents,directions,ACT V,SCENE II. Saint Albans,NA,NA,"To cease! Wast thou ordained, dear father,"
1501,"King Henry VI, the second part","King Henry VI, the second part",NA,NA,William Shakespeare,contents,directions,ACT V,SCENE II. Saint Albans,NA,NA,"To lose thy youth in peace, and to achieve"
1501,"King Henry VI, the second part","King Henry VI, the second part",NA,NA,William Shakespeare,contents,directions,ACT V,SCENE II. Saint Albans,NA,NA,"The silver livery of advised age,"
1501,"King Henry VI, the second part","King Henry VI, the second part",NA,NA,William Shakespeare,contents,directions,ACT V,SCENE II. Saint Albans,NA,NA,"And, in thy reverence and thy chair-days, thus"
1501,"King Henry VI, the second part","King Henry VI, the second part",NA,NA,William Shakespeare,contents,directions,ACT V,SCENE II. Saint Albans,NA,NA,To die in ruffian battle? Even at this sight
1501,"King Henry VI, the second part","King Henry VI, the second part",NA,NA,William Shakespeare,contents,directions,ACT V,SCENE II. Saint Albans,NA,NA,"My heart is turned to stone, and while ’tis mine"
1501,"King Henry VI, the second part","King Henry VI, the second part",NA,NA,William Shakespeare,contents,directions,ACT V,SCENE II. Saint Albans,NA,NA,It shall be stony. York not our old men spares;
1501,"King Henry VI, the second part","King Henry VI, the second part",NA,NA,William Shakespeare,contents,directions,ACT V,SCENE II. Saint Albans,NA,NA,No more will I their babes; tears virginal
1501,"King Henry VI, the second part","King Henry VI, the second part",NA,NA,William Shakespeare,contents,directions,ACT V,SCENE II. Saint Albans,NA,NA,"Shall be to me even as the dew to fire,"
1501,"King Henry VI, the second part","King Henry VI, the second part",NA,NA,William Shakespeare,contents,directions,ACT V,SCENE II. Saint Albans,NA,NA,"And beauty, that the tyrant oft reclaims,"
1501,"King Henry VI, the second part","King Henry VI, the second part",NA,NA,William Shakespeare,contents,directions,ACT V,SCENE II. Saint Albans,NA,NA,Shall to my flaming wrath be oil and flax.
1501,"King Henry VI, the second part","King Henry VI, the second part",NA,NA,William Shakespeare,contents,directions,ACT V,SCENE II. Saint Albans,NA,NA,Henceforth I will not have to do with pity.
1501,"King Henry VI, the second part","King Henry VI, the second part",NA,NA,William Shakespeare,contents,directions,ACT V,SCENE II. Saint Albans,NA,NA,"Meet I an infant of the house of York,"
1501,"King Henry VI, the second part","King Henry VI, the second part",NA,NA,William Shakespeare,contents,directions,ACT V,SCENE II. Saint Albans,NA,NA,Into as many gobbets will I cut it
1501,"King Henry VI, the second part","King Henry VI, the second part",NA,NA,William Shakespeare,contents,directions,ACT V,SCENE II. Saint Albans,NA,NA,As wild Medea young Absyrtus did.
1501,"King Henry VI, the second part","King Henry VI, the second part",NA,NA,William Shakespeare,contents,directions,ACT V,SCENE II. Saint Albans,NA,NA,In cruelty will I seek out my fame.
1501,"King Henry VI, the second part","King Henry VI, the second part",NA,NA,William Shakespeare,contents,directions,ACT V,SCENE II. Saint Albans,NA,NA,[He takes him up on his back.]
1501,"King Henry VI, the second part","King Henry VI, the second part",NA,NA,William Shakespeare,contents,directions,ACT V,SCENE II. Saint Albans,NA,NA,"Come, thou new ruin of old Clifford’s house;"
1501,"King Henry VI, the second part","King Henry VI, the second part",NA,NA,William Shakespeare,contents,directions,ACT V,SCENE II. Saint Albans,NA,NA,"As did Aeneas old Anchises bear,"
1501,"King Henry VI, the second part","King Henry VI, the second part",NA,NA,William Shakespeare,contents,directions,ACT V,SCENE II. Saint Albans,NA,NA,So bear I thee upon my manly shoulders;
1501,"King Henry VI, the second part","King Henry VI, the second part",NA,NA,William Shakespeare,contents,directions,ACT V,SCENE II. Saint Albans,NA,NA,"But then Aeneas bare a living load,"
1501,"King Henry VI, the second part","King Henry VI, the second part",NA,NA,William Shakespeare,contents,directions,ACT V,SCENE II. Saint Albans,NA,NA,Nothing so heavy as these woes of mine.
1501,"King Henry VI, the second part","King Henry VI, the second part",NA,NA,William Shakespeare,contents,directions,ACT V,SCENE II. Saint Albans,NA,NA,"[Exit, bearing off his father.]"
1501,"King Henry VI, the second part","King Henry VI, the second part",NA,NA,William Shakespeare,contents,directions,ACT V,SCENE II. Saint Albans,NA,NA,Enter Richard and Somerset to fight. Somerset is killed.
1501,"King Henry VI, the second part","King Henry VI, the second part",NA,NA,William Shakespeare,contents,directions,ACT V,SCENE II. Saint Albans,NA,NA,RICHARD.
1501,"King Henry VI, the second part","King Henry VI, the second part",NA,NA,William Shakespeare,contents,directions,ACT V,SCENE II. Saint Albans,NA,NA,"So, lie thou there;"
1501,"King Henry VI, the second part","King Henry VI, the second part",NA,NA,William Shakespeare,contents,directions,ACT V,SCENE II. Saint Albans,NA,NA,"For underneath an alehouse’ paltry sign,"
1501,"King Henry VI, the second part","King Henry VI, the second part",NA,NA,William Shakespeare,contents,directions,ACT V,SCENE II. Saint Albans,NA,NA,"The Castle in Saint Albans, Somerset"
1501,"King Henry VI, the second part","King Henry VI, the second part",NA,NA,William Shakespeare,contents,directions,ACT V,SCENE II. Saint Albans,NA,NA,Hath made the wizard famous in his death.
1501,"King Henry VI, the second part","King Henry VI, the second part",NA,NA,William Shakespeare,contents,directions,ACT V,SCENE II. Saint Albans,NA,NA,"Sword, hold thy temper; heart, be wrathful still!"
1501,"King Henry VI, the second part","King Henry VI, the second part",NA,NA,William Shakespeare,contents,directions,ACT V,SCENE II. Saint Albans,NA,NA,"Priests pray for enemies, but princes kill."
1501,"King Henry VI, the second part","King Henry VI, the second part",NA,NA,William Shakespeare,contents,directions,ACT V,SCENE II. Saint Albans,NA,NA,[Exit.]
1501,"King Henry VI, the second part","King Henry VI, the second part",NA,NA,William Shakespeare,contents,directions,ACT V,SCENE II. Saint Albans,NA,NA,"Fight. Excursions. Enter King, Queen and others."
1501,"King Henry VI, the second part","King Henry VI, the second part",NA,NA,William Shakespeare,contents,directions,ACT V,SCENE II. Saint Albans,NA,NA,QUEEN MARGARET.
1501,"King Henry VI, the second part","King Henry VI, the second part",NA,NA,William Shakespeare,contents,directions,ACT V,SCENE II. Saint Albans,NA,NA,"Away, my lord! You are slow, for shame, away!"
1501,"King Henry VI, the second part","King Henry VI, the second part",NA,NA,William Shakespeare,contents,directions,ACT V,SCENE II. Saint Albans,NA,NA,KING HENRY.
1501,"King Henry VI, the second part","King Henry VI, the second part",NA,NA,William Shakespeare,contents,directions,ACT V,SCENE II. Saint Albans,NA,NA,"Can we outrun the heavens? Good Margaret, stay."
1501,"King Henry VI, the second part","King Henry VI, the second part",NA,NA,William Shakespeare,contents,directions,ACT V,SCENE II. Saint Albans,NA,NA,QUEEN MARGARET.
1501,"King Henry VI, the second part","King Henry VI, the second part",NA,NA,William Shakespeare,contents,directions,ACT V,SCENE II. Saint Albans,NA,NA,What are you made of? You’ll nor fight nor fly.
1501,"King Henry VI, the second part","King Henry VI, the second part",NA,NA,William Shakespeare,contents,directions,ACT V,SCENE II. Saint Albans,NA,NA,"Now is it manhood, wisdom, and defence"
1501,"King Henry VI, the second part","King Henry VI, the second part",NA,NA,William Shakespeare,contents,directions,ACT V,SCENE II. Saint Albans,NA,NA,"To give the enemy way, and to secure us"
1501,"King Henry VI, the second part","King Henry VI, the second part",NA,NA,William Shakespeare,contents,directions,ACT V,SCENE II. Saint Albans,NA,NA,"By what we can, which can no more but fly."
1501,"King Henry VI, the second part","King Henry VI, the second part",NA,NA,William Shakespeare,contents,directions,ACT V,SCENE II. Saint Albans,NA,NA,[Alarum afar off.]
1501,"King Henry VI, the second part","King Henry VI, the second part",NA,NA,William Shakespeare,contents,directions,ACT V,SCENE II. Saint Albans,NA,NA,"If you be ta’en, we then should see the bottom"
1501,"King Henry VI, the second part","King Henry VI, the second part",NA,NA,William Shakespeare,contents,directions,ACT V,SCENE II. Saint Albans,NA,NA,"Of all our fortunes; but if we haply scape,"
1501,"King Henry VI, the second part","King Henry VI, the second part",NA,NA,William Shakespeare,contents,directions,ACT V,SCENE II. Saint Albans,NA,NA,"As well we may, if not through your neglect,"
1501,"King Henry VI, the second part","King Henry VI, the second part",NA,NA,William Shakespeare,contents,directions,ACT V,SCENE II. Saint Albans,NA,NA,"We shall to London get, where you are loved"
1501,"King Henry VI, the second part","King Henry VI, the second part",NA,NA,William Shakespeare,contents,directions,ACT V,SCENE II. Saint Albans,NA,NA,And where this breach now in our fortunes made
1501,"King Henry VI, the second part","King Henry VI, the second part",NA,NA,William Shakespeare,contents,directions,ACT V,SCENE II. Saint Albans,NA,NA,May readily be stopped.
1501,"King Henry VI, the second part","King Henry VI, the second part",NA,NA,William Shakespeare,contents,directions,ACT V,SCENE II. Saint Albans,NA,NA,Enter young Clifford.
1501,"King Henry VI, the second part","King Henry VI, the second part",NA,NA,William Shakespeare,contents,directions,ACT V,SCENE II. Saint Albans,NA,NA,YOUNG CLIFFORD.
1501,"King Henry VI, the second part","King Henry VI, the second part",NA,NA,William Shakespeare,contents,directions,ACT V,SCENE II. Saint Albans,NA,NA,"But that my heart’s on future mischief set,"
1501,"King Henry VI, the second part","King Henry VI, the second part",NA,NA,William Shakespeare,contents,directions,ACT V,SCENE II. Saint Albans,NA,NA,I would speak blasphemy ere bid you fly;
1501,"King Henry VI, the second part","King Henry VI, the second part",NA,NA,William Shakespeare,contents,directions,ACT V,SCENE II. Saint Albans,NA,NA,But fly you must; uncurable discomfit
1501,"King Henry VI, the second part","King Henry VI, the second part",NA,NA,William Shakespeare,contents,directions,ACT V,SCENE II. Saint Albans,NA,NA,Reigns in the hearts of all our present parts.
1501,"King Henry VI, the second part","King Henry VI, the second part",NA,NA,William Shakespeare,contents,directions,ACT V,SCENE II. Saint Albans,NA,NA,"Away, for your relief! And we will live"
1501,"King Henry VI, the second part","King Henry VI, the second part",NA,NA,William Shakespeare,contents,directions,ACT V,SCENE II. Saint Albans,NA,NA,To see their day and them our fortune give.
1501,"King Henry VI, the second part","King Henry VI, the second part",NA,NA,William Shakespeare,contents,directions,ACT V,SCENE II. Saint Albans,NA,NA,"Away, my lord, away!"
1501,"King Henry VI, the second part","King Henry VI, the second part",NA,NA,William Shakespeare,contents,directions,ACT V,SCENE II. Saint Albans,NA,NA,[Exeunt.]
1501,"King Henry VI, the second part","King Henry VI, the second part",NA,NA,William Shakespeare,contents,reference,ACT V,SCENE III. Fields near Saint Albans,NA,NA,SCENE III. Fields near Saint Albans
1501,"King Henry VI, the second part","King Henry VI, the second part",NA,NA,William Shakespeare,contents,directions,ACT V,SCENE III. Fields near Saint Albans,NA,NA,"Alarum. Retreat. Enter York, Richard, Warwick and Soldiers with drum"
1501,"King Henry VI, the second part","King Henry VI, the second part",NA,NA,William Shakespeare,contents,directions,ACT V,SCENE III. Fields near Saint Albans,NA,NA,and colours.
1501,"King Henry VI, the second part","King Henry VI, the second part",NA,NA,William Shakespeare,contents,directions,ACT V,SCENE III. Fields near Saint Albans,NA,NA,YORK.
1501,"King Henry VI, the second part","King Henry VI, the second part",NA,NA,William Shakespeare,contents,directions,ACT V,SCENE III. Fields near Saint Albans,NA,NA,"Of Salisbury, who can report of him,"
1501,"King Henry VI, the second part","King Henry VI, the second part",NA,NA,William Shakespeare,contents,directions,ACT V,SCENE III. Fields near Saint Albans,NA,NA,"That winter lion, who in rage forgets"
1501,"King Henry VI, the second part","King Henry VI, the second part",NA,NA,William Shakespeare,contents,directions,ACT V,SCENE III. Fields near Saint Albans,NA,NA,"Aged contusions and all brush of time,"
1501,"King Henry VI, the second part","King Henry VI, the second part",NA,NA,William Shakespeare,contents,directions,ACT V,SCENE III. Fields near Saint Albans,NA,NA,"And, like a gallant in the brow of youth,"
1501,"King Henry VI, the second part","King Henry VI, the second part",NA,NA,William Shakespeare,contents,directions,ACT V,SCENE III. Fields near Saint Albans,NA,NA,Repairs him with occasion? This happy day
1501,"King Henry VI, the second part","King Henry VI, the second part",NA,NA,William Shakespeare,contents,directions,ACT V,SCENE III. Fields near Saint Albans,NA,NA,"Is not itself, nor have we won one foot,"
1501,"King Henry VI, the second part","King Henry VI, the second part",NA,NA,William Shakespeare,contents,directions,ACT V,SCENE III. Fields near Saint Albans,NA,NA,If Salisbury be lost.
1501,"King Henry VI, the second part","King Henry VI, the second part",NA,NA,William Shakespeare,contents,directions,ACT V,SCENE III. Fields near Saint Albans,NA,NA,RICHARD.
1501,"King Henry VI, the second part","King Henry VI, the second part",NA,NA,William Shakespeare,contents,directions,ACT V,SCENE III. Fields near Saint Albans,NA,NA,"My noble father,"
1501,"King Henry VI, the second part","King Henry VI, the second part",NA,NA,William Shakespeare,contents,directions,ACT V,SCENE III. Fields near Saint Albans,NA,NA,"Three times today I holp him to his horse,"
1501,"King Henry VI, the second part","King Henry VI, the second part",NA,NA,William Shakespeare,contents,directions,ACT V,SCENE III. Fields near Saint Albans,NA,NA,"Three times bestrid him; thrice I led him off,"
1501,"King Henry VI, the second part","King Henry VI, the second part",NA,NA,William Shakespeare,contents,directions,ACT V,SCENE III. Fields near Saint Albans,NA,NA,Persuaded him from any further act;
1501,"King Henry VI, the second part","King Henry VI, the second part",NA,NA,William Shakespeare,contents,directions,ACT V,SCENE III. Fields near Saint Albans,NA,NA,"But still, where danger was, still there I met him,"
1501,"King Henry VI, the second part","King Henry VI, the second part",NA,NA,William Shakespeare,contents,directions,ACT V,SCENE III. Fields near Saint Albans,NA,NA,"And like rich hangings in a homely house,"
1501,"King Henry VI, the second part","King Henry VI, the second part",NA,NA,William Shakespeare,contents,directions,ACT V,SCENE III. Fields near Saint Albans,NA,NA,So was his will in his old feeble body.
1501,"King Henry VI, the second part","King Henry VI, the second part",NA,NA,William Shakespeare,contents,directions,ACT V,SCENE III. Fields near Saint Albans,NA,NA,"But, noble as he is, look where he comes."
1501,"King Henry VI, the second part","King Henry VI, the second part",NA,NA,William Shakespeare,contents,directions,ACT V,SCENE III. Fields near Saint Albans,NA,NA,Enter Salisbury.
1501,"King Henry VI, the second part","King Henry VI, the second part",NA,NA,William Shakespeare,contents,directions,ACT V,SCENE III. Fields near Saint Albans,NA,NA,"Now, by my sword, well hast thou fought today."
1501,"King Henry VI, the second part","King Henry VI, the second part",NA,NA,William Shakespeare,contents,directions,ACT V,SCENE III. Fields near Saint Albans,NA,NA,SALISBURY.
1501,"King Henry VI, the second part","King Henry VI, the second part",NA,NA,William Shakespeare,contents,directions,ACT V,SCENE III. Fields near Saint Albans,NA,NA,"By th’ mass, so did we all. I thank you, Richard."
1501,"King Henry VI, the second part","King Henry VI, the second part",NA,NA,William Shakespeare,contents,directions,ACT V,SCENE III. Fields near Saint Albans,NA,NA,"God knows how long it is I have to live,"
1501,"King Henry VI, the second part","King Henry VI, the second part",NA,NA,William Shakespeare,contents,directions,ACT V,SCENE III. Fields near Saint Albans,NA,NA,And it hath pleased him that three times today
1501,"King Henry VI, the second part","King Henry VI, the second part",NA,NA,William Shakespeare,contents,directions,ACT V,SCENE III. Fields near Saint Albans,NA,NA,You have defended me from imminent death.
1501,"King Henry VI, the second part","King Henry VI, the second part",NA,NA,William Shakespeare,contents,directions,ACT V,SCENE III. Fields near Saint Albans,NA,NA,"Well, lords, we have not got that which we have;"
1501,"King Henry VI, the second part","King Henry VI, the second part",NA,NA,William Shakespeare,contents,directions,ACT V,SCENE III. Fields near Saint Albans,NA,NA,"’Tis not enough our foes are this time fled,"
1501,"King Henry VI, the second part","King Henry VI, the second part",NA,NA,William Shakespeare,contents,directions,ACT V,SCENE III. Fields near Saint Albans,NA,NA,Being opposites of such repairing nature.
1501,"King Henry VI, the second part","King Henry VI, the second part",NA,NA,William Shakespeare,contents,directions,ACT V,SCENE III. Fields near Saint Albans,NA,NA,YORK.
1501,"King Henry VI, the second part","King Henry VI, the second part",NA,NA,William Shakespeare,contents,directions,ACT V,SCENE III. Fields near Saint Albans,NA,NA,I know our safety is to follow them;
1501,"King Henry VI, the second part","King Henry VI, the second part",NA,NA,William Shakespeare,contents,directions,ACT V,SCENE III. Fields near Saint Albans,NA,NA,"For, as I hear, the King is fled to London"
1501,"King Henry VI, the second part","King Henry VI, the second part",NA,NA,William Shakespeare,contents,directions,ACT V,SCENE III. Fields near Saint Albans,NA,NA,To call a present court of parliament.
1501,"King Henry VI, the second part","King Henry VI, the second part",NA,NA,William Shakespeare,contents,directions,ACT V,SCENE III. Fields near Saint Albans,NA,NA,Let us pursue him ere the writs go forth.
1501,"King Henry VI, the second part","King Henry VI, the second part",NA,NA,William Shakespeare,contents,directions,ACT V,SCENE III. Fields near Saint Albans,NA,NA,What says Lord Warwick? Shall we after them?
1501,"King Henry VI, the second part","King Henry VI, the second part",NA,NA,William Shakespeare,contents,directions,ACT V,SCENE III. Fields near Saint Albans,NA,NA,WARWICK.
1501,"King Henry VI, the second part","King Henry VI, the second part",NA,NA,William Shakespeare,contents,directions,ACT V,SCENE III. Fields near Saint Albans,NA,NA,"After them? Nay, before them, if we can."
1501,"King Henry VI, the second part","King Henry VI, the second part",NA,NA,William Shakespeare,contents,directions,ACT V,SCENE III. Fields near Saint Albans,NA,NA,"Now, by my hand, lords, ’twas a glorious day."
1501,"King Henry VI, the second part","King Henry VI, the second part",NA,NA,William Shakespeare,contents,directions,ACT V,SCENE III. Fields near Saint Albans,NA,NA,Saint Albans battle won by famous York
1501,"King Henry VI, the second part","King Henry VI, the second part",NA,NA,William Shakespeare,contents,directions,ACT V,SCENE III. Fields near Saint Albans,NA,NA,Shall be eternized in all age to come.
1501,"King Henry VI, the second part","King Henry VI, the second part",NA,NA,William Shakespeare,contents,directions,ACT V,SCENE III. Fields near Saint Albans,NA,NA,"Sound drums and trumpets, and to London all;"
1501,"King Henry VI, the second part","King Henry VI, the second part",NA,NA,William Shakespeare,contents,directions,ACT V,SCENE III. Fields near Saint Albans,NA,NA,And more such days as these to us befall!
1501,"King Henry VI, the second part","King Henry VI, the second part",NA,NA,William Shakespeare,contents,directions,ACT V,SCENE III. Fields near Saint Albans,NA,NA,[Exeunt.]
